family,role,roots,linear_passes,max_linear_error,max_static_gap_error,conjecture_finite_size_passes,zero_susceptibility_left,zero_susceptibility_right
L128,retested_size,48,48,0.0021390124816633715,0.12079213408470935,0,"[-0.16217968132795255, -0.16200176655696977, -0.1618463030611473]","[0.15964641390680204, 0.15946826548409407, 0.1593125937701638]"
L192,retested_size,48,48,0.001529223935108348,0.09797019609756319,0,"[-0.1667529950571782, -0.16665340042089138, -0.16656633360829798]","[0.16505616813901702, 0.16495646952811452, 0.16486931134902455]"
L256,retested_size,48,48,0.001194194961044559,0.08442723938495078,0,"[-0.1695720646669258, -0.1695063204769461, -0.1694488224300596]","[0.1682958636901501, 0.16823006271592136, 0.16817251494386057]"
L320,retested_size,48,48,0.0009814610327225637,0.07522672966032928,0,"[-0.17153217244643035, -0.17148461454430777, -0.17144300879356103]","[0.17050923499896767, 0.17046164204966638, 0.17042000564281787]"
L384,retested_size,48,48,0.0008340427430937325,0.06846247164276065,0,"[-0.17299660772196193, -0.17296013926240275, -0.17292822752911294]","[0.17214292967902034, 0.17210643776115783, 0.1720745055162551]"
L448,new_dynamical_size,48,48,0.0007256982245564814,0.06322379791706112,0,"[-0.1741444478846014, -0.17411532858393194, -0.17408984306957356]","[0.17341189544555635, 0.17338275951138427, 0.1733572594542233]"
L512,new_dynamical_size,48,48,0.0006426242671864202,0.059014082043404414,0,"[-0.1750755452828927, -0.17505159273352472, -0.1750306261570216]","[0.17443397190819115, 0.17441000704503082, 0.17438902970221198]"
control0,new_parameter_control,48,48,0.0016331397203757092,0.09654096946687929,0,"[-0.13046117269943164, -0.13030409160010603, -0.13016680330099475]","[0.12765726153559082, 0.12749955409056699, 0.1273617126747283]"
control1,new_parameter_control,48,48,0.00429279738912669,0.19133190760091878,0,"[-0.17848133894723955, -0.17802881535461285, -0.17763341800944252]","[0.1752644708536325, 0.17481145704690632, 0.1744156105542021]"
control2,new_parameter_control,48,48,0.0007115723048158884,0.05823682052169943,0,"[-0.10875397946006762, -0.10868479728214968, -0.10862429130404232]","[0.10602004375287279, 0.10595031826918547, 0.1058893342487619]"
control3,new_parameter_control,48,48,0.001847279095130716,0.10920148714306066,0,"[-0.14137613139827881, -0.1411960946566731, -0.1410387496669486]","[0.13806495889360476, 0.13788462167693938, 0.1377269999641924]"
