case_id,length,gamma,skin,physical_time,steps,dt,t1,t2,boundary,role,pair_projector_distance,pair_entropy_difference,memory_retained,controlled_initial_count
L16_gamma2p0_g0p0_T100,16,2.0,0.0,5.0,100,0.05,0.5,1.0,open,early,0.9995117419889216,0.024791688551569935,True,1
L16_gamma2p0_g0p0_T150,16,2.0,0.0,7.5,150,0.05,0.5,1.0,open,early,0.017701194204364345,0.002588474795088558,False,2
L16_gamma2p0_g0p0_T200,16,2.0,0.0,10.0,200,0.05,0.5,1.0,open,early,1.3663764653224583e-05,6.389727839062331e-07,False,2
L16_gamma2p0_g0p0_T250,16,2.0,0.0,12.5,250,0.05,0.5,1.0,open,time,1.2170703931135404e-08,1.2011684979995607e-09,False,2
L16_gamma2p0_g0p0_T300,16,2.0,0.0,15.0,300,0.05,0.5,1.0,open,time,1.181307932523793e-11,1.8425261316679098e-12,False,2
L16_gamma2p0_g0p0_T350,16,2.0,0.0,17.5,350,0.05,0.5,1.0,open,time,1.2133855719807208e-14,2.55351295663786e-15,False,2
L16_gamma2p0_g0p0_T400,16,2.0,0.0,20.0,400,0.05,0.5,1.0,open,time,2.660397910231018e-16,0.0,False,2
L16_gamma2p0_g0p0_T500,16,2.0,0.0,25.0,500,0.05,0.5,1.0,open,time,2.532431849472853e-16,0.0,False,2
L16_gamma2p0_g0p25_T100,16,2.0,0.25,5.0,100,0.05,0.5,1.0,open,early,0.9882964206583958,0.11224706855071029,True,1
L16_gamma2p0_g0p25_T150,16,2.0,0.25,7.5,150,0.05,0.5,1.0,open,early,0.00441142709793938,6.0914563583036596e-05,False,2
L16_gamma2p0_g0p25_T200,16,2.0,0.25,10.0,200,0.05,0.5,1.0,open,early,4.1370636974403645e-06,4.699735805246963e-07,False,2
L16_gamma2p0_g0p25_T250,16,2.0,0.25,12.5,250,0.05,0.5,1.0,open,time,4.395942337881287e-09,9.055910465960437e-10,False,2
L16_gamma2p0_g0p25_T300,16,2.0,0.25,15.0,300,0.05,0.5,1.0,open,time,5.0057927965273005e-12,1.4164502903923903e-12,False,2
L16_gamma2p0_g0p25_T350,16,2.0,0.25,17.5,350,0.05,0.5,1.0,open,time,5.93770176543723e-15,1.970645868709653e-15,False,2
L16_gamma2p0_g0p25_T400,16,2.0,0.25,20.0,400,0.05,0.5,1.0,open,time,3.0016213815662843e-16,0.0,False,2
L16_gamma2p0_g0p25_T500,16,2.0,0.25,25.0,500,0.05,0.5,1.0,open,time,1.9723976270254287e-16,0.0,False,2
L24_gamma2p0_g0p05_T200,24,2.0,0.05,10.0,200,0.05,0.5,1.0,open,weak_skin,0.7241183476488864,0.6919105881800821,True,1
L24_gamma2p0_g0p05_T300,24,2.0,0.05,15.0,300,0.05,0.5,1.0,open,weak_skin,8.685064311070976e-07,6.315706901904861e-09,False,2
L24_gamma2p0_g0p05_T400,24,2.0,0.05,20.0,400,0.05,0.5,1.0,open,weak_skin,9.572803331305438e-13,3.097522238704187e-14,False,2
L24_gamma2p0_g0p05_T500,24,2.0,0.05,25.0,500,0.05,0.5,1.0,open,weak_skin,3.099883333565172e-16,0.0,False,2
L24_gamma2p0_g0p0_T100,24,2.0,0.0,5.0,100,0.05,0.5,1.0,open,early,1.0000000000000004,0.028467128816691556,True,1
L24_gamma2p0_g0p0_T150,24,2.0,0.0,7.5,150,0.05,0.5,1.0,open,early,0.9999999282809657,0.2704283652959,True,1
L24_gamma2p0_g0p0_T200,24,2.0,0.0,10.0,200,0.05,0.5,1.0,open,early,0.8594336115778191,0.5745034530258235,True,1
L24_gamma2p0_g0p0_T250,24,2.0,0.0,12.5,250,0.05,0.5,1.0,open,time,0.0014031256560851997,2.570362974552154e-05,False,2
L24_gamma2p0_g0p0_T300,24,2.0,0.0,15.0,300,0.05,0.5,1.0,open,time,1.308840564682203e-06,6.7706632522757104e-09,False,2
L24_gamma2p0_g0p0_T350,24,2.0,0.0,17.5,350,0.05,0.5,1.0,open,time,1.308826209100658e-09,1.6445400596865056e-11,False,2
L24_gamma2p0_g0p0_T400,24,2.0,0.0,20.0,400,0.05,0.5,1.0,open,time,1.3724625345796231e-12,3.291811268013589e-14,False,2
L24_gamma2p0_g0p0_T500,24,2.0,0.0,25.0,500,0.05,0.5,1.0,open,time,3.766785020245251e-16,0.0,False,2
L24_gamma2p0_g0p1_T200,24,2.0,0.1,10.0,200,0.05,0.5,1.0,open,weak_skin,0.550490310623358,0.6132819251949555,True,1
L24_gamma2p0_g0p1_T300,24,2.0,0.1,15.0,300,0.05,0.5,1.0,open,weak_skin,5.822428903191319e-07,5.904354422048286e-09,False,2
L24_gamma2p0_g0p1_T400,24,2.0,0.1,20.0,400,0.05,0.5,1.0,open,weak_skin,6.777268189938993e-13,2.9226621123257246e-14,False,2
L24_gamma2p0_g0p1_T500,24,2.0,0.1,25.0,500,0.05,0.5,1.0,open,weak_skin,3.195946886567421e-16,0.0,False,2
L24_gamma2p0_g0p25_T100,24,2.0,0.25,5.0,100,0.05,0.5,1.0,open,early,0.999999999999731,0.18282127774841156,True,1
L24_gamma2p0_g0p25_T150,24,2.0,0.25,7.5,150,0.05,0.5,1.0,open,early,0.9999893470515163,0.4398537900716446,True,1
L24_gamma2p0_g0p25_T200,24,2.0,0.25,10.0,200,0.05,0.5,1.0,open,early,0.16729018953466263,0.12739250787520873,True,1
L24_gamma2p0_g0p25_T250,24,2.0,0.25,12.5,250,0.05,0.5,1.0,open,time,0.00017043987251546977,9.181028321203488e-07,False,2
L24_gamma2p0_g0p25_T300,24,2.0,0.25,15.0,300,0.05,0.5,1.0,open,time,1.8814352111276635e-07,4.874035647306485e-09,False,2
L24_gamma2p0_g0p25_T350,24,2.0,0.25,17.5,350,0.05,0.5,1.0,open,time,2.197188721534204e-10,1.209429778548099e-11,False,2
L24_gamma2p0_g0p25_T400,24,2.0,0.25,20.0,400,0.05,0.5,1.0,open,time,2.663310982040236e-13,2.4674706722294104e-14,False,2
L24_gamma2p0_g0p25_T500,24,2.0,0.25,25.0,500,0.05,0.5,1.0,open,time,2.777484519309712e-16,0.0,False,2
L32_gamma2p0_g0p05_T200,32,2.0,0.05,10.0,200,0.05,0.5,1.0,open,weak_skin,0.9999999999642747,0.2497683706722109,True,1
L32_gamma2p0_g0p05_T300,32,2.0,0.05,15.0,300,0.05,0.5,1.0,open,weak_skin,0.07884816529445923,0.03777838498267033,False,1
L32_gamma2p0_g0p05_T400,32,2.0,0.05,20.0,400,0.05,0.5,1.0,open,weak_skin,8.263281809567255e-08,7.400433044146837e-11,False,2
L32_gamma2p0_g0p05_T500,32,2.0,0.05,25.0,500,0.05,0.5,1.0,open,weak_skin,1.0141505287135861e-13,4.996003610813204e-16,False,2
L32_gamma2p0_g0p0_T100,32,2.0,0.0,5.0,100,0.05,0.5,1.0,open,early,1.0000000000000007,0.02846936556070695,True,1
L32_gamma2p0_g0p0_T150,32,2.0,0.0,7.5,150,0.05,0.5,1.0,open,early,1.0000000000000004,0.2969168362603294,True,1
L32_gamma2p0_g0p0_T200,32,2.0,0.0,10.0,200,0.05,0.5,1.0,open,early,0.9999999999910115,0.4578516907291223,True,1
L32_gamma2p0_g0p0_T250,32,2.0,0.0,12.5,250,0.05,0.5,1.0,open,time,0.999982033310902,0.06297199814642285,True,1
L32_gamma2p0_g0p0_T300,32,2.0,0.0,15.0,300,0.05,0.5,1.0,open,time,0.14613576501512313,0.10326441102198725,True,1
L32_gamma2p0_g0p0_T350,32,2.0,0.0,17.5,350,0.05,0.5,1.0,open,time,0.00014295172378446256,3.5916517110434754e-07,False,2
L32_gamma2p0_g0p0_T400,32,2.0,0.0,20.0,400,0.05,0.5,1.0,open,time,1.4650313062706245e-07,7.956524328278647e-11,False,2
L32_gamma2p0_g0p0_T500,32,2.0,0.0,25.0,500,0.05,0.5,1.0,open,time,1.719632459314152e-13,5.551115123125783e-16,False,2
L32_gamma2p0_g0p1_T200,32,2.0,0.1,10.0,200,0.05,0.5,1.0,open,weak_skin,0.9999999998592729,0.12049432332692425,True,1
L32_gamma2p0_g0p1_T300,32,2.0,0.1,15.0,300,0.05,0.5,1.0,open,weak_skin,0.042692822206139486,0.013313158865560004,False,2
L32_gamma2p0_g0p1_T400,32,2.0,0.1,20.0,400,0.05,0.5,1.0,open,weak_skin,4.724715203307317e-08,6.896189175265022e-11,False,2
L32_gamma2p0_g0p1_T500,32,2.0,0.1,25.0,500,0.05,0.5,1.0,open,weak_skin,6.089524877005523e-14,4.440892098500626e-16,False,2
L32_gamma2p0_g0p25_T100,32,2.0,0.25,5.0,100,0.05,0.5,1.0,open,early,1.0000000000000009,0.18291613548029365,True,1
L32_gamma2p0_g0p25_T150,32,2.0,0.25,7.5,150,0.05,0.5,1.0,open,early,0.9999999999999994,0.38223774828325074,True,1
L32_gamma2p0_g0p25_T200,32,2.0,0.25,10.0,200,0.05,0.5,1.0,open,early,0.9999999919045905,0.050337953850849965,True,1
L32_gamma2p0_g0p25_T250,32,2.0,0.25,12.5,250,0.05,0.5,1.0,open,time,0.9893139529359118,0.10340545611807717,True,1
L32_gamma2p0_g0p25_T300,32,2.0,0.25,15.0,300,0.05,0.5,1.0,open,time,0.007164906721368188,0.0005552263089678433,False,2
L32_gamma2p0_g0p25_T350,32,2.0,0.25,17.5,350,0.05,0.5,1.0,open,time,8.146123990172914e-06,1.395540547011187e-08,False,2
L32_gamma2p0_g0p25_T400,32,2.0,0.25,20.0,400,0.05,0.5,1.0,open,time,9.696268467837253e-09,5.659242519051588e-11,False,2
L32_gamma2p0_g0p25_T500,32,2.0,0.25,25.0,500,0.05,0.5,1.0,open,time,1.500460825727169e-14,3.885780586188048e-16,False,2
L40_gamma2p0_g0p05_T200,40,2.0,0.05,10.0,200,0.05,0.5,1.0,open,weak_skin,1.0,0.24005851497927091,True,1
L40_gamma2p0_g0p05_T300,40,2.0,0.05,15.0,300,0.05,0.5,1.0,open,weak_skin,0.9999999908326015,0.21333460412952657,True,1
L40_gamma2p0_g0p05_T400,40,2.0,0.05,20.0,400,0.05,0.5,1.0,open,weak_skin,0.007209496786138253,0.0005646598548478543,False,2
L40_gamma2p0_g0p05_T500,40,2.0,0.05,25.0,500,0.05,0.5,1.0,open,weak_skin,8.557747840507149e-09,9.20652443170411e-13,False,2
L40_gamma2p0_g0p0_T100,40,2.0,0.0,5.0,100,0.05,0.5,1.0,open,size,1.0000000000000009,0.028469365597562246,True,1
L40_gamma2p0_g0p0_T150,40,2.0,0.0,7.5,150,0.05,0.5,1.0,open,size,1.0000000000000007,0.2969414796180104,True,1
L40_gamma2p0_g0p0_T200,40,2.0,0.0,10.0,200,0.05,0.5,1.0,open,size,1.0000000000000002,0.44660922368438505,True,1
L40_gamma2p0_g0p0_T250,40,2.0,0.0,12.5,250,0.05,0.5,1.0,open,size,0.9999999999999988,0.03404214076574952,True,1
L40_gamma2p0_g0p0_T300,40,2.0,0.0,15.0,300,0.05,0.5,1.0,open,size,0.9999999982913991,0.07007972491053088,True,1
L40_gamma2p0_g0p0_T350,40,2.0,0.0,17.5,350,0.05,0.5,1.0,open,size,0.9980180392025129,0.026187751040831375,True,1
L40_gamma2p0_g0p0_T400,40,2.0,0.0,20.0,400,0.05,0.5,1.0,open,size,0.0158118541184091,0.002323544832140312,False,2
L40_gamma2p0_g0p0_T500,40,2.0,0.0,25.0,500,0.05,0.5,1.0,open,size,1.7925437879531643e-08,9.899303599070208e-13,False,2
L40_gamma2p0_g0p1_T200,40,2.0,0.1,10.0,200,0.05,0.5,1.0,open,weak_skin,0.9999999999999999,0.11493013327726626,True,1
L40_gamma2p0_g0p1_T300,40,2.0,0.1,15.0,300,0.05,0.5,1.0,open,weak_skin,0.9999999515692215,0.5050699134113347,True,1
L40_gamma2p0_g0p1_T400,40,2.0,0.1,20.0,400,0.05,0.5,1.0,open,weak_skin,0.0033278675484890202,0.00013739910738264083,False,2
L40_gamma2p0_g0p1_T500,40,2.0,0.1,25.0,500,0.05,0.5,1.0,open,weak_skin,4.155754271626502e-09,8.561484854396895e-13,False,2
L40_gamma2p0_g0p25_T100,40,2.0,0.25,5.0,100,0.05,0.5,1.0,open,size,1.000000000000001,0.18291613962213726,True,1
L40_gamma2p0_g0p25_T150,40,2.0,0.25,7.5,150,0.05,0.5,1.0,open,size,1.0000000000000009,0.38210899313062296,True,1
L40_gamma2p0_g0p25_T200,40,2.0,0.25,10.0,200,0.05,0.5,1.0,open,size,1.0000000000000004,0.07592497412164284,True,1
L40_gamma2p0_g0p25_T250,40,2.0,0.25,12.5,250,0.05,0.5,1.0,open,size,0.9999999999944932,0.6870911683808262,True,1
L40_gamma2p0_g0p25_T300,40,2.0,0.25,15.0,300,0.05,0.5,1.0,open,size,0.9999935756734204,0.19705730479707648,True,1
L40_gamma2p0_g0p25_T350,40,2.0,0.25,17.5,350,0.05,0.5,1.0,open,size,0.2925602945892595,0.29221382491596615,True,1
L40_gamma2p0_g0p25_T400,40,2.0,0.25,20.0,400,0.05,0.5,1.0,open,size,0.0003561814042946446,2.1044736132347364e-06,False,2
L40_gamma2p0_g0p25_T500,40,2.0,0.25,25.0,500,0.05,0.5,1.0,open,size,5.351278671826152e-10,6.998845947236987e-13,False,2
L48_gamma2p0_g0p05_T200,48,2.0,0.05,10.0,200,0.05,0.5,1.0,open,weak_skin,1.0000000000000016,0.2400444733714762,True,1
L48_gamma2p0_g0p05_T300,48,2.0,0.05,15.0,300,0.05,0.5,1.0,open,weak_skin,1.0,0.5666923770580388,True,1
L48_gamma2p0_g0p05_T400,48,2.0,0.05,20.0,400,0.05,0.5,1.0,open,weak_skin,0.9999987681872902,0.16561858946252414,True,1
L48_gamma2p0_g0p05_T500,48,2.0,0.05,25.0,500,0.05,0.5,1.0,open,weak_skin,0.0007275660112498186,8.178690626664542e-06,False,2
L48_gamma2p0_g0p0_T100,48,2.0,0.0,5.0,100,0.05,0.5,1.0,open,size,1.000000000000001,0.0284693655975623,True,1
L48_gamma2p0_g0p0_T150,48,2.0,0.0,7.5,150,0.05,0.5,1.0,open,size,1.0000000000000004,0.2969414813171029,True,1
L48_gamma2p0_g0p0_T200,48,2.0,0.0,10.0,200,0.05,0.5,1.0,open,size,1.0000000000000016,0.44659506795029147,True,1
L48_gamma2p0_g0p0_T250,48,2.0,0.0,12.5,250,0.05,0.5,1.0,open,size,1.0000000000000002,0.034814663019178904,True,1
L48_gamma2p0_g0p0_T300,48,2.0,0.0,15.0,300,0.05,0.5,1.0,open,size,1.0000000000000002,0.23740133963731275,True,1
L48_gamma2p0_g0p0_T350,48,2.0,0.0,17.5,350,0.05,0.5,1.0,open,size,0.9999999999998456,0.6646271230333995,True,1
L48_gamma2p0_g0p0_T400,48,2.0,0.0,20.0,400,0.05,0.5,1.0,open,size,0.999999832886412,0.49288155174781995,True,1
L48_gamma2p0_g0p0_T500,48,2.0,0.0,25.0,500,0.05,0.5,1.0,open,size,0.0018830661413149388,4.80456977341448e-05,False,2
L48_gamma2p0_g0p1_T200,48,2.0,0.1,10.0,200,0.05,0.5,1.0,open,weak_skin,1.0000000000000002,0.11492341273436701,True,1
L48_gamma2p0_g0p1_T300,48,2.0,0.1,15.0,300,0.05,0.5,1.0,open,weak_skin,1.0,0.6601253623657215,True,1
L48_gamma2p0_g0p1_T400,48,2.0,0.1,20.0,400,0.05,0.5,1.0,open,weak_skin,0.9999911200441818,0.042024504242996724,True,1
L48_gamma2p0_g0p1_T500,48,2.0,0.1,25.0,500,0.05,0.5,1.0,open,weak_skin,0.00028558110829941666,1.4121214939044613e-06,False,2
L48_gamma2p0_g0p25_T100,48,2.0,0.25,5.0,100,0.05,0.5,1.0,open,size,1.0000000000000013,0.18291613962215758,True,1
L48_gamma2p0_g0p25_T150,48,2.0,0.25,7.5,150,0.05,0.5,1.0,open,size,1.000000000000001,0.3821089702574645,True,1
L48_gamma2p0_g0p25_T200,48,2.0,0.25,10.0,200,0.05,0.5,1.0,open,size,1.0,0.07620813078018981,True,1
L48_gamma2p0_g0p25_T250,48,2.0,0.25,12.5,250,0.05,0.5,1.0,open,size,1.0000000000000004,0.658433112542204,True,1
L48_gamma2p0_g0p25_T300,48,2.0,0.25,15.0,300,0.05,0.5,1.0,open,size,0.9999999999999972,0.045135802505166855,True,1
L48_gamma2p0_g0p25_T350,48,2.0,0.25,17.5,350,0.05,0.5,1.0,open,size,0.9999999963532467,0.08108642207183031,True,1
L48_gamma2p0_g0p25_T400,48,2.0,0.25,20.0,400,0.05,0.5,1.0,open,size,0.997153990119642,0.035527647913527555,True,1
L48_gamma2p0_g0p25_T500,48,2.0,0.25,25.0,500,0.05,0.5,1.0,open,size,1.924602184927396e-05,7.94236060253084e-09,False,2
