length,skin,initial,model,projector_time_forecast,joint_budget_time_forecast
16,0.0,charge_density_wave,global_gap_envelope,1.3641840206656806,2.9021079710109428
16,0.0,charge_density_wave,mode_weighted_envelope,1.3962428897877206,2.9200981118059106
16,0.0,charge_density_wave,early_log_graph_forecast,0.5146664329095593,2.0661895924853466
16,0.0,left,global_gap_envelope,8.466800063065957,10.003365899058354
16,0.0,left,mode_weighted_envelope,7.266073527293777,8.706187369642993
16,0.0,left,early_log_graph_forecast,7.205098094285457,8.597076857397573
16,0.25,charge_density_wave,global_gap_envelope,2.342204730508613,3.8757874797333205
16,0.25,charge_density_wave,mode_weighted_envelope,2.347862724855768,3.879312247107957
16,0.25,charge_density_wave,early_log_graph_forecast,0.5800544404694246,2.1413906145178294
16,0.25,left,global_gap_envelope,8.93581062986875,10.472705026307
16,0.25,left,mode_weighted_envelope,7.724361985525821,9.173444511398207
16,0.25,left,early_log_graph_forecast,6.558568693602769,8.084925469950637
24,0.0,charge_density_wave,global_gap_envelope,1.382789433699336,3.109325393870743
24,0.0,charge_density_wave,mode_weighted_envelope,1.4365188749804456,3.1440366846823538
24,0.0,charge_density_wave,early_log_graph_forecast,0.5162671903494092,2.2509933748357605
24,0.0,left,global_gap_envelope,13.242787160696622,14.967821780482577
24,0.0,left,mode_weighted_envelope,11.369184387584959,13.008707572085596
24,0.0,left,early_log_graph_forecast,11.098128024529926,12.563540742941692
24,0.05,charge_density_wave,global_gap_envelope,1.6563182470240976,3.3812677557420683
24,0.05,charge_density_wave,mode_weighted_envelope,1.6914140088582292,3.404691068100781
24,0.05,charge_density_wave,early_log_graph_forecast,0.5287186662066731,2.266026043752155
24,0.05,left,global_gap_envelope,13.37805234539844,15.1028402650573
24,0.05,left,mode_weighted_envelope,11.504355781478752,13.14513729846989
24,0.05,left,early_log_graph_forecast,10.921710399919629,12.365432639287661
24,0.1,charge_density_wave,global_gap_envelope,1.9953852207070892,3.718794103565731
24,0.1,charge_density_wave,mode_weighted_envelope,2.0160214137743973,3.7330830940238044
24,0.1,charge_density_wave,early_log_graph_forecast,0.5412072517322591,2.2811035151774175
24,0.1,left,global_gap_envelope,13.547281811907848,15.272258807814458
24,0.1,left,mode_weighted_envelope,11.671202315962182,13.313963903145146
24,0.1,left,early_log_graph_forecast,10.750439133404901,12.17310363647613
24,0.25,charge_density_wave,global_gap_envelope,3.1039164286358307,4.824783145490137
24,0.25,charge_density_wave,mode_weighted_envelope,3.107391524485085,4.827398564925648
24,0.25,charge_density_wave,early_log_graph_forecast,0.578897332761883,2.32660675640341
24,0.25,left,global_gap_envelope,14.085268094267,15.810620378661104
24,0.25,left,mode_weighted_envelope,12.199849188394628,13.848918399268927
24,0.25,left,early_log_graph_forecast,10.265345987331052,11.62836847480206
32,0.0,charge_density_wave,global_gap_envelope,1.3897157656461845,3.244998268739315
32,0.0,charge_density_wave,mode_weighted_envelope,1.4617786276075266,3.294705397028814
32,0.0,charge_density_wave,early_log_graph_forecast,0.5178912539165459,2.3874227819956153
32,0.0,left,global_gap_envelope,18.03130090400715,19.885027979155726
32,0.0,left,mode_weighted_envelope,15.532136408783023,17.3116639050653
32,0.0,left,early_log_graph_forecast,14.60896538388375,16.099879456024446
32,0.05,charge_density_wave,global_gap_envelope,1.802660174754444,3.6556775591968633
32,0.05,charge_density_wave,mode_weighted_envelope,1.842135405642635,3.684139694627699
32,0.05,charge_density_wave,early_log_graph_forecast,0.5297747709607501,2.4025233348365065
32,0.05,left,global_gap_envelope,18.2399828637532,20.09346833924335
32,0.05,left,mode_weighted_envelope,15.74074666253251,17.521483805337965
32,0.05,left,early_log_graph_forecast,14.176113426841995,15.603573873650175
32,0.1,charge_density_wave,global_gap_envelope,2.29205418066517,4.143221668763615
32,0.1,charge_density_wave,mode_weighted_envelope,2.3109920921507,4.157521424920692
32,0.1,charge_density_wave,early_log_graph_forecast,0.541699256126758,2.417675946448029
32,0.1,left,global_gap_envelope,18.4842226484013,20.33790242395807
32,0.1,left,mode_weighted_envelope,15.983049543964711,17.765672320072515
32,0.1,left,early_log_graph_forecast,13.778601918461614,15.147789447918361
32,0.25,charge_density_wave,global_gap_envelope,3.865044885455418,5.714104665251424
32,0.25,charge_density_wave,mode_weighted_envelope,3.866738852451157,5.715503786467398
32,0.25,charge_density_wave,early_log_graph_forecast,0.5777206499163313,2.463448839969254
32,0.25,left,global_gap_envelope,19.250276775643673,21.10432197312474
32,0.25,left,mode_weighted_envelope,16.74337431522991,18.53222568668878
32,0.25,left,early_log_graph_forecast,12.759551429988928,13.979351976578746
40,0.0,charge_density_wave,global_gap_envelope,1.39301501904523,3.3461658210756235
40,0.0,charge_density_wave,mode_weighted_envelope,1.480827031483039,3.409077330450326
40,0.0,charge_density_wave,early_log_graph_forecast,0.5195391363295591,2.497855558389861
40,0.0,left,global_gap_envelope,22.834321205328862,24.785890288112917
40,0.0,left,mode_weighted_envelope,19.730807837492716,21.617245999773953
40,0.0,left,early_log_graph_forecast,17.791258549085203,19.284159720206933
40,0.05,charge_density_wave,global_gap_envelope,1.947966771841716,3.8982316964149475
40,0.05,charge_density_wave,mode_weighted_envelope,1.9882514452867752,3.928712225284354
40,0.05,charge_density_wave,early_log_graph_forecast,0.5308468667624466,2.5130350780196418
40,0.05,left,global_gap_envelope,23.117301392623062,25.06863853549428
40,0.05,left,mode_weighted_envelope,20.01406999646186,21.901633488540238
40,0.05,left,early_log_graph_forecast,16.97146490902727,18.365232499612354
40,0.1,charge_density_wave,global_gap_envelope,2.5897469462205485,4.538040238006553
40,0.1,charge_density_wave,mode_weighted_envelope,2.605430191085493,4.550552020091809
40,0.1,charge_density_wave,early_log_graph_forecast,0.5421989450061592,2.5282741302381195
40,0.1,left,global_gap_envelope,23.43664360823505,25.388178899776896
40,0.1,left,mode_weighted_envelope,20.332349200268656,22.221709675520195
40,0.1,left,early_log_graph_forecast,16.25376587306649,17.560745677426524
40,0.25,charge_density_wave,global_gap_envelope,4.625353425106692,6.572062621630944
40,0.25,charge_density_wave,mode_weighted_envelope,4.62610276171176,6.572716591750313
40,0.25,charge_density_wave,early_log_graph_forecast,0.5765238909574765,2.5743520053653692
40,0.25,left,global_gap_envelope,24.43036560762439,26.38225420727195
40,0.25,left,mode_weighted_envelope,21.324938300865526,23.220284679206763
40,0.25,left,early_log_graph_forecast,14.55253754039919,15.653796236803174
48,0.0,charge_density_wave,global_gap_envelope,1.3948368525462727,3.426986803171647
48,0.0,charge_density_wave,mode_weighted_envelope,1.4964539486279465,3.5016267648184294
48,0.0,charge_density_wave,early_log_graph_forecast,0.5212113654574905,2.5921620178475715
48,0.0,left,global_gap_envelope,27.649882386223315,29.680435786645802
48,0.0,left,mode_weighted_envelope,23.95278625793085,25.925359180057825
48,0.0,left,early_log_graph_forecast,20.68906387632889,22.1710666826343
48,0.05,charge_density_wave,global_gap_envelope,2.093579907698211,4.122287558280367
48,0.05,charge_density_wave,mode_weighted_envelope,2.1325329530309616,4.152787423180388
48,0.05,charge_density_wave,early_log_graph_forecast,0.5319353195759146,2.6074359773130413
48,0.05,left,global_gap_envelope,28.007527524744507,30.0378585485935
48,0.05,left,mode_weighted_envelope,24.311204676308098,26.284818716337462
48,0.05,left,early_log_graph_forecast,19.398493589597418,20.751406871771
48,0.1,charge_density_wave,global_gap_envelope,2.888840784447275,4.9155955420572575
48,0.1,charge_density_wave,mode_weighted_envelope,2.901107202302211,4.925770878773553
48,0.1,charge_density_wave,early_log_graph_forecast,0.5427064998203395,2.622777200207248
48,0.1,left,global_gap_envelope,28.402054997054588,30.432587162350355
48,0.1,left,mode_weighted_envelope,24.705750073681795,26.681093286989192
48,0.1,left,early_log_graph_forecast,18.31473839474525,19.559248869402587
48,0.25,charge_density_wave,global_gap_envelope,5.384765824067353,7.410387148927274
48,0.25,charge_density_wave,mode_weighted_envelope,5.38508098522349,7.410672451071117
48,0.25,charge_density_wave,early_log_graph_forecast,0.5753065376680401,2.6692089222331608
48,0.25,left,global_gap_envelope,29.623252640293206,31.654126491536147
48,0.25,left,mode_weighted_envelope,25.930452853264917,27.91147181991327
48,0.25,left,early_log_graph_forecast,15.90356996489527,16.906902885403657
