case_id,length,gamma,skin,physical_time,steps,dt,t1,t2,boundary,role,cohort,reused_prior,reference_dps,seconds,M,W,Q,S,scalar_relative
L16_gamma2p0_g0p0_T100,16,2.0,0.0,5.0,100,0.05,0.5,1.0,open,early,product,True,80,1.0683411000063643,0.0,2.770132091160196e-49,1.0916764782694775e-58,0.0,0.0
L16_gamma2p0_g0p0_T150,16,2.0,0.0,7.5,150,0.05,0.5,1.0,open,early,product,True,80,1.1006377000012435,0.0,8.108386133898186e-49,3.2757501537388665e-58,0.0,0.0
L16_gamma2p0_g0p0_T200,16,2.0,0.0,10.0,200,0.05,0.5,1.0,open,early,product,True,80,1.0876846000028308,0.0,3.134382284884487e-48,5.240693558820678e-58,0.0,0.0
L16_gamma2p0_g0p0_T250,16,2.0,0.0,12.5,250,0.05,0.5,1.0,open,time,product,False,120,0.7012273000000278,0.0,0.0,0.0,2.85825338275316e-73,3.7944916741927635e-64
L16_gamma2p0_g0p0_T300,16,2.0,0.0,15.0,300,0.05,0.5,1.0,open,time,product,True,80,1.0628627999976743,0.0,8.783466467524748e-47,1.217089073185849e-56,0.0,0.0
L16_gamma2p0_g0p0_T350,16,2.0,0.0,17.5,350,0.05,0.5,1.0,open,time,product,False,120,0.7100525999994716,0.0,0.0,0.0,2.1031359998479962e-72,1.6292358694485181e-56
L16_gamma2p0_g0p0_T400,16,2.0,0.0,20.0,400,0.05,0.5,1.0,open,time,product,False,120,0.7025348000024678,0.0,0.0,0.0,8.530204372108676e-72,2.7723532864983133e-53
L16_gamma2p0_g0p0_T500,16,2.0,0.0,25.0,500,0.05,0.5,1.0,open,time,product,False,120,0.7076227000070503,0.0,0.0,0.0,6.56423415696168e-70,9.587974271978381e-47
L16_gamma2p0_g0p25_T100,16,2.0,0.25,5.0,100,0.05,0.5,1.0,open,early,product,True,80,1.0736238999961643,0.0,4.579211614018242e-49,1.0084786158417758e-58,0.0,0.0
L16_gamma2p0_g0p25_T150,16,2.0,0.25,7.5,150,0.05,0.5,1.0,open,early,product,True,80,1.1273149000044214,0.0,1.8158312053008107e-48,2.2532111826473833e-58,0.0,0.0
L16_gamma2p0_g0p25_T200,16,2.0,0.25,10.0,200,0.05,0.5,1.0,open,early,product,True,80,1.0871146999998018,0.0,1.9629489676589573e-48,2.293894965404529e-58,0.0,0.0
L16_gamma2p0_g0p25_T250,16,2.0,0.25,12.5,250,0.05,0.5,1.0,open,time,product,False,120,0.6862592999968911,0.0,0.0,0.0,2.6895641945971612e-74,6.939028191469739e-65
L16_gamma2p0_g0p25_T300,16,2.0,0.25,15.0,300,0.05,0.5,1.0,open,time,product,True,80,1.0764514999900712,0.0,2.1850222009855183e-46,3.4064877989322845e-57,0.0,0.0
L16_gamma2p0_g0p25_T350,16,2.0,0.25,17.5,350,0.05,0.5,1.0,open,time,product,False,120,0.6910164000000805,0.0,0.0,0.0,4.2823050217966587e-72,5.657362178501529e-57
L16_gamma2p0_g0p25_T400,16,2.0,0.25,20.0,400,0.05,0.5,1.0,open,time,product,False,120,0.692329500001506,0.0,0.0,0.0,2.280330993257464e-72,9.796041187231899e-54
L16_gamma2p0_g0p25_T500,16,2.0,0.25,25.0,500,0.05,0.5,1.0,open,time,product,False,120,0.7011024000094039,0.0,0.0,0.0,1.1257538903375114e-70,3.0695582824054447e-46
L24_gamma2p0_g0p05_T200,24,2.0,0.05,10.0,200,0.05,0.5,1.0,open,weak_skin,product,False,120,1.9948130000120727,0.0,0.0,0.0,1.0524269174380089e-69,3.1012891336897843e-67
L24_gamma2p0_g0p05_T300,24,2.0,0.05,15.0,300,0.05,0.5,1.0,open,weak_skin,product,False,120,1.9966009000054328,0.0,0.0,0.0,9.17215092599018e-70,9.411634465098938e-60
L24_gamma2p0_g0p05_T400,24,2.0,0.05,20.0,400,0.05,0.5,1.0,open,weak_skin,product,False,120,1.9926864999870304,0.0,0.0,0.0,1.558581331156583e-67,1.0766096930537003e-52
L24_gamma2p0_g0p05_T500,24,2.0,0.05,25.0,500,0.05,0.5,1.0,open,weak_skin,product,False,120,1.9932042000000365,0.0,0.0,0.0,8.041833246998334e-66,1.7331223173265666e-45
L24_gamma2p0_g0p0_T100,24,2.0,0.0,5.0,100,0.05,0.5,1.0,open,early,product,False,120,2.079398300003959,0.0,0.0,0.0,9.875670072842088e-78,9.299642547393318e-67
L24_gamma2p0_g0p0_T150,24,2.0,0.0,7.5,150,0.05,0.5,1.0,open,early,product,False,120,2.05331920000026,0.0,0.0,0.0,5.86427715838603e-72,3.8179671585260094e-67
L24_gamma2p0_g0p0_T200,24,2.0,0.0,10.0,200,0.05,0.5,1.0,open,early,product,False,120,2.0279505999933463,0.0,0.0,0.0,7.859969528522384e-69,1.7548999534647911e-66
L24_gamma2p0_g0p0_T250,24,2.0,0.0,12.5,250,0.05,0.5,1.0,open,time,product,False,120,1.9735593000077643,0.0,0.0,0.0,1.2737471055062618e-68,6.475338739648824e-64
L24_gamma2p0_g0p0_T300,24,2.0,0.0,15.0,300,0.05,0.5,1.0,open,time,product,False,120,1.9660366000025533,0.0,0.0,0.0,5.055137002615896e-69,2.81073368126031e-60
L24_gamma2p0_g0p0_T350,24,2.0,0.0,17.5,350,0.05,0.5,1.0,open,time,product,False,120,1.983224399999017,0.0,0.0,0.0,8.28967753747803e-69,6.390013381793382e-56
L24_gamma2p0_g0p0_T400,24,2.0,0.0,20.0,400,0.05,0.5,1.0,open,time,product,False,120,1.962872399992193,0.0,0.0,0.0,6.461073066481551e-69,4.049584908470078e-53
L24_gamma2p0_g0p0_T500,24,2.0,0.0,25.0,500,0.05,0.5,1.0,open,time,product,False,120,1.9473987000092166,0.0,0.0,0.0,2.2431395064706088e-66,1.0396904403597181e-45
L24_gamma2p0_g0p1_T200,24,2.0,0.1,10.0,200,0.05,0.5,1.0,open,weak_skin,product,False,120,1.9972610999975586,0.0,0.0,0.0,1.0083443806639227e-68,6.149391014901851e-67
L24_gamma2p0_g0p1_T300,24,2.0,0.1,15.0,300,0.05,0.5,1.0,open,weak_skin,product,False,120,1.9853087999945274,0.0,0.0,0.0,1.478907607246499e-69,1.1112723003178042e-60
L24_gamma2p0_g0p1_T400,24,2.0,0.1,20.0,400,0.05,0.5,1.0,open,weak_skin,product,False,120,1.985923999993247,0.0,0.0,0.0,4.1567010391012625e-67,1.7508303674612348e-54
L24_gamma2p0_g0p1_T500,24,2.0,0.1,25.0,500,0.05,0.5,1.0,open,weak_skin,product,False,120,1.9980416999896988,0.0,0.0,0.0,3.391401968753753e-66,6.803517399675596e-46
L24_gamma2p0_g0p25_T100,24,2.0,0.25,5.0,100,0.05,0.5,1.0,open,early,product,False,120,2.0591105000057723,0.0,0.0,0.0,8.773568972535084e-77,3.0787459637994026e-68
L24_gamma2p0_g0p25_T150,24,2.0,0.25,7.5,150,0.05,0.5,1.0,open,early,product,False,120,2.014929299999494,0.0,0.0,0.0,8.03193218702923e-72,7.319601536656413e-69
L24_gamma2p0_g0p25_T200,24,2.0,0.25,10.0,200,0.05,0.5,1.0,open,early,product,False,120,1.928216300002532,0.0,0.0,0.0,3.0791322448017433e-69,3.5221210951723487e-67
L24_gamma2p0_g0p25_T250,24,2.0,0.25,12.5,250,0.05,0.5,1.0,open,time,product,False,120,1.9750315999990562,0.0,0.0,0.0,1.1906384634165556e-70,2.42647495921804e-63
L24_gamma2p0_g0p25_T300,24,2.0,0.25,15.0,300,0.05,0.5,1.0,open,time,product,False,120,1.985711799992714,0.0,0.0,0.0,1.0250795755347295e-68,3.049110357871802e-60
L24_gamma2p0_g0p25_T350,24,2.0,0.25,17.5,350,0.05,0.5,1.0,open,time,product,False,120,1.971220399995218,0.0,0.0,0.0,5.758536445900033e-69,4.69417829903783e-57
L24_gamma2p0_g0p25_T400,24,2.0,0.25,20.0,400,0.05,0.5,1.0,open,time,product,False,120,1.9513398999988567,0.0,0.0,0.0,2.6975234611177044e-67,2.4300208192789163e-53
L24_gamma2p0_g0p25_T500,24,2.0,0.25,25.0,500,0.05,0.5,1.0,open,time,product,False,120,1.9457336000050418,0.0,0.0,0.0,1.8165731013881417e-66,2.2089423106462847e-46
L32_gamma2p0_g0p05_T200,32,2.0,0.05,10.0,200,0.05,0.5,1.0,open,weak_skin,product,False,120,4.4110190999927,0.0,0.0,0.0,1.0360647669409851e-67,2.707604593078181e-62
L32_gamma2p0_g0p05_T300,32,2.0,0.05,15.0,300,0.05,0.5,1.0,open,weak_skin,product,False,120,4.373439000002691,0.0,0.0,0.0,4.236746881261107e-62,1.3296949153060144e-59
L32_gamma2p0_g0p05_T400,32,2.0,0.05,20.0,400,0.05,0.5,1.0,open,weak_skin,product,False,120,4.382576599993627,0.0,0.0,0.0,2.5470511635352237e-64,1.028590066019815e-52
L32_gamma2p0_g0p05_T500,32,2.0,0.05,25.0,500,0.05,0.5,1.0,open,weak_skin,product,False,120,4.374486000000616,0.0,0.0,0.0,8.227732943962218e-62,3.1134778423779265e-45
L32_gamma2p0_g0p0_T100,32,2.0,0.0,5.0,100,0.05,0.5,1.0,open,early,product,True,80,7.473365300000296,0.0,6.299009484163391e-49,8.914725571996802e-59,0.0,0.0
L32_gamma2p0_g0p0_T150,32,2.0,0.0,7.5,150,0.05,0.5,1.0,open,early,product,True,80,7.539260799996555,0.0,3.3120561472903667e-48,2.363071197733445e-58,0.0,0.0
L32_gamma2p0_g0p0_T200,32,2.0,0.0,10.0,200,0.05,0.5,1.0,open,early,product,True,80,7.453774900001008,0.0,7.218915791287956e-48,1.2095814236728286e-57,0.0,0.0
L32_gamma2p0_g0p0_T250,32,2.0,0.0,12.5,250,0.05,0.5,1.0,open,time,product,False,120,4.3877066999993986,0.0,0.0,0.0,9.812981975143879e-65,2.3416263930212456e-61
L32_gamma2p0_g0p0_T300,32,2.0,0.0,15.0,300,0.05,0.5,1.0,open,time,product,True,80,7.313211900007445,0.0,1.5949510329394543e-46,1.2699158870431139e-56,0.0,0.0
L32_gamma2p0_g0p0_T350,32,2.0,0.0,17.5,350,0.05,0.5,1.0,open,time,product,False,120,4.359374599996954,0.0,0.0,0.0,9.035941400955534e-64,1.0355278271454908e-55
L32_gamma2p0_g0p0_T400,32,2.0,0.0,20.0,400,0.05,0.5,1.0,open,time,product,False,120,4.296156999989762,0.0,0.0,0.0,5.6177044706416956e-64,8.1377128314793705e-53
L32_gamma2p0_g0p0_T500,32,2.0,0.0,25.0,500,0.05,0.5,1.0,open,time,product,False,120,4.276432300001034,0.0,0.0,0.0,7.565768458343346e-62,4.1606129425106907e-45
L32_gamma2p0_g0p1_T200,32,2.0,0.1,10.0,200,0.05,0.5,1.0,open,weak_skin,product,False,120,4.401230199990096,0.0,0.0,0.0,1.6970770339266514e-68,9.442403420326846e-64
L32_gamma2p0_g0p1_T300,32,2.0,0.1,15.0,300,0.05,0.5,1.0,open,weak_skin,product,False,120,4.37724739999976,0.0,0.0,0.0,2.2737213575507302e-63,6.093229429208246e-60
L32_gamma2p0_g0p1_T400,32,2.0,0.1,20.0,400,0.05,0.5,1.0,open,weak_skin,product,False,120,4.373778900000616,0.0,0.0,0.0,3.390349287586433e-64,6.853239505550189e-53
L32_gamma2p0_g0p1_T500,32,2.0,0.1,25.0,500,0.05,0.5,1.0,open,weak_skin,product,False,120,4.361471500000334,0.0,0.0,0.0,6.294057108097861e-62,2.2968277056989715e-45
L32_gamma2p0_g0p25_T100,32,2.0,0.25,5.0,100,0.05,0.5,1.0,open,early,product,True,80,7.464882799991756,0.0,6.75695424647374e-49,1.4091441139443988e-58,0.0,0.0
L32_gamma2p0_g0p25_T150,32,2.0,0.25,7.5,150,0.05,0.5,1.0,open,early,product,True,80,7.600643099998706,0.0,2.847674249079503e-48,4.779772623059521e-58,0.0,0.0
L32_gamma2p0_g0p25_T200,32,2.0,0.25,10.0,200,0.05,0.5,1.0,open,early,product,True,80,7.5368840000010096,0.0,1.283951685509428e-47,1.261357331426587e-57,0.0,0.0
L32_gamma2p0_g0p25_T250,32,2.0,0.25,12.5,250,0.05,0.5,1.0,open,time,product,False,120,4.372481200000038,0.0,0.0,0.0,5.858570509583733e-65,5.180044888021007e-63
L32_gamma2p0_g0p25_T300,32,2.0,0.25,15.0,300,0.05,0.5,1.0,open,time,product,True,80,7.388309600006323,0.0,1.879398893669966e-46,1.7761568855310101e-56,0.0,0.0
L32_gamma2p0_g0p25_T350,32,2.0,0.25,17.5,350,0.05,0.5,1.0,open,time,product,False,120,4.32365099999879,0.0,0.0,0.0,1.1588091103911805e-64,5.002701408630411e-56
L32_gamma2p0_g0p25_T400,32,2.0,0.25,20.0,400,0.05,0.5,1.0,open,time,product,False,120,4.270693600003142,0.0,0.0,0.0,3.1818629870876386e-64,1.9337569115706758e-53
L32_gamma2p0_g0p25_T500,32,2.0,0.25,25.0,500,0.05,0.5,1.0,open,time,product,False,120,4.2572392000001855,0.0,0.0,0.0,1.882529047647435e-62,2.2975377453722685e-46
L40_gamma2p0_g0p05_T200,40,2.0,0.05,10.0,200,0.05,0.5,1.0,open,weak_skin,product,False,120,8.343204799995874,0.0,0.0,0.0,2.5117716629462558e-68,6.53097051395639e-57
L40_gamma2p0_g0p05_T300,40,2.0,0.05,15.0,300,0.05,0.5,1.0,open,weak_skin,product,False,120,8.277692599993316,0.0,0.0,0.0,2.000822308694242e-60,5.838672412169988e-56
L40_gamma2p0_g0p05_T400,40,2.0,0.05,20.0,400,0.05,0.5,1.0,open,weak_skin,product,False,120,8.304751300005591,0.0,0.0,0.0,4.686008881968283e-56,1.979720989975605e-52
L40_gamma2p0_g0p05_T500,40,2.0,0.05,25.0,500,0.05,0.5,1.0,open,weak_skin,product,False,120,8.275817000001553,0.0,0.0,0.0,1.90372447032804e-58,3.380469564494625e-45
L40_gamma2p0_g0p0_T100,40,2.0,0.0,5.0,100,0.05,0.5,1.0,open,size,product,False,120,8.449207099998603,0.0,0.0,0.0,4.882557200997916e-78,1.2915149544862491e-55
L40_gamma2p0_g0p0_T150,40,2.0,0.0,7.5,150,0.05,0.5,1.0,open,size,product,False,120,8.354333000010229,0.0,0.0,0.0,9.360537247909569e-72,6.524462775605562e-57
L40_gamma2p0_g0p0_T200,40,2.0,0.0,10.0,200,0.05,0.5,1.0,open,size,product,False,120,8.1683950000006,0.0,0.0,0.0,5.803379882623475e-68,1.523088722619338e-56
L40_gamma2p0_g0p0_T250,40,2.0,0.0,12.5,250,0.05,0.5,1.0,open,size,product,False,120,8.140396700007841,0.0,0.0,0.0,1.6859974064936869e-65,1.5934265966418618e-56
L40_gamma2p0_g0p0_T300,40,2.0,0.0,15.0,300,0.05,0.5,1.0,open,size,product,False,120,8.167880299995886,0.0,0.0,0.0,4.284147609884286e-62,6.150642186994762e-56
L40_gamma2p0_g0p0_T350,40,2.0,0.0,17.5,350,0.05,0.5,1.0,open,size,product,False,120,8.14307999999437,0.0,0.0,0.0,9.884093329874023e-59,7.531367029246327e-55
L40_gamma2p0_g0p0_T400,40,2.0,0.0,20.0,400,0.05,0.5,1.0,open,size,product,False,120,7.999388700001873,0.0,0.0,0.0,4.008122947889231e-55,6.1192365462384985e-52
L40_gamma2p0_g0p0_T500,40,2.0,0.0,25.0,500,0.05,0.5,1.0,open,size,product,False,120,7.97655659999873,0.0,0.0,0.0,6.009909003578287e-59,2.7792871586366977e-45
L40_gamma2p0_g0p1_T200,40,2.0,0.1,10.0,200,0.05,0.5,1.0,open,weak_skin,product,False,120,8.318086800005403,0.0,0.0,0.0,1.4612854908166806e-68,2.72913935768284e-58
L40_gamma2p0_g0p1_T300,40,2.0,0.1,15.0,300,0.05,0.5,1.0,open,weak_skin,product,False,120,8.242782300003455,0.0,0.0,0.0,7.243090276841567e-60,9.144976906289673e-57
L40_gamma2p0_g0p1_T400,40,2.0,0.1,20.0,400,0.05,0.5,1.0,open,weak_skin,product,False,120,8.21975439999369,0.0,0.0,0.0,1.6850489833217612e-56,2.477957965391368e-52
L40_gamma2p0_g0p1_T500,40,2.0,0.1,25.0,500,0.05,0.5,1.0,open,weak_skin,product,False,120,8.203766699996777,0.0,0.0,0.0,3.7287520660996315e-58,1.1568256229233693e-45
L40_gamma2p0_g0p25_T100,40,2.0,0.25,5.0,100,0.05,0.5,1.0,open,size,product,False,120,8.468000099994242,0.0,0.0,0.0,3.8268540824436644e-76,2.008662565019422e-56
L40_gamma2p0_g0p25_T150,40,2.0,0.25,7.5,150,0.05,0.5,1.0,open,size,product,False,120,8.28652229999716,0.0,0.0,0.0,2.0948461140458124e-73,5.038001059172658e-57
L40_gamma2p0_g0p25_T200,40,2.0,0.25,10.0,200,0.05,0.5,1.0,open,size,product,False,120,8.143410000004224,0.0,0.0,0.0,2.3862604861465834e-68,4.3649102231695475e-58
L40_gamma2p0_g0p25_T250,40,2.0,0.25,12.5,250,0.05,0.5,1.0,open,size,product,False,120,8.107491999995545,0.0,0.0,0.0,2.454482575871184e-64,6.509702145163564e-58
L40_gamma2p0_g0p25_T300,40,2.0,0.25,15.0,300,0.05,0.5,1.0,open,size,product,False,120,8.26014280000527,0.0,0.0,0.0,5.072114539357972e-61,8.978473299096288e-58
L40_gamma2p0_g0p25_T350,40,2.0,0.25,17.5,350,0.05,0.5,1.0,open,size,product,False,120,8.208290800001123,0.0,0.0,0.0,5.69233180158455e-57,2.48011524973427e-56
L40_gamma2p0_g0p25_T400,40,2.0,0.25,20.0,400,0.05,0.5,1.0,open,size,product,False,120,8.102540099993348,0.0,0.0,0.0,2.370292127554811e-58,1.0501975034063097e-53
L40_gamma2p0_g0p25_T500,40,2.0,0.25,25.0,500,0.05,0.5,1.0,open,size,product,False,120,8.045538899998064,0.0,0.0,0.0,3.4099326874197867e-59,1.3965150892373183e-47
L48_gamma2p0_g0p05_T200,48,2.0,0.05,10.0,200,0.05,0.5,1.0,open,weak_skin,product,False,120,14.278863700004877,0.0,0.0,0.0,1.3842857095308929e-69,2.199290590407398e-50
L48_gamma2p0_g0p05_T300,48,2.0,0.05,15.0,300,0.05,0.5,1.0,open,weak_skin,product,False,120,14.178203999996185,0.0,0.0,0.0,1.2372337060641142e-59,3.306488053455807e-51
L48_gamma2p0_g0p05_T400,48,2.0,0.05,20.0,400,0.05,0.5,1.0,open,weak_skin,product,False,120,14.129180000003544,0.0,0.0,0.0,2.143226633908759e-52,9.411942682537584e-50
L48_gamma2p0_g0p05_T500,48,2.0,0.05,25.0,500,0.05,0.5,1.0,open,weak_skin,product,False,120,14.08465599999181,0.0,0.0,0.0,4.539979740230945e-51,4.328270359448657e-45
L48_gamma2p0_g0p0_T100,48,2.0,0.0,5.0,100,0.05,0.5,1.0,open,size,product,False,120,14.55260830000043,0.0,0.0,0.0,6.134732281682376e-77,5.540015731517382e-50
L48_gamma2p0_g0p0_T150,48,2.0,0.0,7.5,150,0.05,0.5,1.0,open,size,product,False,120,14.32452860000194,0.0,0.0,0.0,1.5334523520803258e-72,9.806667575237025e-52
L48_gamma2p0_g0p0_T200,48,2.0,0.0,10.0,200,0.05,0.5,1.0,open,size,product,False,120,14.085155199994915,0.0,0.0,0.0,5.592866970606422e-68,4.442129635510198e-51
L48_gamma2p0_g0p0_T250,48,2.0,0.0,12.5,250,0.05,0.5,1.0,open,size,product,False,120,14.043280500001856,0.0,0.0,0.0,1.5364977917391036e-64,2.798943610442052e-51
L48_gamma2p0_g0p0_T300,48,2.0,0.0,15.0,300,0.05,0.5,1.0,open,size,product,False,120,14.117267499997979,0.0,0.0,0.0,5.450322623421932e-60,7.52687196447538e-51
L48_gamma2p0_g0p0_T350,48,2.0,0.0,17.5,350,0.05,0.5,1.0,open,size,product,False,120,14.062302400008775,0.0,0.0,0.0,1.1243292771591745e-56,2.0717344937166607e-50
L48_gamma2p0_g0p0_T400,48,2.0,0.0,20.0,400,0.05,0.5,1.0,open,size,product,False,120,13.794526699988637,0.0,0.0,0.0,4.261077358751424e-52,4.516473314961723e-49
L48_gamma2p0_g0p0_T500,48,2.0,0.0,25.0,500,0.05,0.5,1.0,open,size,product,False,120,13.667291099991417,0.0,0.0,0.0,1.7788376611791364e-49,4.258636419747728e-45
L48_gamma2p0_g0p1_T200,48,2.0,0.1,10.0,200,0.05,0.5,1.0,open,weak_skin,product,False,120,14.490668200000073,0.0,0.0,0.0,4.609353589908964e-68,3.4001083780556926e-50
L48_gamma2p0_g0p1_T300,48,2.0,0.1,15.0,300,0.05,0.5,1.0,open,weak_skin,product,False,120,14.227011300012236,0.0,0.0,0.0,1.169386818409994e-59,3.928537244202008e-51
L48_gamma2p0_g0p1_T400,48,2.0,0.1,20.0,400,0.05,0.5,1.0,open,weak_skin,product,False,120,14.260534799992456,0.0,0.0,0.0,1.661072291255992e-53,2.3451753211810494e-50
L48_gamma2p0_g0p1_T500,48,2.0,0.1,25.0,500,0.05,0.5,1.0,open,weak_skin,product,False,120,13.950781699997606,0.0,0.0,0.0,2.4906406010549372e-51,4.1945969406468966e-45
L48_gamma2p0_g0p25_T100,48,2.0,0.25,5.0,100,0.05,0.5,1.0,open,size,product,False,120,14.507373100001132,0.0,0.0,0.0,3.6691748665940275e-76,9.952853454517475e-51
L48_gamma2p0_g0p25_T150,48,2.0,0.25,7.5,150,0.05,0.5,1.0,open,size,product,False,120,14.239659300001222,0.0,0.0,0.0,6.49611540978222e-73,5.723891625807949e-52
L48_gamma2p0_g0p25_T200,48,2.0,0.25,10.0,200,0.05,0.5,1.0,open,size,product,False,120,13.99842410000565,0.0,0.0,0.0,4.016271671041478e-68,1.4600761314627e-52
L48_gamma2p0_g0p25_T250,48,2.0,0.25,12.5,250,0.05,0.5,1.0,open,size,product,False,120,13.928428799990797,0.0,0.0,0.0,4.4134097576540504e-64,2.74519053391981e-53
L48_gamma2p0_g0p25_T300,48,2.0,0.25,15.0,300,0.05,0.5,1.0,open,size,product,False,120,14.101695000004838,0.0,0.0,0.0,3.940630152935357e-61,1.1890807954541287e-52
L48_gamma2p0_g0p25_T350,48,2.0,0.25,17.5,350,0.05,0.5,1.0,open,size,product,False,120,14.037465899993549,0.0,0.0,0.0,5.3201491755879666e-58,4.7866355972209395e-52
L48_gamma2p0_g0p25_T400,48,2.0,0.25,20.0,400,0.05,0.5,1.0,open,size,product,False,120,14.091097099997569,0.0,0.0,0.0,3.1879737534018425e-54,7.426238857126707e-51
L48_gamma2p0_g0p25_T500,48,2.0,0.25,25.0,500,0.05,0.5,1.0,open,size,product,False,120,14.057520399990608,0.0,0.0,0.0,8.822857422300172e-54,3.061301159586544e-45
L16_gamma2p0_g0p0_T100,16,2.0,0.0,5.0,100,0.05,0.5,1.0,open,general,general,False,120,6.353077499996289,0.0,0.0,0.0,5.920631187917426e-79,5.150667929827894e-75
L16_gamma2p0_g0p0_T300,16,2.0,0.0,15.0,300,0.05,0.5,1.0,open,general,general,False,120,6.260095299992827,0.0,0.0,0.0,8.035523420983768e-79,6.667028062481534e-61
L16_gamma2p0_g0p25_T100,16,2.0,0.25,5.0,100,0.05,0.5,1.0,open,general,general,False,120,6.40822169999592,0.0,0.0,0.0,8.008356318539661e-79,5.71284338180103e-75
L16_gamma2p0_g0p25_T300,16,2.0,0.25,15.0,300,0.05,0.5,1.0,open,general,general,False,120,6.330818400005228,0.0,0.0,0.0,6.948243467370754e-79,6.56272602811979e-61
L32_gamma2p0_g0p0_T100,32,2.0,0.0,5.0,100,0.05,0.5,1.0,open,general,general,False,120,45.23352650000015,0.0,0.0,0.0,1.5003705520872791e-78,1.5381300354059287e-74
L32_gamma2p0_g0p0_T300,32,2.0,0.0,15.0,300,0.05,0.5,1.0,open,general,general,False,120,44.99012250000669,0.0,0.0,0.0,3.54662686084332e-78,1.1278815922604428e-60
L32_gamma2p0_g0p25_T100,32,2.0,0.25,5.0,100,0.05,0.5,1.0,open,general,general,False,120,46.05885269999271,0.0,0.0,0.0,1.9816171874768414e-78,1.0362619544947518e-74
L32_gamma2p0_g0p25_T300,32,2.0,0.25,15.0,300,0.05,0.5,1.0,open,general,general,False,120,45.811858499990194,0.0,0.0,0.0,2.304165971541101e-78,3.836430215235515e-61
