length,skin,initial,frozen_forecast_rate,measured_rate_5_to_10,measured_rate_20_to_25,twice_min_gain_rate,status
16,0.0,charge_density_wave,2.6953481555552514,2.69833504937821,2.6983351210690953,2.698335121069096,retrospective diagnostic; never used to revise frozen predictions
16,0.0,left,3.004280810372511,2.9332312673010685,2.7221656258236506,2.698335121069096,retrospective diagnostic; never used to revise frozen predictions
16,0.25,charge_density_wave,2.6784078637085407,2.6818862789999662,2.6948426297983827,2.698335121069096,retrospective diagnostic; never used to revise frozen predictions
16,0.25,left,2.739788725195642,2.852808565585627,2.6790995397768653,2.698335121069096,retrospective diagnostic; never used to revise frozen predictions
24,0.0,charge_density_wave,2.676008356157098,2.670034568511178,2.670034640543568,2.6700346405435686,retrospective diagnostic; never used to revise frozen predictions
24,0.0,left,3.1678050197088674,3.309904105851755,2.7251661754266694,2.6700346405435686,retrospective diagnostic; never used to revise frozen predictions
24,0.05,charge_density_wave,2.6720324942662415,,2.6695160582916104,2.6700346405435686,retrospective diagnostic; never used to revise frozen predictions
24,0.05,left,3.2153981138104153,,2.7165631438823032,2.6700346405435686,retrospective diagnostic; never used to revise frozen predictions
24,0.1,charge_density_wave,2.668056632375385,,2.667975799027063,2.6700346405435686,retrospective diagnostic; never used to revise frozen predictions
24,0.1,left,3.262991207911963,,2.707020921310046,2.6700346405435686,retrospective diagnostic; never used to revise frozen predictions
24,0.25,charge_density_wave,2.6561290467028145,2.6491722161199616,2.6578076740306655,2.6700346405435686,retrospective diagnostic; never used to revise frozen predictions
24,0.25,left,3.405770490216607,3.1797308094366357,2.671793615036973,2.6700346405435686,retrospective diagnostic; never used to revise frozen predictions
32,0.0,charge_density_wave,2.6566685567589445,2.659655450581902,2.6596555223904956,2.659655522390495,retrospective diagnostic; never used to revise frozen predictions
32,0.0,left,3.331329229045224,3.2602796859737806,2.731131357573935,2.659655522390495,retrospective diagnostic; never used to revise frozen predictions
32,0.05,charge_density_wave,2.652104891346574,,2.65892030487196,2.659655522390495,retrospective diagnostic; never used to revise frozen predictions
32,0.05,left,3.4794138342836938,,2.722235545542138,2.659655522390495,retrospective diagnostic; never used to revise frozen predictions
32,0.1,charge_density_wave,2.6475412259342024,,2.6567211766474315,2.659655522390495,retrospective diagnostic; never used to revise frozen predictions
32,0.1,left,3.6274984395221628,,2.712402395282018,2.659655522390495,retrospective diagnostic; never used to revise frozen predictions
32,0.25,charge_density_wave,2.6338502296970887,2.6373286449885134,2.641615979812562,2.659655522390495,retrospective diagnostic; never used to revise frozen predictions
32,0.25,left,4.071752255237572,4.184772095627556,2.676316019824436,2.659655522390495,retrospective diagnostic; never used to revise frozen predictions
40,0.0,charge_density_wave,2.637328757360791,2.6547409321124578,2.6547410037401065,2.6547410037401074,retrospective diagnostic; never used to revise frozen predictions
40,0.0,left,3.4948534383815804,3.2870572457133194,2.738034937197418,2.6547410037401074,retrospective diagnostic; never used to revise frozen predictions
40,0.05,charge_density_wave,2.6321772884269055,,2.653911624557503,2.6547410037401074,retrospective diagnostic; never used to revise frozen predictions
40,0.05,left,3.743429554756972,,2.728819730814749,2.6547410037401074,retrospective diagnostic; never used to revise frozen predictions
40,0.1,charge_density_wave,2.62702581949302,,2.6514240770391693,2.6547410037401074,retrospective diagnostic; never used to revise frozen predictions
40,0.1,left,3.9920056711323624,,2.7186707753823027,2.6547410037401074,retrospective diagnostic; never used to revise frozen predictions
40,0.25,charge_density_wave,2.611571412691363,2.6317932287726147,2.6340461006977476,2.6547410037401074,retrospective diagnostic; never used to revise frozen predictions
40,0.25,left,4.737734020258536,4.2847041791846205,2.681689015365418,2.6547410037401074,retrospective diagnostic; never used to revise frozen predictions
48,0.0,charge_density_wave,2.617988957962637,2.6520352381172856,2.652035309623565,2.6520353096235656,retrospective diagnostic; never used to revise frozen predictions
48,0.0,left,3.658377647717937,3.645229170818182,2.7461148914776072,2.6520353096235656,retrospective diagnostic; never used to revise frozen predictions
48,0.05,charge_density_wave,2.6122496855072375,,2.6511611642217146,2.6520353096235656,retrospective diagnostic; never used to revise frozen predictions
48,0.05,left,4.00744527523025,,2.7365485819576967,2.6520353096235656,retrospective diagnostic; never used to revise frozen predictions
48,0.1,charge_density_wave,2.6065104130518373,,2.648536834452129,2.6520353096235656,retrospective diagnostic; never used to revise frozen predictions
48,0.1,left,4.356512902742562,,2.726052234852222,2.6520353096235656,retrospective diagnostic; never used to revise frozen predictions
48,0.25,charge_density_wave,2.589292595685637,2.6287746842312343,2.6300906801055346,2.6520353096235656,retrospective diagnostic; never used to revise frozen predictions
48,0.25,left,5.403715785279501,3.852115726534848,2.68808263617034,2.6520353096235656,retrospective diagnostic; never used to revise frozen predictions
