case_id,length,skin,initial,rank,context_seconds,propagation_seconds,directional_remainder_seconds,entropy_seconds,dps,scope
L112_gamma2p0_g0p0_T1120,112,0.0,charge_density_wave,0,1.2840674999752082,0.001151599979493767,1.3553077999968082,0.6488286000094377,200,"single locked rank, no rank search, no old norm-bound computation"
L112_gamma2p0_g0p0_T1120,112,0.0,left,4,1.2826224000018556,0.205464500002563,1.4671103000000585,0.5936853000021074,200,"single locked rank, no rank search, no old norm-bound computation"
L112_gamma2p0_g0p0_T1120,112,0.0,right,4,1.2985989000007976,0.20923010000842623,1.4637664000038058,0.6014883999887388,200,"single locked rank, no rank search, no old norm-bound computation"
L112_gamma2p0_g0p05_T1120,112,0.05,charge_density_wave,0,1.3071263000019826,0.001434800011338666,1.3253693000006024,0.6056934000225738,200,"single locked rank, no rank search, no old norm-bound computation"
L112_gamma2p0_g0p05_T1120,112,0.05,left,4,1.250686500017764,0.2095211000123527,1.4892588999937288,0.5929666000010911,200,"single locked rank, no rank search, no old norm-bound computation"
L112_gamma2p0_g0p05_T1120,112,0.05,right,6,1.2391212999937125,0.2926475999993272,1.6104623000137508,0.6101305000192951,200,"single locked rank, no rank search, no old norm-bound computation"
L112_gamma2p0_g0p25_T1120,112,0.25,charge_density_wave,0,1.2606760999769904,0.0015435999957844615,1.31654920001165,0.6060756999941077,200,"single locked rank, no rank search, no old norm-bound computation"
L112_gamma2p0_g0p25_T1120,112,0.25,left,1,1.2522861000034027,0.09069909999379888,1.3261731000093278,0.6073818999866489,200,"single locked rank, no rank search, no old norm-bound computation"
L112_gamma2p0_g0p25_T1120,112,0.25,right,6,1.2569642000016756,0.2943407999991905,1.594528400019044,0.6076411999820266,200,"single locked rank, no rank search, no old norm-bound computation"
L96_gamma2p0_g0p0_T960,96,0.0,charge_density_wave,0,0.9098296999873128,0.0015075000119395554,0.85551470000064,0.40082059998530895,200,"single locked rank, no rank search, no old norm-bound computation"
L96_gamma2p0_g0p0_T960,96,0.0,left,4,0.8855693000077736,0.16135760000906885,0.9980414999881759,0.394697100011399,200,"single locked rank, no rank search, no old norm-bound computation"
L96_gamma2p0_g0p0_T960,96,0.0,right,4,0.8895134000049438,0.15985470000305213,0.9677138999977615,0.39610019998508506,200,"single locked rank, no rank search, no old norm-bound computation"
L96_gamma2p0_g0p05_T960,96,0.05,charge_density_wave,0,0.8920412999868859,0.0014580000133719295,0.8523441000143066,0.394074499985436,200,"single locked rank, no rank search, no old norm-bound computation"
L96_gamma2p0_g0p05_T960,96,0.05,left,4,0.896344799984945,0.16556130000390112,0.9697421000164468,0.389759799989406,200,"single locked rank, no rank search, no old norm-bound computation"
L96_gamma2p0_g0p05_T960,96,0.05,right,4,0.8585966000100598,0.15901939998730086,0.9832547999976669,0.40213999999105,200,"single locked rank, no rank search, no old norm-bound computation"
L96_gamma2p0_g0p25_T960,96,0.25,charge_density_wave,0,0.8885641999950167,0.001440399995772168,0.9017874999844935,0.3989261999959126,200,"single locked rank, no rank search, no old norm-bound computation"
L96_gamma2p0_g0p25_T960,96,0.25,left,1,0.8617599999997765,0.07036200002767146,0.8624946000054479,0.39030080000520684,200,"single locked rank, no rank search, no old norm-bound computation"
L96_gamma2p0_g0p25_T960,96,0.25,right,6,0.8591101999918465,0.2248859999817796,1.0812284999992698,0.3992192999867257,200,"single locked rank, no rank search, no old norm-bound computation"
