case_id,length,gamma,skin,physical_time,steps,dt,t1,t2,boundary,initials,role,initial_a,initial_b,reduced_pair_distance,radial_lower,direct_lower,memory_lower,guaranteed_memory,prediction_precision_change
L112_gamma2p0_g0p0_T1120,112,2.0,0.0,56.0,1120,0.05,0.5,1.0,open,"['charge_density_wave', 'left', 'right']",unseen_size,charge_density_wave,left,0.9935040201910564,0.9935036210774211,0.9935036210774211,0.9935036210774211,True,1.1727751598493261e-89
L112_gamma2p0_g0p0_T1120,112,2.0,0.0,56.0,1120,0.05,0.5,1.0,open,"['charge_density_wave', 'left', 'right']",unseen_size,charge_density_wave,right,0.9997469106369787,0.9997432471931222,0.9997432471931222,0.9997432471931222,True,5.64546751222437e-89
L112_gamma2p0_g0p0_T1344,112,2.0,0.0,67.2,1344,0.05,0.5,1.0,open,"['charge_density_wave', 'left', 'right']",unseen_size,charge_density_wave,left,0.0,0.0,0.0,0.0,False,0.0
L112_gamma2p0_g0p0_T1344,112,2.0,0.0,67.2,1344,0.05,0.5,1.0,open,"['charge_density_wave', 'left', 'right']",unseen_size,charge_density_wave,right,0.0,0.0,0.0,0.0,False,0.0
L112_gamma2p0_g0p05_T1120,112,2.0,0.05,56.0,1120,0.05,0.5,1.0,open,"['charge_density_wave', 'left', 'right']",unseen_size,charge_density_wave,left,0.6195588576388004,0.6195587177654336,0.6195587177654336,0.6195587177654336,True,2.2618995523007345e-88
L112_gamma2p0_g0p05_T1120,112,2.0,0.05,56.0,1120,0.05,0.5,1.0,open,"['charge_density_wave', 'left', 'right']",unseen_size,charge_density_wave,right,0.9999978956799741,0.999997890564569,0.999997890564569,0.999997890564569,True,3.621995027732283e-91
L112_gamma2p0_g0p05_T1344,112,2.0,0.05,67.2,1344,0.05,0.5,1.0,open,"['charge_density_wave', 'left', 'right']",unseen_size,charge_density_wave,left,0.0,0.0,0.0,0.0,False,0.0
L112_gamma2p0_g0p05_T1344,112,2.0,0.05,67.2,1344,0.05,0.5,1.0,open,"['charge_density_wave', 'left', 'right']",unseen_size,charge_density_wave,right,0.0,0.0,0.0,0.0,False,0.0
L112_gamma2p0_g0p25_T1120,112,2.0,0.25,56.0,1120,0.05,0.5,1.0,open,"['charge_density_wave', 'left', 'right']",unseen_size,charge_density_wave,left,7.525806781334698e-05,7.282423241221094e-05,7.282423241221094e-05,7.282423241221094e-05,False,7.946380285667026e-92
L112_gamma2p0_g0p25_T1120,112,2.0,0.25,56.0,1120,0.05,0.5,1.0,open,"['charge_density_wave', 'left', 'right']",unseen_size,charge_density_wave,right,0.999999999999994,0.9999934391689201,0.9999934391689201,0.9999934391689201,True,6.273427312070083e-94
L112_gamma2p0_g0p25_T1344,112,2.0,0.25,67.2,1344,0.05,0.5,1.0,open,"['charge_density_wave', 'left', 'right']",unseen_size,charge_density_wave,left,0.0,0.0,0.0,0.0,False,0.0
L112_gamma2p0_g0p25_T1344,112,2.0,0.25,67.2,1344,0.05,0.5,1.0,open,"['charge_density_wave', 'left', 'right']",unseen_size,charge_density_wave,right,0.0,0.0,0.0,0.0,False,0.0
L80_gamma2p0_g0p0_T850,80,2.0,0.0,42.5,850,0.05,0.5,1.0,open,"['charge_density_wave', 'left', 'right']",window_and_persistence,charge_density_wave,left,0.000521340161164024,0.0005210707170549471,0.0005210707170549471,0.0005210707170549471,False,2.544425886036331e-113
L80_gamma2p0_g0p0_T850,80,2.0,0.0,42.5,850,0.05,0.5,1.0,open,"['charge_density_wave', 'left', 'right']",window_and_persistence,charge_density_wave,right,0.002680416896520499,0.002677898639267311,0.002677898639267311,0.002677898639267311,False,4.666811551950828e-109
L80_gamma2p0_g0p0_T1000,80,2.0,0.0,50.0,1000,0.05,0.5,1.0,open,"['charge_density_wave', 'left', 'right']",window_and_persistence,charge_density_wave,left,0.0,0.0,0.0,0.0,False,0.0
L80_gamma2p0_g0p0_T1000,80,2.0,0.0,50.0,1000,0.05,0.5,1.0,open,"['charge_density_wave', 'left', 'right']",window_and_persistence,charge_density_wave,right,0.0,0.0,0.0,0.0,False,0.0
L80_gamma2p0_g0p0_T1100,80,2.0,0.0,55.0,1100,0.05,0.5,1.0,open,"['charge_density_wave', 'left', 'right']",window_and_persistence,charge_density_wave,left,0.0,0.0,0.0,0.0,False,0.0
L80_gamma2p0_g0p0_T1100,80,2.0,0.0,55.0,1100,0.05,0.5,1.0,open,"['charge_density_wave', 'left', 'right']",window_and_persistence,charge_density_wave,right,0.0,0.0,0.0,0.0,False,0.0
L80_gamma2p0_g0p25_T750,80,2.0,0.25,37.5,750,0.05,0.5,1.0,open,"['charge_density_wave', 'left', 'right']",window_and_persistence,charge_density_wave,left,0.10286809510582147,0.10286808591531718,0.10286808591531718,0.10286808591531718,True,4.7316411044350114e-111
L80_gamma2p0_g0p25_T750,80,2.0,0.25,37.5,750,0.05,0.5,1.0,open,"['charge_density_wave', 'left', 'right']",window_and_persistence,charge_density_wave,right,0.9999999999999951,0.9999973213979348,0.9999973213979348,0.9999973213979348,True,1.0554003446689427e-115
L80_gamma2p0_g0p25_T850,80,2.0,0.25,42.5,850,0.05,0.5,1.0,open,"['charge_density_wave', 'left', 'right']",window_and_persistence,charge_density_wave,left,0.0,0.0,0.0,0.0,False,0.0
L80_gamma2p0_g0p25_T850,80,2.0,0.25,42.5,850,0.05,0.5,1.0,open,"['charge_density_wave', 'left', 'right']",window_and_persistence,charge_density_wave,right,0.9965627505662092,0.9965623696260565,0.9965623696260565,0.9965623696260565,True,1.1688480985862271e-108
L80_gamma2p0_g0p25_T1000,80,2.0,0.25,50.0,1000,0.05,0.5,1.0,open,"['charge_density_wave', 'left', 'right']",window_and_persistence,charge_density_wave,left,0.0,0.0,0.0,0.0,False,0.0
L80_gamma2p0_g0p25_T1000,80,2.0,0.25,50.0,1000,0.05,0.5,1.0,open,"['charge_density_wave', 'left', 'right']",window_and_persistence,charge_density_wave,right,0.0,0.0,0.0,0.0,False,0.0
L80_gamma2p0_g0p25_T1100,80,2.0,0.25,55.0,1100,0.05,0.5,1.0,open,"['charge_density_wave', 'left', 'right']",window_and_persistence,charge_density_wave,left,0.0,0.0,0.0,0.0,False,0.0
L80_gamma2p0_g0p25_T1100,80,2.0,0.25,55.0,1100,0.05,0.5,1.0,open,"['charge_density_wave', 'left', 'right']",window_and_persistence,charge_density_wave,right,0.0,0.0,0.0,0.0,False,0.0
L96_gamma2p0_g0p0_T960,96,2.0,0.0,48.0,960,0.05,0.5,1.0,open,"['charge_density_wave', 'left', 'right']",unseen_size,charge_density_wave,left,0.8878146419337943,0.8878145064011109,0.8878145064011109,0.8878145064011109,True,1.834131889875089e-99
L96_gamma2p0_g0p0_T960,96,2.0,0.0,48.0,960,0.05,0.5,1.0,open,"['charge_density_wave', 'left', 'right']",unseen_size,charge_density_wave,right,0.9949177873000923,0.994916980876214,0.994916980876214,0.994916980876214,True,1.1358485623024335e-97
L96_gamma2p0_g0p0_T1152,96,2.0,0.0,57.599999999999994,1152,0.05,0.5,1.0,open,"['charge_density_wave', 'left', 'right']",unseen_size,charge_density_wave,left,0.0,0.0,0.0,0.0,False,0.0
L96_gamma2p0_g0p0_T1152,96,2.0,0.0,57.599999999999994,1152,0.05,0.5,1.0,open,"['charge_density_wave', 'left', 'right']",unseen_size,charge_density_wave,right,0.0,0.0,0.0,0.0,False,0.0
L96_gamma2p0_g0p05_T960,96,2.0,0.05,48.0,960,0.05,0.5,1.0,open,"['charge_density_wave', 'left', 'right']",unseen_size,charge_density_wave,left,0.24392001693373128,0.2439199875788824,0.2439199875788824,0.2439199875788824,True,2.3445963620382067e-99
L96_gamma2p0_g0p05_T960,96,2.0,0.05,48.0,960,0.05,0.5,1.0,open,"['charge_density_wave', 'left', 'right']",unseen_size,charge_density_wave,right,0.9999107454785804,0.9999061916627031,0.9999061916627031,0.9999061916627031,True,1.9852232613769614e-99
L96_gamma2p0_g0p05_T1152,96,2.0,0.05,57.599999999999994,1152,0.05,0.5,1.0,open,"['charge_density_wave', 'left', 'right']",unseen_size,charge_density_wave,left,0.0,0.0,0.0,0.0,False,0.0
L96_gamma2p0_g0p05_T1152,96,2.0,0.05,57.599999999999994,1152,0.05,0.5,1.0,open,"['charge_density_wave', 'left', 'right']",unseen_size,charge_density_wave,right,0.0,0.0,0.0,0.0,False,0.0
L96_gamma2p0_g0p25_T960,96,2.0,0.25,48.0,960,0.05,0.5,1.0,open,"['charge_density_wave', 'left', 'right']",unseen_size,charge_density_wave,left,9.796120716650446e-05,9.48942678051003e-05,9.48942678051003e-05,9.48942678051003e-05,False,1.0911437763630874e-102
L96_gamma2p0_g0p25_T960,96,2.0,0.25,48.0,960,0.05,0.5,1.0,open,"['charge_density_wave', 'left', 'right']",unseen_size,charge_density_wave,right,0.9999999999946794,0.9999998065809159,0.9999998065809159,0.9999998065809159,True,3.624494294476664e-104
L96_gamma2p0_g0p25_T1152,96,2.0,0.25,57.599999999999994,1152,0.05,0.5,1.0,open,"['charge_density_wave', 'left', 'right']",unseen_size,charge_density_wave,left,0.0,0.0,0.0,0.0,False,0.0
L96_gamma2p0_g0p25_T1152,96,2.0,0.25,57.599999999999994,1152,0.05,0.5,1.0,open,"['charge_density_wave', 'left', 'right']",unseen_size,charge_density_wave,right,0.0,0.0,0.0,0.0,False,0.0
