case_id,length,gamma,skin,physical_time,steps,dt,t1,t2,boundary,initials,role,initial_a,initial_b,actual_pair_distance,reduced_pair_distance,radial_lower,direct_lower,memory_lower,actual_projector_memory,direct_guarantee,radial_guarantee,scope
L112_gamma2p0_g0p05_T1120,112,2.0,0.05,56.0,1120,0.05,0.5,1.0,open,"['charge_density_wave', 'left', 'right']",unseen_size,left,right,0.9999978956799743,0.9999978956799741,0.3804388930524018,0.9999977506912022,0.9999977506912022,True,True,True,"retrospective additional pairs, excluded from 38 locked memory forecasts"
L112_gamma2p0_g0p05_T1344,112,2.0,0.05,67.2,1344,0.05,0.5,1.0,open,"['charge_density_wave', 'left', 'right']",unseen_size,left,right,4.1802350293373434e-11,0.0,0.0,0.0,0.0,False,False,False,"retrospective additional pairs, excluded from 38 locked memory forecasts"
L112_gamma2p0_g0p0_T1120,112,2.0,0.0,56.0,1120,0.05,0.5,1.0,open,"['charge_density_wave', 'left', 'right']",unseen_size,left,right,0.9997469108289065,0.9997469106369787,0.006238827888430499,0.9997428480794869,0.9997428480794869,True,True,False,"retrospective additional pairs, excluded from 38 locked memory forecasts"
L112_gamma2p0_g0p0_T1344,112,2.0,0.0,67.2,1344,0.05,0.5,1.0,open,"['charge_density_wave', 'left', 'right']",unseen_size,left,right,4.029156214238312e-12,0.0,0.0,0.0,0.0,False,False,False,"retrospective additional pairs, excluded from 38 locked memory forecasts"
L112_gamma2p0_g0p25_T1120,112,2.0,0.25,56.0,1120,0.05,0.5,1.0,open,"['charge_density_wave', 'left', 'right']",unseen_size,left,right,0.999999999999994,0.999999999999994,0.9999157472657056,0.9999910053335189,0.9999910053335189,True,True,True,"retrospective additional pairs, excluded from 38 locked memory forecasts"
L112_gamma2p0_g0p25_T1344,112,2.0,0.25,67.2,1344,0.05,0.5,1.0,open,"['charge_density_wave', 'left', 'right']",unseen_size,left,right,6.705093369138255e-07,0.0,0.0,0.0,0.0,False,False,False,"retrospective additional pairs, excluded from 38 locked memory forecasts"
L80_gamma2p0_g0p0_T1000,80,2.0,0.0,50.0,1000,0.05,0.5,1.0,open,"['charge_density_wave', 'left', 'right']",window_and_persistence,left,right,4.563708711766595e-12,0.0,0.0,0.0,0.0,False,False,False,"retrospective additional pairs, excluded from 38 locked memory forecasts"
L80_gamma2p0_g0p0_T1100,80,2.0,0.0,55.0,1100,0.05,0.5,1.0,open,"['charge_density_wave', 'left', 'right']",window_and_persistence,left,right,6.755655660234449e-18,0.0,0.0,0.0,0.0,False,False,False,"retrospective additional pairs, excluded from 38 locked memory forecasts"
L80_gamma2p0_g0p0_T850,80,2.0,0.0,42.5,850,0.05,0.5,1.0,open,"['charge_density_wave', 'left', 'right']",window_and_persistence,left,right,0.00268291366790647,0.002680416896520499,0.0021562890339942103,0.002677629195158234,0.002677629195158234,False,False,False,"retrospective additional pairs, excluded from 38 locked memory forecasts"
L80_gamma2p0_g0p25_T1000,80,2.0,0.25,50.0,1000,0.05,0.5,1.0,open,"['charge_density_wave', 'left', 'right']",window_and_persistence,left,right,1.733516136064472e-08,0.0,0.0,0.0,0.0,False,False,False,"retrospective additional pairs, excluded from 38 locked memory forecasts"
L80_gamma2p0_g0p25_T1100,80,2.0,0.25,55.0,1100,0.05,0.5,1.0,open,"['charge_density_wave', 'left', 'right']",window_and_persistence,left,right,2.326150880246714e-14,0.0,0.0,0.0,0.0,False,False,False,"retrospective additional pairs, excluded from 38 locked memory forecasts"
L80_gamma2p0_g0p25_T750,80,2.0,0.25,37.5,750,0.05,0.5,1.0,open,"['charge_density_wave', 'left', 'right']",window_and_persistence,left,right,0.9999999999999951,0.9999999999999951,0.8971292171016091,0.9999973122074305,0.9999973122074305,True,True,True,"retrospective additional pairs, excluded from 38 locked memory forecasts"
L80_gamma2p0_g0p25_T850,80,2.0,0.25,42.5,850,0.05,0.5,1.0,open,"['charge_density_wave', 'left', 'right']",window_and_persistence,left,right,0.9965627515066656,0.9965627505662092,0.9965621916450853,0.9965621916450853,0.9965621916450853,True,True,True,"retrospective additional pairs, excluded from 38 locked memory forecasts"
L96_gamma2p0_g0p05_T1152,96,2.0,0.05,57.599999999999994,1152,0.05,0.5,1.0,open,"['charge_density_wave', 'left', 'right']",unseen_size,left,right,4.4390071124558986e-10,0.0,0.0,0.0,0.0,False,False,False,"retrospective additional pairs, excluded from 38 locked memory forecasts"
L96_gamma2p0_g0p05_T960,96,2.0,0.05,48.0,960,0.05,0.5,1.0,open,"['charge_density_wave', 'left', 'right']",unseen_size,left,right,0.9999107455243771,0.9999107454785804,0.755986145374123,0.9999061623078542,0.9999061623078542,True,True,True,"retrospective additional pairs, excluded from 38 locked memory forecasts"
L96_gamma2p0_g0p0_T1152,96,2.0,0.0,57.599999999999994,1152,0.05,0.5,1.0,open,"['charge_density_wave', 'left', 'right']",unseen_size,left,right,6.172946091991835e-11,0.0,0.0,0.0,0.0,False,False,False,"retrospective additional pairs, excluded from 38 locked memory forecasts"
L96_gamma2p0_g0p0_T960,96,2.0,0.0,48.0,960,0.05,0.5,1.0,open,"['charge_density_wave', 'left', 'right']",unseen_size,left,right,0.9949177900396806,0.9949177873000923,0.10710220340973625,0.9949168453435306,0.9949168453435306,True,True,True,"retrospective additional pairs, excluded from 38 locked memory forecasts"
L96_gamma2p0_g0p25_T1152,96,2.0,0.25,57.599999999999994,1152,0.05,0.5,1.0,open,"['charge_density_wave', 'left', 'right']",unseen_size,left,right,1.572785572704718e-06,0.0,0.0,0.0,0.0,False,False,False,"retrospective additional pairs, excluded from 38 locked memory forecasts"
L96_gamma2p0_g0p25_T960,96,2.0,0.25,48.0,960,0.05,0.5,1.0,open,"['charge_density_wave', 'left', 'right']",unseen_size,left,right,0.9999999999946794,0.9999999999946794,0.999898778434388,0.9999967396415544,0.9999967396415544,True,True,True,"retrospective additional pairs, excluded from 38 locked memory forecasts"
