length,skin,initial,cell_index,extremal_probability,inverse_trace_probability
112,0.0,left,0,3.390668096535746e-75,8.284995582274842e-74
112,0.0,left,1,2.2706446095079008e-67,1.2031297446379284e-66
112,0.0,left,2,4.201267760004778e-61,1.3365684334876426e-60
112,0.0,left,3,1.2308588189586794e-55,2.921627760182846e-55
112,0.0,left,4,1.0189453003695092e-50,1.9880688425973063e-50
112,0.0,left,5,3.198545946917904e-46,5.417125325436323e-46
112,0.0,left,6,4.5468395056380593e-42,6.920147739594312e-42
112,0.0,left,7,3.293446960961695e-38,4.61289903977168e-38
112,0.0,left,8,1.3211143856615496e-34,1.7323850061515664e-34
112,0.0,left,9,3.119976552656536e-31,3.880039613112571e-31
112,0.0,left,10,4.542837731245341e-28,5.41148997963493e-28
112,0.0,left,11,4.224974687279586e-25,4.8588408765559625e-25
112,0.0,left,12,2.5791286893795774e-22,2.88167444522792e-22
112,0.0,left,13,1.055210179782954e-19,1.1513638981226897e-19
112,0.0,left,14,2.939163017858697e-17,3.145188246600382e-17
112,0.0,left,15,5.63630400718836e-15,5.936175806940685e-15
112,0.0,left,16,7.495253678811975e-13,7.792592295887962e-13
112,0.0,left,17,6.935904307942258e-11,7.136344817815914e-11
112,0.0,left,18,4.46503942361362e-09,4.556212049830931e-09
112,0.0,left,19,1.9912348653893063e-07,2.0188194100556287e-07
112,0.0,left,20,6.098836086395745e-06,6.153054849450506e-06
112,0.0,left,21,0.00012652031718362588,0.00012718698427371673
112,0.0,left,22,0.0017413555575555124,0.0017461687544546756
112,0.0,left,23,0.015429852884595223,0.015447902916391922
112,0.0,left,24,0.08416891425000955,0.08419355727654253
112,0.0,left,25,0.2631447239563958,0.2631289756350639
112,0.0,left,26,0.4120819047216958,0.4120463116063108
112,0.0,left,27,0.22330042581783788,0.22330353726181135
112,0.0,right,0,1.3185288157866987e-74,1.0821471577845247e-73
112,0.0,right,1,1.0645253440512701e-67,4.064565347588885e-67
112,0.0,right,2,7.685785681313476e-62,2.020917605149057e-61
112,0.0,right,3,1.244304727563714e-56,2.5889095741880187e-56
112,0.0,right,4,6.745843997899863e-52,1.1923694146128075e-51
112,0.0,right,5,1.5343097378482306e-47,2.40468135047641e-47
112,0.0,right,6,1.6904667171895895e-43,2.416730800193472e-43
112,0.0,right,7,9.961210750417718e-40,1.3252030466915005e-39
112,0.0,right,8,3.3724955160433914e-36,4.23695538203301e-36
112,0.0,right,9,6.922035981086865e-33,8.304689747845544e-33
112,0.0,right,10,8.974816441170752e-30,1.0372611797399963e-29
112,0.0,right,11,7.58962429723464e-27,8.508778944335214e-27
112,0.0,right,12,4.292369580835765e-24,4.694207190673884e-24
112,0.0,right,13,1.6556442637051615e-21,1.774364361692501e-21
112,0.0,right,14,4.42202969418374e-19,4.661828817046994e-19
112,0.0,right,15,8.272804901292445e-17,8.606393691195839e-17
112,0.0,right,16,1.0931676862115405e-14,1.125234332584459e-14
112,0.0,right,17,1.026044230495595e-12,1.0473277806142938e-12
112,0.0,right,18,6.86287811950055e-11,6.95991816157446e-11
112,0.0,right,19,3.2753827691295145e-09,3.3054675740618484e-09
112,0.0,right,20,1.1151923292745064e-07,1.1214307592514336e-07
112,0.0,right,21,2.7064927427363494e-06,2.7149315520334613e-06
112,0.0,right,22,4.681943501686431e-05,4.689114084274031e-05
112,0.0,right,23,0.0005792890124443051,0.0005796494412850303
112,0.0,right,24,0.005185217587074806,0.005186178395062462
112,0.0,right,25,0.03447476410586057,0.034475781267240393
112,0.0,right,26,0.1788877877802622,0.1788874542388384
112,0.0,right,27,0.780823300722317,0.7808212150659776
112,0.05,left,0,4.434735205063747e-74,1.0814946944824554e-72
112,0.05,left,1,2.686792572370105e-66,1.42106887611527e-65
112,0.05,left,2,4.497519738597237e-60,1.428447935175425e-59
112,0.05,left,3,1.1921017590184865e-54,2.8253265451178607e-54
112,0.05,left,4,8.928376090044633e-50,1.739585336970065e-49
112,0.05,left,5,2.5356800278801396e-45,4.2889773647971443e-45
112,0.05,left,6,3.261182514011776e-41,4.957592079842744e-41
112,0.05,left,7,2.1371885427540234e-37,2.990197845699539e-37
112,0.05,left,8,7.7564331413942e-34,1.0161105084438655e-33
112,0.05,left,9,1.6573146700344717e-30,2.0592223245670848e-30
112,0.05,left,10,2.1833090499901336e-27,2.5986900810860024e-27
112,0.05,left,11,1.8371668349854412e-24,2.1112558135280336e-24
112,0.05,left,12,1.0146960708101272e-21,1.1329836665363658e-21
112,0.05,left,13,3.756144257710286e-19,4.0960183472153767e-19
112,0.05,left,14,9.466054733702601e-17,1.012433440669549e-16
112,0.05,left,15,1.642416909246971e-14,1.7290085617337053e-14
112,0.05,left,16,1.976152799245848e-12,2.053727865718159e-12
112,0.05,left,17,1.6545653367845953e-10,1.701795297236681e-10
112,0.05,left,18,9.637273237715356e-09,9.8311873622193e-09
112,0.05,left,19,3.888667210063013e-07,3.941577481174611e-07
112,0.05,left,20,1.0776457709609456e-05,1.0870109894869547e-05
112,0.05,left,21,0.00020227467019947988,0.00020330889033455825
112,0.05,left,22,0.002518965946432346,0.002525634286633551
112,0.05,left,23,0.02019536950048799,0.02021735491169382
112,0.05,left,24,0.09967785590746302,0.09970207911291892
112,0.05,left,25,0.281968535373471,0.2819451201635044
112,0.05,left,26,0.39953154227614296,0.39949605042790537
112,0.05,left,27,0.19589428119665014,0.19589917793592834
112,0.05,right,0,9.085495867995828e-76,7.457785770264816e-75
112,0.05,right,1,8.106805294597351e-69,3.0957589641011625e-68
112,0.05,right,2,6.468689951634645e-63,1.7011048559898508e-62
112,0.05,right,3,1.157414154301938e-57,2.4084010443519196e-57
112,0.05,right,4,6.934768755650466e-53,1.225891971733906e-52
112,0.05,right,5,1.7431794405233648e-48,2.732299841077832e-48
112,0.05,right,6,2.1226030321589205e-44,3.034789318674284e-44
112,0.05,right,7,1.3823154070122582e-40,1.839128793110109e-40
112,0.05,right,8,5.172244519734017e-37,6.498499005709778e-37
112,0.05,right,9,1.1732591985869602e-33,1.4077062111410361e-33
112,0.05,right,10,1.681194479437971e-30,1.943149373927501e-30
112,0.05,right,11,1.571248057313582e-27,1.761630219647238e-27
112,0.05,right,12,9.820950499399797e-25,1.0740863894271619e-24
112,0.05,right,13,4.186539881391328e-22,4.486929163003629e-22
112,0.05,right,14,1.2357809890366367e-19,1.302843280710781e-19
112,0.05,right,15,2.555077967108295e-17,2.6581930129433456e-17
112,0.05,right,16,3.731380628472061e-15,3.840941798676332e-15
112,0.05,right,17,3.8706162768546594e-13,3.9509981231060527e-13
112,0.05,right,18,2.861221427534085e-11,2.9017352203392122e-11
112,0.05,right,19,1.5091703551565418e-09,1.52305644060474e-09
112,0.05,right,20,5.6788039272331966e-08,5.7106429650547174e-08
112,0.05,right,21,1.5231571899787507e-06,1.5279209208588068e-06
112,0.05,right,22,2.912021870389325e-05,2.9165017405748466e-05
112,0.05,right,23,0.00039819351964151013,0.00039844310025990797
112,0.05,right,24,0.003939091919614329,0.003939832776478505
112,0.05,right,25,0.02894412596490598,0.02894502320666985
112,0.05,right,26,0.16598528921672165,0.1659851049040548
112,0.05,right,27,0.80070259767701,0.800700844415308
112,0.25,left,0,1.1727100901049785e-69,2.8326282537407845e-68
112,0.25,left,1,4.758879276777046e-62,2.4949538939533245e-61
112,0.25,left,2,5.336013447491953e-56,1.68110182451634e-55
112,0.25,left,3,9.474436282917583e-51,2.2288480458888837e-50
112,0.25,left,4,4.753672641853701e-46,9.198981737987081e-46
112,0.25,left,5,9.044539377125076e-42,1.5203023956257105e-41
112,0.25,left,6,7.793256817268763e-38,1.1779564164537662e-37
112,0.25,left,7,3.4217928026891803e-34,4.762561143403013e-34
112,0.25,left,8,8.320581091666508e-31,1.0848352541074227e-30
112,0.25,left,9,1.1912142019642794e-27,1.4736973156270057e-27
112,0.25,left,10,1.051489378003153e-24,1.2466419889961571e-24
112,0.25,left,11,5.9286203845669685e-22,6.789070639520957e-22
112,0.25,left,12,2.1941492952099227e-19,2.4421668130132313e-19
112,0.25,left,13,5.4426033450206186e-17,5.918283659971929e-17
112,0.25,left,14,9.191282642291689e-15,9.805789639265983e-15
112,0.25,left,15,1.0686639213625771e-12,1.1225235002621867e-12
112,0.25,left,16,8.616609144937614e-11,8.937651181950567e-11
112,0.25,left,17,4.834650368263149e-09,4.964437318902208e-09
112,0.25,left,18,1.8871546237691176e-07,1.922431582601717e-07
112,0.25,left,19,5.103087015222143e-06,5.1665090567051094e-06
112,0.25,left,20,9.477499801606848e-05,9.550877370508197e-05
112,0.25,left,21,0.0011922068162200895,0.0011974238702048016
112,0.25,left,22,0.009950200457119222,0.009971126208534674
112,0.25,left,23,0.05346486133553716,0.05350326569721108
112,0.25,left,24,0.17686059201106424,0.176865195305484
112,0.25,left,25,0.3353195855965203,0.33526247958053523
112,0.25,left,26,0.31845463563315457,0.3184307998177813
112,0.25,left,27,0.10465784642799635,0.10466883693938266
112,0.25,right,0,2.000174834094181e-80,1.6425004301961915e-79
112,0.25,right,1,2.6625713343073277e-73,1.0171394996893737e-72
112,0.25,right,2,3.169559787032116e-67,8.33800705023226e-67
112,0.25,right,3,8.460607266835719e-62,1.7610746811815862e-61
112,0.25,right,4,7.562649873384917e-57,1.3372695635284716e-56
112,0.25,right,5,2.8360415157016178e-52,4.446444837477023e-52
112,0.25,right,6,5.151895389882931e-48,7.367682318434554e-48
112,0.25,right,7,5.00532779011038e-44,6.660890299749984e-44
112,0.25,right,8,2.794029273420899e-40,3.5111629655403198e-40
112,0.25,right,9,9.455224787514312e-37,1.1346652379390756e-36
112,0.25,right,10,2.0212560498005552e-33,2.336574876786316e-33
112,0.25,right,11,2.818208734319814e-30,3.160138087676242e-30
112,0.25,right,12,2.627885995063773e-27,2.8744073495492735e-27
112,0.25,right,13,1.6712153824378262e-24,1.7913320954607423e-24
112,0.25,right,14,7.359401820295009e-22,7.7595558671822e-22
112,0.25,right,15,2.270014425475436e-19,2.3618319414554994e-19
112,0.25,right,16,4.9455787369548316e-17,5.091174687749644e-17
112,0.25,right,17,7.653330308953563e-15,7.812767286661986e-15
112,0.25,right,18,8.440034942203991e-13,8.559997522072374e-13
112,0.25,right,19,6.641300648068777e-11,6.702697939251799e-11
112,0.25,right,20,3.728151034655845e-09,3.749181383637733e-09
112,0.25,right,21,1.4917729324032322e-07,1.4964772317029755e-07
112,0.25,right,22,4.254745515536773e-06,4.261370242809305e-06
112,0.25,right,23,8.679478490353649e-05,8.685026188360954e-05
112,0.25,right,24,0.0012809008057860802,0.0012811512460578576
112,0.25,right,25,0.014041035688250556,0.014041526027053263
112,0.25,right,26,0.1201232228549493,0.12012331734187391
112,0.25,right,27,0.864463638147886,0.8644627402880931
96,0.0,left,0,4.882025557433353e-64,1.0270765468322745e-62
96,0.0,left,1,1.7442697946554943e-56,8.06055822863395e-56
96,0.0,left,2,1.718378249308416e-50,4.824368454182777e-50
96,0.0,left,3,2.6700953564274388e-45,5.654467495644597e-45
96,0.0,left,4,1.165483574503787e-40,2.0493972029690163e-40
96,0.0,left,5,1.913835602091351e-36,2.9487675342625738e-36
96,0.0,left,6,1.40882497716602e-32,1.9678068481396213e-32
96,0.0,left,7,5.218494987347607e-29,6.762931729891235e-29
96,0.0,left,8,1.0543301650675595e-25,1.2890326632532824e-25
96,0.0,left,9,1.2314726260713416e-22,1.4381365689826807e-22
96,0.0,left,10,8.678688997489921e-20,9.773488990997173e-20
96,0.0,left,11,3.808118369736256e-17,4.166425287213235e-17
96,0.0,left,12,1.0641849212788542e-14,1.1379124422431878e-14
96,0.0,left,13,1.9232897055459356e-12,2.019579765553866e-12
96,0.0,left,14,2.2682454022943995e-10,2.3481999332449206e-10
96,0.0,left,15,1.7507708228105347e-08,1.7926952862910815e-08
96,0.0,left,16,8.815802469434439e-07,8.952261682441294e-07
96,0.0,left,17,2.8669077643750847e-05,2.893618070654684e-05
96,0.0,left,18,0.0005911538441645932,0.0005941274888709555
96,0.0,left,19,0.007504202929711523,0.007521143566712024
96,0.0,left,20,0.055993556256975434,0.05603147269810211
96,0.0,left,21,0.2276624747622313,0.22765890302596087
96,0.0,left,22,0.43734325512816613,0.43728613532231814
96,0.0,left,23,0.27087578868439355,0.27087836832735723
96,0.0,right,0,2.3282281951512418e-63,1.65611095631447e-62
96,0.0,right,1,1.0161402571613687e-56,3.4059255275964363e-56
96,0.0,right,2,3.956878680074785e-51,9.2417420663486e-51
96,0.0,right,3,3.4412208922197896e-46,6.429303174418304e-46
96,0.0,right,4,9.963760285439413e-42,1.5974432288156237e-41
96,0.0,right,5,1.2010756988514424e-37,1.7234231206348436e-37
96,0.0,right,6,6.946148391152019e-34,9.170796922486527e-34
96,0.0,right,7,2.1233276962211503e-30,2.629876924182826e-30
96,0.0,right,8,3.67713957479983e-27,4.333447824902044e-27
96,0.0,right,9,3.796956183775305e-24,4.3033377460711085e-24
96,0.0,right,10,2.4291062896090937e-21,2.66963953150102e-21
96,0.0,right,11,9.910300517049728e-19,1.063063653756184e-18
96,0.0,right,12,2.6346769967102507e-16,2.772877860166144e-16
96,0.0,right,13,4.636532749806705e-14,4.8079553291542215e-14
96,0.0,right,14,5.4601284478684965e-12,5.597951255451489e-12
96,0.0,right,15,4.3321106689556816e-10,4.403628157681197e-10
96,0.0,right,16,2.3235466562815994e-08,2.347210016663142e-08
96,0.0,right,17,8.431563288702859e-07,8.480396323446582e-07
96,0.0,right,18,2.069022058713415e-05,2.07508271357543e-05
96,0.0,right,19,0.0003435601207409348,0.0003439860881267945
96,0.0,right,20,0.003884800538670475,0.003886319870757144
96,0.0,right,21,0.03052524025263564,0.03052733397119597
96,0.0,right,22,0.1746249248179486,0.17462453783783574
96,0.0,right,23,0.790599917218904,0.7905961994472069
96,0.05,left,0,4.356452894391415e-63,9.145781736645897e-62
96,0.05,left,1,1.4080967831832152e-55,6.494619197409769e-55
96,0.05,left,2,1.2549629402375104e-49,3.5172204786413416e-49
96,0.05,left,3,1.7641629610121487e-44,3.730107840655448e-44
96,0.05,left,4,6.966644025153364e-40,1.2232813846238298e-39
96,0.05,left,5,1.0349818132688295e-35,1.5926168852362664e-35
96,0.05,left,6,6.892873345463195e-32,9.616649753703238e-32
96,0.05,left,7,2.30997756428194e-28,2.99052120698033e-28
96,0.05,left,8,4.222425763084188e-25,5.157584561492163e-25
96,0.05,left,9,4.462069896302466e-22,5.206586841528507e-22
96,0.05,left,10,2.845083165084843e-19,3.201644935358015e-19
96,0.05,left,11,1.1294923011338109e-16,1.234973642722472e-16
96,0.05,left,12,2.855778212633451e-14,3.051922410959005e-14
96,0.05,left,13,4.669700015610178e-12,4.901129804784213e-12
96,0.05,left,14,4.982799659259352e-10,5.156331344160732e-10
96,0.05,left,15,3.479796888162925e-08,3.5619086253455224e-08
96,0.05,left,16,1.5853664829649684e-06,1.6094578889311593e-06
96,0.05,left,17,4.66473259516356e-05,4.707156191618699e-05
96,0.05,left,18,0.0008702835314597512,0.0008745156778542804
96,0.05,left,19,0.009995721189194917,0.010017108633351379
96,0.05,left,20,0.06748375513199946,0.067524455999223
96,0.05,left,21,0.24826011361444603,0.24824713633185835
96,0.05,left,22,0.4315146469302592,0.4314553594206926
96,0.05,left,23,0.24182721160925882,0.24183270677756413
96,0.05,right,0,2.3894351718009816e-64,1.699974142233143e-63
96,0.05,right,1,1.1525524263708562e-57,3.8638252922625e-57
96,0.05,right,2,4.9601682557287375e-52,1.1586856407355914e-51
96,0.05,right,3,4.767517179864045e-47,8.908511299535977e-47
96,0.05,right,4,1.5255923329080007e-42,2.446223369200582e-42
96,0.05,right,5,2.0324536295874786e-38,2.9167018766277975e-38
96,0.05,right,6,1.2990591889643272e-34,1.7152864262548568e-34
96,0.05,right,7,4.3887025127212e-31,5.436187741419844e-31
96,0.05,right,8,8.399687442230936e-28,9.899700198945255e-28
96,0.05,right,9,9.585663428523788e-25,1.0864840416880502e-24
96,0.05,right,10,6.777451236476252e-22,7.44903460326909e-22
96,0.05,right,11,3.0559041952394723e-19,3.278204824542309e-19
96,0.05,right,12,8.978691931943149e-17,9.450113043749632e-17
96,0.05,right,13,1.7462707125541698e-14,1.810906950538707e-14
96,0.05,right,14,2.2727591899232034e-12,2.3302057647720252e-12
96,0.05,right,15,1.992884881302865e-10,2.0258404948136697e-10
96,0.05,right,16,1.1813156463032309e-08,1.1933724458621257e-08
96,0.05,right,17,4.7375556756671834e-07,4.765074044093915e-07
96,0.05,right,18,1.2848214122479302e-05,1.2886007065490511e-05
96,0.05,right,19,0.00023578248658767765,0.00023607678357510795
96,0.05,right,20,0.0029465129939632508,0.0029476803894056005
96,0.05,right,21,0.02558757909466366,0.025589404247486378
96,0.05,right,22,0.16177313609849128,0.1617729909627004
96,0.05,right,23,0.8094436553418688,0.8094404729637057
96,0.25,left,0,2.5341528399680144e-59,5.266335767285403e-58
96,0.25,left,1,5.485337171275315e-52,2.5068226583552227e-51
96,0.25,left,2,3.2742290898584717e-46,9.10021640238154e-46
96,0.25,left,3,3.082875681402255e-41,6.469276624677413e-41
96,0.25,left,4,8.154702454771796e-37,1.4221418217367406e-36
96,0.25,left,5,8.115387292647483e-33,1.2411093985488992e-32
96,0.25,left,6,3.6206871159947865e-29,5.023480892847597e-29
96,0.25,left,7,8.128912387149409e-26,1.047152778734663e-25
96,0.25,left,8,9.954937075576706e-23,1.2105750739683228e-22
96,0.25,left,9,7.048242046972877e-20,8.191825526829218e-20
96,0.25,left,10,3.01107807762192e-17,3.3766259315506366e-17
96,0.25,left,11,8.009517388151508e-15,8.73071236958221e-15
96,0.25,left,12,1.3569252294563243e-12,1.4462643714524306e-12
96,0.25,left,13,1.4867578560491854e-10,1.5568709360820337e-10
96,0.25,left,14,1.0630537502313324e-08,1.0979420814883195e-08
96,0.25,left,15,4.974808709636416e-07,5.083977210317464e-07
96,0.25,left,16,1.5188071241052517e-05,1.53986499365087e-05
96,0.25,left,17,0.0002994744422605433,0.0003018866058268871
96,0.25,left,18,0.0037442386801089084,0.0037595428775024746
96,0.25,left,19,0.028820186865412628,0.028866360662568723
96,0.25,left,20,0.13039860346209095,0.130434642183829
96,0.25,left,21,0.3215026995595933,0.32143881007703784
96,0.25,left,22,0.3745356054818801,0.374483027884238
96,0.25,left,23,0.14068349517596332,0.1406998115247766
96,0.25,right,0,2.5937192842648806e-68,1.8463023864991372e-67
96,0.25,right,1,1.866500946770096e-61,6.260309279849417e-61
96,0.25,right,2,1.1984001109297662e-55,2.8006686237973237e-55
96,0.25,right,3,1.718438261446861e-50,3.212321681750594e-50
96,0.25,right,4,8.203797277516681e-46,1.3159148784812251e-45
96,0.25,right,5,1.6305364326690782e-41,2.3406771764031427e-41
96,0.25,right,6,1.5547875709979513e-37,2.0535435760730127e-37
96,0.25,right,7,7.836271297935924e-34,9.709112018267976e-34
96,0.25,right,8,2.2375187572321273e-30,2.637696969168261e-30
96,0.25,right,9,3.8093870334702545e-27,4.318610160148941e-27
96,0.25,right,10,4.01816612131335e-24,4.4171122393684e-24
96,0.25,right,11,2.7028941796896604e-21,2.8999620929100427e-21
96,0.25,right,12,1.1847576203034636e-18,1.2471280068344843e-18
96,0.25,right,13,3.4375932687356976e-16,3.5652333229088167e-16
96,0.25,right,14,6.674553189627442e-14,6.843903645572042e-14
96,0.25,right,15,8.731246207784518e-12,8.87631395909978e-12
96,0.25,right,16,7.721196677814611e-10,7.800477810606562e-10
96,0.25,right,17,4.619521493328901e-08,4.646571731619213e-08
96,0.25,right,18,1.8689976718224257e-06,1.8745591570826827e-06
96,0.25,right,19,5.116819648397138e-05,5.123324423334928e-05
96,0.25,right,20,0.0009539346406892751,0.0009543260150150226
96,0.25,right,21,0.012358339510881009,0.012359313219939671
96,0.25,right,22,0.11656196294378059,0.11656226324395774
96,0.25,right,23,0.8700726787343604,0.8700709424629869
