length,skin,initial,log_delta,effective_exponential_rate,log_inverse_trace,finite_prefactor_log_correction,inverse_purity,concentration_width,inverse_mean_cell,inverse_mean_over_L,inverse_variance_over_L2,extremal_mean_over_L,distribution_total_variation,trace_log_delta_skin_slope,extremal_log_delta_skin_slope,slope_error_upper,uniform_graph_norm_upper,delta_mp,trace_mp,square_trace_mp,source,source_sha256
64,0.0,left,-95.85073563492419,1.4976677442956905,95.85104258202982,0.0003069471056307762,0.9993863881807646,0.0006139885698786996,14.288375189482096,0.22325586233565775,0.00012708209052853968,0.22325960150151744,0.0001490818691974643,29.576750378964192,29.577228992194232,0.018408354577060398,0.45141622964513645,0.0000000000000000000000000000000000000000023580576979253602710143162284523986357731135620730855109855718095706017786167818969542597131923161270608733660608151061695315052624586372724369659570446122049663120738220366465057184965632631357755165,424208023026235832384829524299673126261030.75510034252524743087433724717901593245398014331548805223273389554533049571610510639501701861979439921994966190319849369469708681470295225594757340184907318240858677622602363350276465317272446899746706893370474981818286357644408150373886705663417834164756377570458769835726941022,179842025851570736151544327392949140285561049710035382910526397133599336219286759690.27479113935048368345582538834130567438823540098710839699489664909775466720935273677056480093081059981338774506549210566469366096585553941312971197620701009549748765211214179858478121434047562352962353084278926502404249566742375178681404,data/prl_p2_rank_reduction/static/L64_gamma2p0_g0p0.json,BF0E4636111D3051543214DFB6F47F73066C4410EAD7F4367144350D1A4C44E8
64,0.0,right,-103.3321187366795,1.6145643552606173,103.33213949662601,2.075994651519016e-05,0.999958481399459,4.152032440682433e-05,14.80279956866316,0.23129374326036187,4.9813775651473374e-05,0.23129422930502086,1.4731555380244616e-05,-30.60559913732632,-30.60566135104267,0.0012455580162318285,0.45141622964513645,0.0000000000000000000000000000000000000000000013287125262951610234211173879152386360903748505094783404922467160760784851704474766143709373115502442139214520470006986511715227435405293734101259740569925003042184153129607618542872966870720512965404,752623867369079908900718275859611810494714161.10981611778559530836338066273821215311462970755221130608741936390124358788855442459564821636305141029169777924905701586577482824825338555847645772505884115199689352719438330221150781493231310858721700785682574734700809362937582184061416257248734377430230503373881507708550262,566419167825992007011762670458322158449231071479047713916268030398104991502966306851200247.38055558549419703956139390708557990580908618060316352987467350131842017705448774820896477196694949317021717453162425230137865627536105161899124667718140824171937523846996955056065491421442346907349951078908132990172988670318009654,data/prl_p2_rank_reduction/static/L64_gamma2p0_g0p0.json,BF0E4636111D3051543214DFB6F47F73066C4410EAD7F4367144350D1A4C44E8
64,0.25,left,-88.52730833940909,1.383239192803267,88.52775721134007,0.00044887193098043266,0.9991028598412796,0.000897945741905835,13.99294562981064,0.21863977546579125,0.00016169080024845393,0.21864497409968228,0.00020864800505986548,28.98589125962128,28.986556684759332,0.02691420476161258,0.5388260268824059,0.0000000000000000000000000000000000000035733741424057094331257919507646641168451532848045717427367437698522399724362193768209844956896646365213973574590107931875023445886011939812202420193283278255250195264713012753106483493344795395740112,279973194191058524358304841809869129513.0750548111806624362722802285127219406073715844018404266509531566441686640090938807150565482541329456744123519359588415254773566472787860501484030139316928705716641782252296668602482430956228785088597494195136711524321504711788952870862128795160435494225049843327036885721185831413,78314667143653749958412509443212589324128460269604325173954676933480663802098.364971187229377876665475717681232423326328546605529470094032713135424687350405749798152736488270503952100464127094630623511671437606103405054557813139123986545179239991817446240000414676931627889175220942777560525509900788897964457843819204483,data/prl_p2_rank_reduction/static/L64_gamma2p0_g0p25.json,7BBFCF08198A9DD582C9556E561ED00137E9DC25C49BBAFCE76CF8030A98F6A4
64,0.25,right,-111.00509289138438,1.734454576427881,111.00510303129867,1.013991429611286e-05,0.9999797204797888,2.02799314785296e-05,14.882146886712718,0.23253354510488622,2.9479989646704253e-05,0.23253376201151402,8.19574736521668e-06,-30.764293773425436,-30.764321537473794,0.000608385606337479,0.5388260268824059,0.0000000000000000000000000000000000000000000000006181597080348283895732679636876317113365617183216968809812064632236024339703175422066386361618895099542306026438659563928313071848330994994617379675538748385634592977308357250696515903726492695314975,1617721321800162667947631626629064769896500544125.8689140300113599405228193451757145423477916706932808646943956226959475289730839618700135250156918371563223183597345079035863169596274049303544658345973151998816931605828137511487712249723570564107316063496160174167689945935648537179510827440128138548544791555918900712095,2616969203050746166708118270693646891478043450521850403903008241049646413710132404395784039334918.9252224988383075432857863347387785313254430701404029375576693519496639498456193286281502115007378371473709909613993656975495077373626702074747523468154753378031285235540599819943212611381792311484853484978979272114696209136,data/prl_p2_rank_reduction/static/L64_gamma2p0_g0p25.json,7BBFCF08198A9DD582C9556E561ED00137E9DC25C49BBAFCE76CF8030A98F6A4
72,0.0,left,-108.64122492495166,1.5089059017354396,108.64146935710995,0.00024443215829197793,0.9995113147920014,0.0004889241379926795,16.185961443693984,0.22480502005130534,0.00011373198387731951,0.2248078186932261,0.00011789344790033796,33.37192288738797,33.37232589182456,0.01661529707195271,0.45141622964513645,0.000000000000000000000000000000000000000000000006572271682812595875938287554179289874260377847356848745294692250393877601391120854828747625737633035488550828038528550868202269928701939701083299140243132253508771883116120562011124744346307323240751,152191587674326438741459518503231431210455828607.11286282894441491752161493273497634893342819569582604377017070643404494678576651042949469585610392139429717742345261025428843798511115178287145229248474886789650446028981355925067748834916701982525712917364720939310481451266368750791833949689762462121664124804734442259719,23150960295525998392210425965639493191735670647604516733942346078613039682148698823698308773794.819102877611011933144236671084265035217476915573478671854942842591619681571235725003292719629743513457468671051500647290984598420064226274471678479392578455494712524744665854966234224806699514936362585927830564189363327083378,data/prl_p2_rank_reduction/static/L72_gamma2p0_g0p0.json,8D6A84D282574DFA6C5C73C22B804DC0D71F1A69A5E11FFADC6AD0A0BD1EA087
72,0.0,right,-116.43133702311064,1.617101903098759,116.4313513767427,1.4353632045701678e-05,0.9999712933538251,2.8707470270080664e-05,16.787080049806725,0.23315388958064898,4.329624943761242e-05,0.2331542104350975,1.0053982051991117e-05,-34.57416009961345,-34.57420630265404,0.0009760259699462274,0.45141622964513645,0.0000000000000000000000000000000000000000000000000027196487055227669680877094854805471595488883214284833783610161080024546688925832991771468139784189631743386126833173690610136443213632017349856119450642477643105423009300189602561564867178208620020978,367699825240053659134642381528494160337997846226593.78783741059960884702063092872309303978621000351568853093740115042905641547616363481261401262066858188856415804038315455664932520183883930795837687696824652058821074862511254950814280244463224437743479767647734426798661332171379898640711163916393463772163095378990142838,135199280252247624264089959988384979629956436411249080963585529712479290469101826015632681679363457940.60789720983414244254786205508000851211748500820948538037618463574790676721050863358334833055378179940120279995580276530181431662395251650147602260319022009064424646212529229354634600432800503381632509250158752836012909,data/prl_p2_rank_reduction/static/L72_gamma2p0_g0p0.json,8D6A84D282574DFA6C5C73C22B804DC0D71F1A69A5E11FFADC6AD0A0BD1EA087
72,0.25,left,-100.3783902331145,1.394144308793257,100.37875610873543,0.00036587562093251324,0.9992686499434016,0.0007318853209693337,15.85154659732664,0.22016036940731443,0.00014460721026092206,0.2201643753357713,0.0001659153332171125,32.70309319465328,32.703670048351064,0.024865901924346255,0.5388260268824059,0.000000000000000000000000000000000000000000025481149706816061060934329362487426879324520353761222268220380909224485191679928723534955287535834566039702814222697157632512420218793259253034251819150405451629122794860469535679242586254422904580815,39259058326319911135240337384042142591131261.828257356288843059589118711308397242876907192555275773597033690839439573328995060671555877248761630869190701017887887741253841840714549706563295501158992808380293678745607755040395896002904786186934901436356896869189809419113343018555967977972233540681972171545165742740802429,1540146450090424531826154975856955775105584373682230909377533014707697702031950436202989.5337932594648101105649475379765203320037137319806257393344329003380535704220708157739121475023549302002953814855869623736185689057896152798369652442841517058263639951701204555526429105673037992350632749959510504255391258900574509289,data/prl_p2_rank_reduction/static/L72_gamma2p0_g0p25.json,85FB02FD52435E9CABBAF9BD5B72B87A34F86AE65273DE3F7D0785B75C1E31F8
72,0.25,right,-125.09849150808387,1.737479048723387,125.09849818228011,6.674196238506082e-06,0.9999866517411332,1.3348437045140161e-05,16.873755896488085,0.23435772078455674,2.52578073126648e-05,0.2343578556399513,5.349105115711707e-06,-34.74751179297617,-34.747531212152985,0.00045384080146939856,0.5388260268824059,0.0000000000000000000000000000000000000000000000000000004681827881232050216590066169917563227935543745100552545093400432747763298029598559605570544308555622815165181915310471156057047321455198212131456261507287736523494851798194150605003200945409495694543,2135932160657203475048756791327756232229833807714001115.9406711640961246605621066649969394189954685267695382768932056106019528185050351818809238511185271511827722000822707632202424247791555341670442811607072722800274678238045721968030279694058271695712184726764558079433401724064737956698627834850330607335383061223882472,4562145297420456277272408372582298708738701146618293752021026290111040230724313595784727518288867064604076281.6274255224252803926923413820857810391683931051292214364731833583111825495779620873877070644719653788465978601479805266797657955564584910140795187183500825130953502473583200742087317198940979834750394685520608098,data/prl_p2_rank_reduction/static/L72_gamma2p0_g0p25.json,85FB02FD52435E9CABBAF9BD5B72B87A34F86AE65273DE3F7D0785B75C1E31F8
80,0.0,left,-121.4491917252657,1.5181148965658213,121.44939057899687,0.00019885373116151903,0.9996024110939611,0.00039774704585178575,18.088430295303286,0.22610537869129108,0.0001027455465510853,0.22610754491655669,9.172825586849619e-05,37.17686059060657,37.17720718664907,0.01510837842947992,0.45141622964513645,0.000000000000000000000000000000000000000000000000000018000567702250900183147291089532851803259884398306419677306421928293637372359980763937299537748122081951877487357477066430664862132153268177817344111582005611061361416418074463290068373173896690303295,55564851622918780890204219006206486030117169040805910.977387323639560739715706388583793328758095526801891565007889206611008110443024643822480913061250578450836479845675739215896567175864236740709275213974686863805499838936191659509036052339563263588966371534135623691969809682423828863906464715535632577929661231768042881,3086225198921275601448738668888457958012942145517503435811201154916402836968080681899599543629821874828182.4395023402644965833506981718998510045792141325889535998799109555907684125940269651813381980602436330471484368111016276301208321032545569689819456285451165505308620462051750195338511397931514731503359962302253103417,data/prl_p2_directional_remainder/static/L80_gamma2p0_g0p0.json,859C6C01F7656C1C25C48FBC01B281FBB13DE5F47775FDE787B856BD28702C1B
80,0.0,right,-129.53164103732635,1.6191455129665793,129.53165120998605,1.0172659705563325e-05,0.9999796549909721,2.0345422955748407e-05,18.773444861196996,0.23466806076496244,3.7987590668487504e-05,0.23466827909516155,7.148886593758096e-06,-38.54688972239399,-38.54692465522585,0.0007731103430615184,0.45141622964513645,0.0000000000000000000000000000000000000000000000000000000055606180565484774567654145462341116613642888102890342865695400193555529428427509430310426236540312709391356588028224675995260946618601361183201438098059610550853965773803121804225249950711925972086254,179837953720590907283765581174261747557773448856737540513.45901108434205311861428328374332048749441580016690029913571281975394897101888492858297183514367398070618269571668638764209141089429736435876854377841018234610558342284376800318757336917131231795573770212725831787885247854552459114232176837220817119384950794915736,32341031606442538651110568029845565127488472208786402350300277844462401665449595825637065178656600011843679906636.492117412538764187828971087216747043353919676050931775020988630803702749151414373506205470968424392167245276894257793346665534528384723858833562850889417326880160681046058418934191791727171957442156471261374,data/prl_p2_directional_remainder/static/L80_gamma2p0_g0p0.json,859C6C01F7656C1C25C48FBC01B281FBB13DE5F47775FDE787B856BD28702C1B
80,0.25,left,-112.24442811241772,1.4030553514052215,112.24473288656782,0.0003047741501039877,0.9993907301251866,0.0006096413108985569,17.715204945102133,0.22144006181377668,0.0001308484061289799,0.221443241207927,0.00015352325637890438,36.43040989020427,36.430918593268316,0.023152255242908613,0.5388260268824059,0.00000000000000000000000000000000000000000000000017900462263406428646078202294519809071479261042132739367709803923775199772227985592865951694453630276812780805969387898790851653266324952283555138154611511207199615032807020001613579161030355005320157,5588150774426467453795709756575453352107199069492.1147537868075600490328144334940349596783012816024867575196525438485351749681528759796003107176385098173924874235135225708939303705357703538633465623438603148956148749339786808516359115387223495296919296193875597609016673879044872091036874534868779850442996187788564853819,31208403145918199724693580952497172162455297673730985286289178439432629967966655875999423117339876.914249590114260956934806720398362569010216510044094146315280516303972281285026052786945774081322124486626322719876420411142538509644090269429824213092081605095767252500659290319279220079518316841703470571173243466628867482,data/prl_p2_directional_remainder/static/L80_gamma2p0_g0p25.json,66851DA34038F469EA4C90A59DE1F0D4ECD908C1EA29FA957D9017ED4F002870
80,0.25,right,-139.19382009865294,1.7399227512331619,139.1938246092707,4.510617760050896e-06,0.9999909788255081,9.021255874203551e-06,18.86669472440723,0.23583368405509034,2.1854033137316422e-05,0.23583377073859504,3.5939953211919598e-06,-38.73338944881446,-38.733403318175206,0.0003428046306914466,0.5388260268824059,0.00000000000000000000000000000000000000000000000000000000000035390933339347249743770036725413739274082564202182205119219814255758106089155869391834546835450739930133217266275356639943205691753057108585926875734826290449470676372367832870283138210752003699913116,2825595191399314992837202868249993230194032488914483436177864.9233170476553362069303023798380147820544644191800493377086065192309379581211369975470381067629786760163680426321033938074676037382503102638284293971140866999955248361068333307193359946805042685263932689226998316981476252348605428114225925965656889723750724089,7983916160708367589043299556630541387905839958322532275848851374456697376786850977889836418953492564850773108780767382137.1350664714539094744225463109296257269369576630532347162968275457445029017973114969565740805528135591652201805221548442398264531944809822602849224901739984103471687690040135974979440777253151834463909,data/prl_p2_directional_remainder/static/L80_gamma2p0_g0p25.json,66851DA34038F469EA4C90A59DE1F0D4ECD908C1EA29FA957D9017ED4F002870
96,0.0,left,-147.10558828014172,1.5323498779181428,147.10572693338042,0.00013865323870454263,0.9997227511721437,0.0002773257160860316,21.90606639960351,0.22818819166253657,8.591498470684047e-05,0.22818958560402863,6.069154211845221e-05,44.81213279920702,44.812400435973494,0.012753446081390367,0.45141622964513645,0.000000000000000000000000000000000000000000000000000000000000000129674550965797160197008360187896550201203088566966451255975394439473212948653388425247306955062768123597009837220236084003360433321041030903935849808043115971282542694313112639058661513594566533327539105299982297224918755744386019403345471,7712682676767508308862715376484527800900684759171364410409162506.7941667829481288260609659754804113079656896251858854933472086825847273617173066037598243455696922006809381072327801646876010386322740909317523103757784866070736335537314636157764250205321280903738651264198001206881467062288046609189885269484625576302288879,59468981794548536703064690370922885846494574366348164026823885070022814893907949698018057667795926987583237212521924167087183852.435298734803386279425184436469798034164669584192689595922478837709628988646942308512899439486091368803373551234210711465177487713133146962315515650117588346261273518890049657068775901097052317,data/prl_p3_selection_front/static/L96_g0.json,3D705DFA61CDB49053A4C01F05B05F82347614CE604196D603FA069A75893CF8
96,0.0,right,-155.73434730220677,1.6222327843979871,155.73435271287667,5.410669891645222e-06,0.9999891787480302,1.0821369070586249e-05,22.75117688000305,0.23699142583336513,2.993186456206698e-05,0.2369915341288889,4.104751809859283e-06,-46.5023537600061,-46.502374552746666,0.0004977775906119444,0.45141622964513645,0.0000000000000000000000000000000000000000000000000000000000000000000231970267790091826750742689618794304892167445276765032888322301119459919022860728105497868937999895552085933093470474602055664121788955574571683324787495487634263466309356457501123478839379204450943675103435614154876454998163184913897975273,43109206201780428962729790169058108348679177611567308794422995337870.395634109136268778616051346679031796785475956776525998738129053815328192557033131797227320595522559446172421967255555143280572938496277124876887761050032185589959320527528083001376248088611367751705924047754696185604019868977640283087692285194795965303,1858383549093364753321494253056847834795359081918560925678831936685676274468073281506898589641226524588865831780325373140194521336357713.130837367886143657095124214190358448682889311147920074680867999828948134840091837196753352116166006084059436118762432095377399058591540578283157832420994682328212582278500833778044764,data/prl_p3_selection_front/static/L96_g0.json,3D705DFA61CDB49053A4C01F05B05F82347614CE604196D603FA069A75893CF8
96,0.25,left,-136.01054575918158,1.416776518324808,136.01076820358193,0.00022244440037074494,0.9995552595524164,0.00044493832965550176,21.455148990618454,0.22349113531894224,0.00011014449255503376,0.22349327087473572,0.00011646708019755225,43.91029798123691,43.91070800794926,0.020458060588846687,0.5388260268824059,0.00000000000000000000000000000000000000000000000000000000000853828203294468015119926756072221186939868538600227639332161241994868084544165822005686898370904145373678568554719050275088043834400864510640854649792119119435724533274682808765449376497452800080914186907446664765500636784816203000913552427,117145634834224904404771020159075779054945111482502088321194.59422287897548847609023202704014642916561432416772430781797774050551767193811523107575754265318338833377408070406215401090676559736362228691187210531313182088948955340358898105408265453990444503845674450915296251696167699856734975872173069205352368055666443705,13716996543183752875633395737716220501458563928180356757652247991905243846621198364605705748759813732526847344307277499.485474869596411823743241877339479702500474256797228480346079828673000140461120469307159034921765789126985342908421811015274817755721693760258500732295831016770048854679164742073860513799008578138232724,data/prl_p3_selection_front/static/L96_g0p25.json,C584ADDC904D5374C0FA6F6F6FC83B88834962CD5FA659EB0112C99058CE4657
96,0.25,right,-167.3885631117034,1.7436308657469104,167.3885653051673,2.1934639170735704e-06,0.9999956130865983,4.38693264674468e-06,22.85564154217213,0.23807959939762635,1.6777060911555953e-05,0.23807963805928659,1.7362713734793817e-06,-46.71128308434426,-46.711290507383026,0.00020179801647594877,0.5388260268824059,0.000000000000000000000000000000000000000000000000000000000000000000000000201405212816165923060192955558752725372544129187988541542539837778733239420344372632804638130183706740214075410822006918727828083632899386746352672386082130294114463435498527164230967431490196354724407673501443868501348935325949969496264073,4965125676161530202668646905965993290868944551421283309910963939986832348.4015760083548675569560556865497327964482459175070787997612213179247502457293868055258649073339106629115641932773518853202514583995267719075374846952195587187885354376428340250180866497407163698506289228266584097441855542938814302206684122945280835,24652364831814392342472676141869940059355319032021498107796295033552364482707025607632011102204653207234879199973265110820977572424997445912403249.456246044787436338937644409734781951291138386828559614851917429808917023532831336202985026684036951029512711200520704915193807777316679215467768704440712426761641368309449247,data/prl_p3_selection_front/static/L96_g0p25.json,C584ADDC904D5374C0FA6F6F6FC83B88834962CD5FA659EB0112C99058CE4657
112,0.0,left,-172.80253370762497,1.5428797652466517,172.80263572719085,0.00010201956586274117,0.9997959920824463,0.00020404954527654802,25.73778475978279,0.22980164964091776,7.372696989579639e-05,0.2298026095326649,5.134143671698415e-05,52.47556951956558,52.47578453531694,0.01101642754790187,0.45141622964513645,0.000000000000000000000000000000000000000000000000000000000000000000000000000897042773434843203064587419964400548601450732489011156907874686245186173821348853749494674777227510286819155361020533705851820576012056694028499123300067548385632680604250167440897881759022946914678213986835774478569056338316603609780456712,1114887778361527753255617529734067098127627529872358644787982618264629479131.3274922983254827459618466667255706197820813737584450073032697489782976344807901262239512801763969426332404596970881929450358932278388515170916978726129361732033952530199117797906616222089459763481544370334027968765497265422231469436327298533954,1242721181647882246368162450917913053935901724525235780203641445524929779940355504079840996129113737960358998170332813522433109799597928157691161467791.67405112010673191536434149257655424368568302722042666211647609473205309848484737515629114282026279503385503570307949501797735779370294864186350393667440862760830612914,data/prl_p3_selection_front/static/L112_g0.json,FCF4A59ABE4291A8316C64AD641014C3C368E360C35B5F38A4663E98E7B13FB7
112,0.0,right,-181.93873844651918,1.6244530218439215,181.93874149370984,3.04719065509995e-06,0.9999939056465431,6.094390598311656e-06,26.734032292900565,0.2386967169008979,2.4177095269883517e-05,0.2386967743892834,2.4191977631876924e-06,-54.46806458580113,-54.468077463199485,0.00032909508667482726,0.45141622964513645,0.0000000000000000000000000000000000000000000000000000000000000000000000000000000966072785799491912338068465565706519747598078486654240083687722112918082184183426216554689365136667011569997380801193955001314437399738794331117562247912438882848020132743337760731133403328623758543076634706303636215535274986221229486913648,10351218478509631595398496216665404255487205270924264572685898766633241487921186.944334724516292553145379446447625893827607113529808041906275224628372354999347843874325695282400785828706872993336371388970381271418382874202513150751851242666382510780652721949014400684484392668376155619979553605518894455100755651470754086,107147070993737151595542416649348810222374754278628095358597521378735161944085617790875668719031460772860944727777916009747623355064076833426063841455918149724.48390950159037348402806625900953876013646953135702803687072256297852944571916841502654404181349713006071290947454346578870561972137152981959511981987975195847301,data/prl_p3_selection_front/static/L112_g0.json,FCF4A59ABE4291A8316C64AD641014C3C368E360C35B5F38A4663E98E7B13FB7
112,0.25,left,-159.81019551462757,1.4268767456663174,159.8103662946467,0.00017078001915068076,0.9996585274180799,0.0003415892252747873,25.208683743734024,0.22507753342619663,9.53378409782556e-05,0.22507906009988282,8.09418313583952e-05,51.41736748746805,51.41770946237375,0.01843951942368414,0.5388260268824059,0.000000000000000000000000000000000000000000000000000000000000000000000393834661729453560096441670108315453698468198984741979623158453118339569480591571966343206475560455892288940602323313665076030556163646194680837978705002134227825174800252509764653153174758671933098491753361180930300852787988416097685864315,2539570260806449880508929875314574289711249339265812140614455342946960.7326419343313110850952110649081358965302379301289712947788748089090234787384291194859404248640602076531428061435593529849817402596792561052423238096808823175450961788572568879855163122267964287359989284109387486715463729629988834683658106567867670325,6447214810460254612867584487644220706013432264432568540236859101667570077509218482552948086526659844826226016302688170033501103109704903756.1975183394899257484053638348186867250273755068539118884482430582302176042020801894326130278030072094673412435643846810415436768963516786396883605710709080135542887952703905669821169,data/prl_p3_selection_front/static/L112_g0p25.json,2584E5BB3010530E78BE8C92BF932BCF90394F25FEB21115086583F03444A2E4
112,0.25,right,-195.58697835781433,1.7463123067661992,195.5869794949046,1.137090263773373e-06,0.9999977258233511,2.2741818207661137e-06,26.84758054429249,0.2397105405740401,1.3240577648311081e-05,0.23971055918557327,8.978597928541569e-07,-54.69516108858498,-54.69516525756841,0.00012280553903924578,0.5388260268824059,0.000000000000000000000000000000000000000000000000000000000000000000000000000000000000114196966368197802720633904347141765770628938448923524015794797124391941344974159042190516752491348257633577594399912713119109585373987580370766240747874604711913213821911306834105988308628851472119299354704961758156673954329345284325161348,8756810000247047367433151324943699258179638849216429171600154676936149526275991658721.2431103554553561708648699591503448756200072463916193974263464284715181506918188455705706574115189614388043579435347015799743597468350823243649307814570177947669122596312999162142323893348342641554288373183242037057198786115734445786085,76681546992646534816069886806761533309316485100674320597557402091932775720677338595455607460695688079354591569137740031817414075128059848240159675561628307432732511955928.661033787293759944358890091815109530509085844216054406292839974984453075198353035586464618786106632943039173784473194577859024474134243378868802192436,data/prl_p3_selection_front/static/L112_g0p25.json,2584E5BB3010530E78BE8C92BF932BCF90394F25FEB21115086583F03444A2E4
128,0.0,left,-198.52940518502825,1.5510109780080332,198.52948333393925,7.814891099636248e-05,0.9998437204953639,0.00015630393173714566,29.58090677756356,0.2311008341997153,6.453179268648906e-05,0.23110152822577082,4.091576981889771e-05,60.16181355512712,60.16199122579733,0.009689329287439508,0.45141622964513645,0.00000000000000000000000000000000000000000000000000000000000000000000000000000000000000602247259736708200775071693961491306747271768979509769809189349067376975401163893493710739781021251862405389525468066511093550502988937777264440947074694345223980005928203799443344400931478986644752617905936731764662598541198894216544877433,166057733895197538991161507367864818900697782526971631145076490983457460471273251243380.63185494755414364689719245879560367627944978194287099195389463863922748648662566047271397449913096383157917728417019341214038415019510123582901464248930309554233847614183265694361128119594215505326421007429391159095564526742476393033,27570861552346225407415043913587347188485263492970950321887618373054619552042840522994932056917713721804119033257493736672617500818954667586338894092477701586235511815527415.067635880315813345674093230877317083034534759727726557439965680092742105946081016400748584538216672259017265620154285796048404431029751483754282415,data/prl_p3_selection_front/static/L128_gL0.json,533BBAACDB82AAF7CE6283AC5F7CD971C49801BBA7BC6CC63F758A1551EE5A04
128,0.0,right,-208.1440755899804,1.6261255905467218,208.1440773795143,1.7895339155081606e-06,0.9999964209417755,3.579071034160508e-06,30.720677621663235,0.24000529391924402,1.9912958241817304e-05,0.240005325981923,1.4627816949281782e-06,-62.44135524332647,-62.44136345137229,0.000221901609916327,0.45141622964513645,0.000000000000000000000000000000000000000000000000000000000000000000000000000000000000000000401954162491912883122775937501865867467386099709699575812294158021144356024394985699548611773968315576908941457724498747858656016767980399993093135112112175114333166347188720612741566233728717394558440954822545304642042472586475893344587181,2487850314413988090492420339128193122487538264180365971563827419689183972803844872793543762.3054942431314765636679505488998632914065651303994502958247808900421581736340866331288111006031911225211378043551166595178870462093319620876606279189404806615117641783067827883192842459558005307287382646216501389504468483681749743,6189377034709714970222172774092137077774658160308129999643747863801699753103261471572728177401002439493048007050080693978648174599495404649985285422784463551770700261738594498389940.5183422286438056462361238699290682576229410922426684633428911911822128728514985038293380217057149146318986204231162842242133916530255114124,data/prl_p3_selection_front/static/L128_gL0.json,533BBAACDB82AAF7CE6283AC5F7CD971C49801BBA7BC6CC63F758A1551EE5A04
128,0.25,left,-183.6341491954208,1.434641790589225,183.6342852767821,0.00013608136128716728,0.9997278928112018,0.000272181251273359,28.97296982087173,0.22635132672556038,8.4223842316194e-05,0.22635246878412477,6.674343218208608e-05,58.94593964174346,58.94623200873594,0.016870645705490347,0.5388260268824059,0.0000000000000000000000000000000000000000000000000000000000000000000000000000000177297378995385473548198212752579942659408608195780902421025056697199963475131220794557845168338214656888960830514117150828324931001656160815584203015382780734651988033704893460053408355907541986371541178348031498198452392883991439687890368,56410088873722504760455002823800459446475891391254208093070344700192827811113028.727925979935047517292866299165597027899305834068372944349064269571415276919645991617103943871485702124252705249726723109271178855720195427905790698362308898033417176730017482088702030066678006088965757792616710934604303353532144710492686315,3181232254965523839983490598066306473282543511241229465969728214479721769659033807684515575681403817218982035376326573105893960993163010703275701687498564967240.2784110065656914395814170723014814812961246400957908939028657107070918649224913574708686009503137557054929105053560606641702409542623309074064410010918935763486,data/prl_p3_selection_front/static/L128_g0p25.json,9EBCF6A980CBF492769B67198207374271C9E4EA028E3A5BB6A5D11B07D6EA27
128,0.25,right,-223.7877681265113,1.7483419384883696,223.78776874484205,6.183307260184027e-07,0.999998763339695,1.2366618344222046e-06,30.841605361534572,0.24095004188698885,1.0685370400765344e-05,0.24095005136628517,4.881246590832762e-07,-62.683210723069145,-62.683213149769,7.66729389156794e-05,0.5388260268824059,0.0000000000000000000000000000000000000000000000000000000000000000000000000000000000000000000000000645962319344459516758615168628097231901535809742081024237650640568194715814324168122053643874422278532213071599641905804726659407645581433503630232024370009028983492405447451426637898660342297085477634671411346674929250245388300876825590366,15480788714514270064119885866617747967201293215984235299004847130343464997555002119227762932423993.029695806896192158697881842295039053200833113827041388827909729777442582228918810001583769967533174383047528002318090326010493857909558849112471480072311535387527953646307191830500593561641189969486787809040752949648756617,239654522851830528682499033362982993514270876487961307816200524521491794730499539563932354166277300626046981011887397524975839899707703747711279981860045040966007685270247146269391890832602482848.90503039244206815608873028972774654176962722835084672583300536605830430409313195120174934109485338463539071258551313590290955,data/prl_p3_selection_front/static/L128_g0p25.json,9EBCF6A980CBF492769B67198207374271C9E4EA028E3A5BB6A5D11B07D6EA27
144,0.0,left,-224.27925916342272,1.5574948553015466,224.2793209166026,6.17531798662703e-05,0.9998765050784657,0.0001235101744135568,33.433449444991425,0.2321767322568849,5.736012657036811e-05,0.23217725309482404,3.177039550746661e-05,67.86689888998285,67.86704889130932,0.008644644507398125,0.45141622964513645,0.0000000000000000000000000000000000000000000000000000000000000000000000000000000000000000000000000395143952801412744912756507427404432113019234968662167631614170301484553655979184448201328547486390145639363174935074820181772649505723635634244796115824376048774728976662574271988968116035516312792436954168321888424691500760235255179849892,25308795642615681307458196814972067661298891798985854824979148446868868998423091528434148071032844.218597273322337464798504695991628132721753421959446484087699751951971423302667183437864919143382565386574739996540587071280067421825976049843741456548018280303713543197162056872689950026887010870651042416518114252454515098,640456034043213604757474956390983350449808182215483874007330547370657532717274752426044860813274323204163937148506305460936362987645336803888993162360438657536008417828601024297301397300507378659.61867723738635599483639951190117010783702309956555701838855016116591532803176485730762083711561303280474903435064427075725684,data/prl_p3_selection_front/static/L144_gL0.json,2CD96AA9304438CF9AD35B6A2AFAFB18CC5C8B59FD6DB9D94336E6E2EB360FAE
144,0.0,right,-234.34996720983403,1.6274303278460696,234.34996829482927,1.0849952324800844e-06,0.9999978300130665,2.169991642378724e-06,34.710178889251644,0.24104290895313643,1.6661683489676347e-05,0.2410429275186995,9.048251464290544e-07,-70.42035777850329,-70.42036312538545,0.000151899085346765,0.45141622964513645,0.00000000000000000000000000000000000000000000000000000000000000000000000000000000000000000000000000000167148470363965139942055983868330054700818831970104336680666840331651381833025643049401193085275459407887677081607593130261244435266218750065531145401708539167936863470996140579657514869517324773249551779482678166126235382708644770979221533,598271155469339707020670272203429328136406020722343604128892278429792519189865547474755552755307301036.88270962051948742868406153965693926787472482084868293036903624219910191104845696963511593511583032704347362567154235307630850515036692457915589404933188152208615709836476654092323651108551019536324296286628874712509529,357927598766720941963826567061550558925080779818257373017593606111631921780654996473011539870037727915444869213445637413902485403586605843387015857278021193423679640607096537294676582302199570203434881151.62976053125143457865216208544441219773771742040225264319277655872752929114990882195116956911966346059138211096345138,data/prl_p3_selection_front/static/L144_gL0.json,2CD96AA9304438CF9AD35B6A2AFAFB18CC5C8B59FD6DB9D94336E6E2EB360FAE
144,0.25,left,-207.476473097362,1.4408088409539028,207.47658465453304,0.00011155717101848681,0.9997769229816745,0.00022312679278509566,32.74598831149269,0.2274026966075881,7.556825317857528e-05,0.2274035811101534,5.509508301202592e-05,66.49197662298538,66.49223135972419,0.015615391282781686,0.5388260268824059,0.000000000000000000000000000000000000000000000000000000000000000000000000000000000000000000783632806111558980063844378215558785710565150691059936691942286909350402566962459457511308353121137315650688438792482408945620168223022191227990957730424101076536970667031697049437945239644466401664078699091184320998230626086648525309266173,1276250248322776201246280783969298953580783064271402131870306825928618091066297313996349550.6085809999055991964648846575216237635687844280249102454930890308403160038791069079489545466717853975962450861421693571344863520128385329280096800669732862131039820554811371347138247275446361934278932614298554302482506431228991177,1628451345218082832418219184399203142112031064614077029728270815929392205384990172767670308612023011760452508371694944644047593260318442684693544680056030211258536707532830220057480.9715704145126712460410069006745614615229035553523133584239547937744046982484547176106830951166241062412820893608973618154410914191651568779,data/prl_p3_selection_front/static/L144_g0p25.json,FD0FE96B0D8EEC6E03CDC0FF72A33D72347153241EC5A4A6EBC1229DE34BF4C0
144,0.25,right,-251.99016017401757,1.749931667875122,251.99016052293047,3.4891289335635526e-07,0.9999993021745784,6.978259084654539e-07,34.837116106655934,0.24192441740733286,8.783533462734294e-06,0.24192442244979492,2.7571387828682273e-07,-70.67423221331187,-70.67423366554094,4.884777950533567e-05,0.5388260268824059,3.6480765472079380380749884155460735506493399624654315491876968140397680651853954602707945785691414105057669288613194255146095805248492339748865122889495941461519590777843134797489041430046268359071936722749879332139961378716579909457749749e-110,27411715077039879994930103504208345045148347551862138986309121446878176405195077602215211913583856658378063136.120860706554896180790438692070128290113274030134596953888557554565287860765977648977421269449323008474785442376371171113294343852482211016422008618285745841306451547068443591383064421973437936014333535222610949,751401599117311947612554290223492674425366550547791349452847866034611381181900204947014119840391099514122413546544710986209364788721774068549085420928829039273006449084220619444148587568648051133965404071021353020030591.86043093249266034747948711816881089616514025140752444531547638728965876185250287294877201637520974124,data/prl_p3_selection_front/static/L144_g0p25.json,FD0FE96B0D8EEC6E03CDC0FF72A33D72347153241EC5A4A6EBC1229DE34BF4C0
160,0.0,left,-250.0473132415675,1.562795707759797,250.04736325689132,5.001532379252594e-05,0.9998999768558632,0.00010003314976696163,37.29392470667983,0.23308702941674894,5.161510258431602e-05,0.2330874319896138,2.4417554070051423e-05,75.58784941335966,75.58797823667642,0.0078018052426707145,0.45141622964513645,2.545843157605664944801859149831994506171990806277803852888275598543396146863376231957908005221721588399461965265124346067139635604771159801177619078404691791722218986782453540019630810787938976864549787310725765184570527997752606367415179033848107534287765393056391356626347907735e-109,3928168212511232510984805029637815328890849098921863037218358963460243239496378458521408049267581215673711884.4792860640336052838827754259507837010619591629055610613751926072549812677708433838428581948810902977748282092911879837805427098273287058542621473724494887998572144798980334983200674167413223981987289431137278183,15428962098107382791098356652539647098547531788374502457731889781627139510615058621597607316137143379289814847039794748067064522382719729588261845816865219660270175666540309877337824889859301311297748306531840168647293.788144064811656222093278015520295782680664573448594092983788987335513441516257963901431370813971377975,data/prl_p3_new_sizes/static/L160_gL0.json,D69E7F60E5ECD18720E131ED77E644417BDA957A0B9642AFA046AA66CCF02D57
160,0.0,right,-260.55619456767243,1.6284762160479527,260.5561952421668,6.744943517474291e-07,0.9999986510126613,1.3489891585004262e-06,38.7018639168389,0.24188664948024313,1.4125259705209679e-05,0.2418866605512044,5.707401242053026e-07,-78.4037278336778,-78.40373137638541,0.00010522101242102825,0.45141622964513645,6.948362592716287195867459925303673046656467802298126826266373956749317482890431987773387518500803403406549478398667196135928649049400465810983040160803602571461928126124465228932881775586084562428318138823239267029553804694740458609918436585864436645992622238685417630848064859966e-114,143918896164521282401934198877876788922404398814058632309889816644496842355327353627020065344657311312500883427415.48367259599062924224460544079148304371564562272858311354959988245949096056069266993945929097969176058110096176553080393465309766196059996201866544754915767015254178900818382054550495984719347445226843170503,20712620732113446938446806922982154713010034124018645786557582324267814322803525515141417775025804748708786134236506382023369396574711493523969850833256878186148189964062713550013860002011832656207548054592697942624919772191175.659202220946069150301062768867739132384808821597507852001863131506784897672063847872725730334,data/prl_p3_new_sizes/static/L160_gL0.json,D69E7F60E5ECD18720E131ED77E644417BDA957A0B9642AFA046AA66CCF02D57
160,0.0125,left,-249.10287854586437,1.5568929909116525,249.10293019604728,5.1650182902398605e-05,0.9998967076361622,0.00010330303425238764,37.26063455323378,0.2328789659577111,5.24176714607936e-05,0.23287938086278828,2.482640778206775e-05,75.52126910646756,75.52140187609224,0.00805680437934747,0.4552056863388275,6.546277650600343678329126221357378851089552694222549446336602185413224770480737178533001458955505121800512477160638487323809756231859479047526201998053483958079361341511885677440087830318056389003675793682106999808879631628429482087009307430737273165044222099961866632779352637788e-109,1527664582673305467318509631687374155484533933845337881119453850699509114074002532983395499903529450154250760.3443918480897733606432276498228414382529283939260320984067315251787037172842674897853960769801426946314108312279150757306175102674623006317690806835978911268866218144630566842270625945907834610395249288912283463,2333518017662697381700163491269323296797251573994807275025578099981333927163462600199056356882463357092788398192047642670282518427454079469610255208350522617786049089319496035177283751571236079491334775060404179397680.9872539214782076163846164164893339994426272218038464657896247079223625544286291506462670919489934540893,data/prl_p3_new_sizes/static/L160_gL2.json,669478327E6AC42897C0A5E9D58E6E152AE64FBCBA2C1F346666D56E6E9FD373
160,0.0125,right,-261.5363529184658,1.6346022057404115,261.53635355027967,6.318138196071636e-07,0.9999987363735583,1.2636280384567571e-06,38.710749576585926,0.24194218485366203,1.3645660897337112e-05,0.24194219513365653,5.345945951866595e-07,-78.42149915317185,-78.42150244277009,9.856286245283052e-05,0.4552056863388275,2.607384685764834367251670873565347595609404855948098890647358275276611781327958106616928294905979449244474237295853757555531108798112900533899122913994388810982771337931030016899011201369179256004833391888489490038521998333634595473032478916966018374734475400638917928003522228338e-114,383526311738187224028368849816634970793171962895090214053415395733026751417463989131608300717384718874691811548191.95449838082313650522526291570907653869010696212188754947634845943259616055898518023080291051179937085976418672493089213687993158237934375912581030375497339421290870278567409265535433754833968852379139087659,147092245925610976084042843718678746414982718572052955068839245779490595435449979055983554030272444726100739287405221821155319389478986003820759427621391851259256793553687593119327885218782666447507769811933004947654528374782221.28884496005097382146431869172891909009279070394463519265527495931146305216427786695648928543,data/prl_p3_new_sizes/static/L160_gL2.json,669478327E6AC42897C0A5E9D58E6E152AE64FBCBA2C1F346666D56E6E9FD373
160,0.025,left,-248.15928249125113,1.5509955155703197,248.1593358262036,5.333495245478301e-05,0.9998933386275672,0.0001066727502946781,37.226828766125,0.23266767978828126,5.322643266730798e-05,0.23266810731659365,2.5663337337561335e-05,75.45365753225,75.45379434130997,0.00831958704975298,0.4590509860130118,1.681872156972276872485141190294615367161094421829791602900710487185374998768197486594006344300474273755329534710215162482891959427221993104450737783358591383506185346150560599188563101980674779244670473033224609398019616659342120214089914002964296730078756440651804617705403897305e-108,594607225185946768843935926860513438882298668046872891515434613114141686935901237551389013323883710538437803.56357541729416958047026709434860587040894767460515395307419430877796634530579586098138696511762515650187034257830047582069491778428075620345083997383410833171747099229663451958291708290437757305024615906023661784,353520041288242704468699055820071106666280568134967964146491315956778956871347867209481014288686164668966920028780412056881663143780773004374360731876640400524902117819728533813494902524814994372346694191677435052730.30635498108647905232246259119227434685537611309882984033939139671024361844199236404053439861555561856525,data/prl_p3_new_sizes/static/L160_gL4.json,3E4F5B87A036AA170E41656C02D39E97582DDF759BC93DF66AABFF00D0811243
160,0.025,right,-262.51672962207294,1.640729560137956,262.5167302142454,5.921724746160563e-07,0.9999988156561027,1.1843452999462679e-06,38.71933440750658,0.24199584004691613,1.318502316719036e-05,0.24199584959740067,5.008507304740827e-07,-78.43866881501316,-78.43867187116821,9.237882398738288e-05,0.4590509860130118,9.78211846196155341321978123712268132152929543762645303411656473752746925598061866752650408197316890366280574612283526510564728429544784045387798171510402869937901012862932653830328957319665473994745456625533173100687586218438128889341942142098983599782165205527787189742700260177e-115,1022274056546362283292422561484064312460297539972154102510458916725854697875716997673872864844840927760967567346167.4636068755294018265517904164690876214835772723546280687517786840529264515083866246021348522444597803506151677311431816570206613493050890618383381132289016991714380170489261186219572449043891299027826849635,1045043008995979164978821975241489119255557820011882926752431894329992491701296507871129336474417309490289776109082918707463209252520093358829294933743656664643862443858821442641486928416422369257884744968704385304952407022702896.1447774878196438619787790129902523858390337792855274348695598856903730736758815172151649265,data/prl_p3_new_sizes/static/L160_gL4.json,3E4F5B87A036AA170E41656C02D39E97582DDF759BC93DF66AABFF00D0811243
160,0.25,left,-231.33313446325366,1.4458320903953354,231.33322798560005,9.352234639084826e-05,0.9998129815398905,0.0001870534425562373,36.526254844162516,0.22828909277601572,6.863072734841343e-05,0.22828979685150938,4.38363963833075e-05,74.05250968832503,74.05273499248301,0.014587439888537277,0.5388260268824059,0.00000000000000000000000000000000000000000000000000000000000000000000000000000000000000000000000000003414257100174296061028796895673388508063144440991338593078019951779645081606444451175532163916574559488893177898556992367002333353728491744626337020988593371244773338652058128576498015557387068866621681100541992999129799553481805587857014007096276583851180288129498655084209219826,29291687690088937998050891188697467095989845275258731994021919257672570960472185103824388839970117813.596050255040225447989166550796207892714672649406381211524926038096267515883831782148071260259218643798293861229337565400328812251717719886731882079850735962305916498209048184741801156710567610275878795779830370413755343,857842505339912926122455700501566118518711193596947740312043238856634483999539696222469324346005394346214758716223756349599860263395786313564786561903748379190438781324536092266319585939912233663794775.80562362300244078559904960675154968449280204206780244424699348512380364276931666684250902410967563100820544526931389645,data/prl_p3_new_sizes/static/L160_g0p25.json,3F5FB19C14B96C5D3D655E263192209A76223DEF1B14F26707E528513F5922C4
160,0.25,right,-280.1936692460453,1.751210432787783,280.1936694488179,2.0277262081563982e-07,0.9999995944548817,4.0554528275127885e-07,38.83370491049568,0.24271065569059802,7.3329136241176165e-06,0.24271065846721407,1.6124820544327086e-07,-78.66740982099137,-78.6674107095085,3.16325192261808e-05,0.5388260268824059,2.057953616940881210926803868025580865518889032804191240520558985027441829289819311138712239675341570821184426127266751932328066025588513018054265483645769543104714474529188083509026015986416832280385264491086870667671162264588326006914025581795889402418691610512192701460406467715e-122,48591969932691070861005776998776191235782637198376948730711859950441394042496866830391075925066974915303536058510239308408.406101552346956176676208913651769249600351680210363114984336875312268335086721505995638753450878150710158722169270511756900294817327488372806816894043217829845170379843091632387223662429348317246984,2361178584374716447113477221792565579283294854848086308142670267661659013644002406405660416269142797282420600481307783252973107948039575762777026298207884279181173898592517599350397377152724066739692433299112735661968491603113213555495364217956.2012512179149238499117551185620526503298581011087662484821392307558338695026,data/prl_p3_new_sizes/static/L160_g0p25.json,3F5FB19C14B96C5D3D655E263192209A76223DEF1B14F26707E528513F5922C4
192,0.0,left,-301.6251795030571,1.5709644765784223,301.62521422202866,3.47189715607263e-05,0.9999305656727161,6.943914874451086e-05,45.034352113680725,0.23455391725875377,4.2991330705929115e-05,0.23455417466227985,1.7937117290306148e-05,91.06870422736145,91.06880307031545,0.006526826764689478,0.45141622964513645,1.013558776852663981264652022717868968319130728036021063720467982508723428162524680394699288482927037945073977753289173866785578297152397172784293919101100290332655295319577831510663714192480345389755075132206987340079803513417266216841524155875484044234361023841039028013186831064e-131,98665685938768333322221732249295291388889218024970000124350912974905374758666801807456833775532650567944054179672802176157486346358.791387992729769179780060328666472356093648552321695421527280571782857957636441161959036264243628089795686925970828709996188405410590549852808861492672479200852300985345818761789778563432551,9734241644314212661836472199536199404686170181504656781979214021493293863111660698532632609362969306425554157161043744314812311729236314207366607820573135650459666286709751323608157195517807574027409332796788074574632424853265154339310489542436571355979686650505.8254270758429640466558489819004524284799307403584487411564,data/prl_p3_new_sizes/static/L192_gL0.json,30CAB73A1D65692088F78FFABE0FE2DBD182C598D39152252398DC2357AB6EE0
192,0.0,right,-312.96919849953963,1.6300479088517688,312.96919877540165,2.758620703930691e-07,0.9999994482760876,5.517242168931472e-07,46.689931342607174,0.2431767257427457,1.0480980669151797e-05,0.2431767299508369,2.381220490527168e-07,-94.37986268521435,-94.37986430112136,5.186204777440814e-05,0.45141622964513645,1.200063110687490991486351939200254998316456898417217334495430163790819581978236844803502558368609850577379798453397409233689112336719493749606628544305128053589594219219825662712446934580674736697225220061069052225475117734353142428692779183397228184016803817250067733187673697065e-136,8332897386448528147800487078047905465055938749643896274220010265293941138189839350032852672321387517785042113573984286558649147327461534.9795360204815737668837579892705007658911342283209246626929522202447539388514525601250661979889135685848391927910512026711128592987106571823054433562731257064608039101133047036937894205,69437140542928721710158530751547043438062784240468410525903897143769927266673175193567338554368937317594295401730970557769676639948166579995130092501601233904157679339403223008286519937081933092472728245630331460145244917852351424793140465816348818224258066672129563088414.744847227129667173381359586987006141525076932276,data/prl_p3_new_sizes/static/L192_gL0.json,30CAB73A1D65692088F78FFABE0FE2DBD182C598D39152252398DC2357AB6EE0
192,0.010416666666666666,left,-300.6768916402237,1.5660254772928315,300.6769274032871,3.576306342728263e-05,0.9999284777097192,7.152740608480047e-05,45.00110620579828,0.2343807614885327,4.358726423545055e-05,0.23438102615728043,1.8517554602977386e-05,91.00221241159656,91.00231404439567,0.006723095286404546,0.4545702539358292,2.616285443149819914427143524573911907701562543777266031556296093379472272843330992324256121830071472922515161380780176199985077818825395508608173234557507286746390753459368953979043410958521434636328394030208105086417355304301801913068488318939327256077852089251705891126298264878e-131,38223496076137700312320012154726351083985229576251672880486449526617188535434173503809551629264294330904354386280297055649463917533.953607560442738656488814652896640052824045861479231461412919726048236782018968912195297672698206110320147314433732834835603224258023271779083645364952041913417933162781038945596047447436804,1460931155666480879255311727004857209501314828262271708886953127007409429814095785869944976966142593602892342455449439216220515899484469768232855641537956504974354775373793240221428281507631146097948926161806177506547747929602632783162434850377264560351606726983.2701057340999151888771188021088104420793659362553768890766,data/prl_p3_new_sizes/static/L192_gL2.json,016A9CFDB16B732F53AF742888A3B0056DDE63D8B66D6ABC5F06D61B77A0FE04
192,0.010416666666666666,right,-313.95240509379335,1.6351687765301737,313.9524053533918,2.5959842835235695e-07,0.9999994808033454,5.191969241022097e-07,46.69786021295586,0.24321802194247844,1.0169007837908918e-05,0.2432180258697578,2.2425559953101736e-07,-94.39572042591172,-94.39572193398699,4.8804485526468946e-05,0.4545702539358292,4.489550773893065763074611558843938918532178941227964477057969366185178089195608632043994611451663259410602898041036846417305694594150255498603135487906770743556049179917007595079185936604777991686373106945371677627471353578228028442528569869695468463401302957823628157400435695397e-137,22273949220343098087965019548215039083376503285674842223374843044579068215100871779923292308941739500226918259053342484266484813281783452.701817901043961988820133233056856050515439400757626564494048416764949113698322427212698122110844332576917301814731588580624090968940916531630537311525008676978115768709602196965745089,496128556282002526292004059404942975960636187605730756778278384723795501221258664482272178976617664586889260228694523807121091684015920256671660223806524586700729933440417002950019323353651972165818066644721604650594989788341247048507290688457820368922520206857161916142924.21365368234608690490532963381185345460225943473,data/prl_p3_new_sizes/static/L192_gL2.json,016A9CFDB16B732F53AF742888A3B0056DDE63D8B66D6ABC5F06D61B77A0FE04
192,0.020833333333333332,left,-299.72930114984945,1.561090110155466,299.72933798638223,3.6836532777384084e-05,0.9999263310047835,7.367442273727806e-05,44.96740099891503,0.23420521353601578,4.4187404240095684e-05,0.2342054856284065,1.9092062756380838e-05,90.93480199783006,90.9349064813081,0.006924885550358693,0.457762964880682,6.748673940802348456633679678048832587466303019002727265552332894488043922619781741368327297366120206279627016426813143978030593098135990038425507219440237551510263188117671605030551651078784871180943050402137360094521555544542470146553029424928511339955489387578454783615618348155e-131,14818271648375956574759128210320698014547726566781691591182388457480185433012754633733232224183703422824166464363031862565704594785.491263142414093003580073164155908894210875865689795413412223726868156118396324358987019636484890013832397658084614398393379332714780939179354737258543887726591969254586210306737704704264285,219564998320558110664309372728944990720846940682319638832764326366278182407983259055303785548073095459064550487589110091847477161962515426632877124429903620829679572446847045217013515909687454952644933274493047895871683467703383636241948154364939887584287827027.26643772930328423767262571921737127343486957757442461480366,data/prl_p3_new_sizes/static/L192_gL4.json,700176258889C88DE039AFF2230509029BA6D7C596FFBC40CA71D44E5ADB45F7
192,0.020833333333333332,right,-314.9357744058805,1.6402904916972945,314.9357746502971,2.444165643508812e-07,0.9999995111670505,4.888331884465345e-07,46.70555377838189,0.243258092595739,9.868128472525528e-06,0.2432580962626646,2.1125250235559757e-07,-94.41110755676378,-94.4111089648632,4.5950297251943924e-05,0.457762964880682,1.679310570193833665242493640301144807187868258942364039786282887323337609422841919818774018056840076877820216728353135302767624531757780233156708782492046377391019855120494964314117927763309399840337744204348935588846787502457688601037850953769885456669841658920508130989644461493e-137,59548261183228879656995983362679717491368346825968460388188878452357841316439370324544348873083518470759993702036903388065795051415000360.20538771184159862990233627667127925470231800201714220931696651813738731938599142427653578160900226099215582358888077487602185432238188112367462376743357076809575535238916608434871601,3545993676546648213130448437703537161990465403490039547063499905251781476868630637683575014359245224744418407566489149283222416589578090919593160371129790405486391472887754734272647595058703929541136583711027587262254488646201585604518980935574858217733758560287532822901699.3052602833904897892262480378330568086594263412,data/prl_p3_new_sizes/static/L192_gL4.json,700176258889C88DE039AFF2230509029BA6D7C596FFBC40CA71D44E5ADB45F7
192,0.25,left,-279.07878865342525,1.453535357569923,279.0788578206511,6.91672258619757e-05,0.9998616798979441,0.0001383392371533739,44.10428346351097,0.22970980970578628,5.818696126462776e-05,0.22971028475239696,3.47387719243097e-05,89.20856692702193,89.20874934492043,0.013002089593261414,0.5388260268824059,6.275120524018730792572675738405385942516818611531384683215438816994033105945877163683790848317102510004253413414441372561534639805858600346726010452015966088269248735199455671840990334026302554502145218000104372167837867675826909693713722380074479559045076943941481779061483411706e-122,15937051181568422062036215553213403567550889215247875870763838537320791871684055364037496932444111596170267094437091244880.996964096190461622495316619498388411591572178114692793727046795869480884468579536849111324201834598350776544787311537070695920821577878046696344942231871559559216890062403955073317094545170747223919,253954468496487943087552207508738096685532874526226872674378695824720363794694852090305408219453122439954549318760267419019583189426296483139326612634530978502282055929681757503353089189804568529696676601340474845486084797479430687283500140635.92109853882131236673371846982900654351976097113763654413265650349794420341412,data/prl_p3_new_sizes/static/L192_g0p25.json,18E0EFEB00EC2B3305EA3A06BFB619FFECBDC5514EAE2EDE04995B62680CA20E
192,0.25,right,-336.60286858244024,1.7531399405335428,336.60286865574017,7.329993889555831e-08,0.9999998534001383,1.465998831642679e-07,46.829063447239704,0.24390137212104013,5.308583592297985e-06,0.24390137303280032,6.063692927863129e-08,-94.65812689447941,-94.65812724459533,1.3780386997238058e-05,0.5388260268824059,6.534789188275580098632362973100569955486717431276451897808713444265382585608107783063023800147448339282895173238233561019819597730910018411109244103318998976294838853401965133086819582825370512600628379395466506074669372499524580494751219374912005815161182713627154927013796840886e-147,153027135916503011265863812108282682417517347504545718176096820028535167917506014568145942964437297815693724087054993745574289376089900952941554365.64405122428182305474724609260307358988637284119194152675207142698210231402337264152959238039350876613966518786947843894338199568588595949283157945352548128942626739773430719,23417300893834310847137340022901616935907766623441898078904079423417529776769567986002357238115658788917955665399231595909443190701342693595272039466538933819016929521344047807460303027957299209190335117296677523038568895815134758386729295295973521531998737195548887241280889579150991928910585.69327962063321210816513081,data/prl_p3_new_sizes/static/L192_g0p25.json,18E0EFEB00EC2B3305EA3A06BFB619FFECBDC5514EAE2EDE04995B62680CA20E
