case_id,initial,rank,radial_candidate,actual_distance,radial_error,state_projector_error,projector_remainder,entropy_error,actual_entropy,reduced_entropy,distance_mp,actual_distance_mp,state_error_mp
L128_gL2_edge_t67p425,right,2,0.04995809242619622,0.05001368426432478,5.559183812856072e-05,5.580103892073782e-05,5.740914593380145e-05,3.3287493973243116e-05,0.2672068054732428,0.2671735179792696,0.04995809242619621680524802352604222446799948317073154657490111434288252634663664048049892517726480470043383656996601968276406917570584458531890397981907207569623262020959071629116733130322168179833270201858799067452682982786419924053145214925587356937822912401248540673847252030906,0.050013684264324777522686683895549463674219295530827828951825668098722285559405031797426397356123356016408296651338728796568578091023571549970830722571338574341056005719107052065237121607321139496641090810900574819178000467476238224888612517,0.0000558010389207378181095882463800622838604538570022368886085566614508214590422510117821773916087724858650566970275149181157427102197348608759482684408490725843770305489662291365540685407463259777888808806971751811453736021865723495036269535680569782369633204120358703807921163017171
L128_gL2_edge_t67p425,right,4,0.050013660060299545,0.05001368426432478,2.420402523275166e-08,2.452351633346108e-08,2.522853735889147e-08,1.4498352097958017e-08,0.2672068054732428,0.2672067909748907,0.05001366006029954477102451869158576766846572086557404464899228041219307518762049390019753558073252021516247264249860158780955316190097311953679500601277085786199680511227426035147300392038552515981049895337544354908856987092191959140725763135783399736875685385834571023108332473865,0.050013684264324777522686683895549463674219295530827828951825668098722285559405031797426397356123356016408296651338728796568578091023571549970830722571338574341056005719107052065237121607321139496641090810900574819178000467476238224888612517,0.00000002452351633346107842056670219627245759066799433174616228249756463041122800818855036535960830575581968312471060996406689966057964361687177725539823423320413201630259937266165471636419203559675159817810009884719501716326462381349951118166064794577810619336051983547132866842645564922
L128_gL2_edge_t67p425,right,6,0.050013684261000065,0.05001368426432478,3.324713208055237e-12,3.4432053333136732e-12,3.542100155481562e-12,1.9915274882324707e-12,0.2672068054732428,0.2672068054712513,0.05001368426100006431463144652154924604267589907318592821412652420208885144343115259756649796047880057518078451040269450053404085784937997139316246910980960822503131006527390543852068738404256725713963913864119554407980311841089298431824846000203211654617369978789256991719101075335,0.050013684264324777522686683895549463674219295530827828951825668098722285559405031797426397356123356016408296651338728796568578091023571549970830722571338574341056005719107052065237121607321139496641090810900574819178000467476238224888612517,0.000000000003443205333313673409854254587405740412848286212587538846112274144102756597234646023377068595331502247016300289793394165818171021051927706442681812103636277088223935781465056514987558513127802295942643139119976473152674767174826466699784908354815797135138040545804194897730407818005
L128_gL2_edge_t67p425,right,8,0.050013684264324676,0.05001368426432478,9.988896850154207e-17,1.0931548784703741e-16,1.1244817152187708e-16,5.983456543671724e-17,0.2672068054732428,0.26720680547324277,0.05001368426432467763371818235348132079451934796827252420241299205007094355347077054809820829575770976215968193705912369250947032411741636729457030864472994785883219107607835439279549663612958889977612957275628493143040708589732836851718452763495186232229234765440950993266548075844,0.050013684264324777522686683895549463674219295530827828951825668098722285559405031797426397356123356016408296651338728796568578091023571549970830722571338574341056005719107052065237121607321139496641090810900574819178000467476238224888612517,0.0000000000000001093154878470374099931805104608368563435112489459952446154893934957908472507680157002265376626607759325325094637541947946817091207594722359223283068932995984424196816650663611368687481375360423882485069573748735949807646259397051304341075545874124030267900855934340103370173734148
L128_gL2_edge_t67p425,right,12,0.05001368426432478,0.05001368426432478,4.197125767940453e-27,7.250574852712418e-27,7.455302596305576e-27,2.514243440840843e-27,0.2672068054732428,0.2672068054732428,0.05001368426432477752268667969842369573376630260071702953558822528010877261898648354903386727308931307077868813628434252307318988560174601139163851530429583141217741335855410295338182293727024095009014389450106153623570535576919024461450030260296198704837887342616329277931307027944,0.050013684264324777522686683895549463674219295530827828951825668098722285559405031797426397356123356016408296651338728796568578091023571549970830722571338574341056005719107052065237121607321139496641090810900574819178000467476238224888612517,0.000000000000000000000000007250574852712418897770851202814909602247536159779810241600093548027429040429234443604619778325846311000233737247668880681094293364882080794601810871689154833640005072661286125278305808000777759609101016113619998182881329070832468788846602149113950646012487598064438591237441505819
L144_g0p25_edge_t69p325,right,2,1.0,1.0,7.191744041884846e-30,0.9999999623331414,1.0,0.2884635408660966,0.4692517015542344,0.18078816068813786,0.9999999999999999999999999966248001157419115083511273862204972351681009637909961033215105292948027772291858715481823059010358636888444599332630129727053492114428466595654195912583748466199222975639157281876138967969246371969093304496103815015676498918320404352634967663564338512797,0.999999999999999999999999996631991859783796353539401310043794935086209724596726214415509818743426581980526153813190765346293302611411465794056877082783678956885260927307988186875935897416892242325171235911272975205196058757264982113447428725,0.9999999623331414205966958660812859232543529439986725161887631374588414487263068887460676594627673336962778182282232206211468287259502708108401640373616029162239565540883430988984390600364286412963439380592877233655155636678687286459578110946717555749597333276226399159597508106804
L144_g0p25_edge_t69p325,right,4,1.0,1.0,3.281174519370561e-33,0.08280702112678266,1.0,0.1081578593296603,0.4692517015542344,0.36109384222457414,0.9999999999999999999999999966319885786092769829783514214980816283603424602936836771178031247866096663465878851555610049937544009926636749340304996377575426705298287485038561322131278078535350804646693878619905214573782306616344368842239478318216696515659104590554864671441276073568,0.999999999999999999999999996631991859783796353539401310043794935086209724596726214415509818743426581980526153813190765346293302611411465794056877082783678956885260927307988186875935897416892242325171235911272975205196058757264982113447428725,0.08280702112678266256516290888607266245683885288616083298988341646821212207038762178236980713840197288334309519049273523864526401905886216309623176913071688502821354465754652307303695857980302345175735330043283810806822009528022896739656535931025165231480516083204266571367262591072
L144_g0p25_edge_t69p325,right,6,1.0,1.0,5.6538909236612e-37,0.000545431749259354,1.0,0.0007199321943913893,0.4692517015542344,0.46853176935984303,0.999999999999999999999999996631991859218407261173281377162108070755242167297798451845792777381750320807994092202243831048361966813414667740798227506564172832079971769112467241510077586459414131526499476847715357417463232569351551353167251980527494863437507419116066174604702123759,0.999999999999999999999999996631991859783796353539401310043794935086209724596726214415509818743426581980526153813190765346293302611411465794056877082783678956885260927307988186875935897416892242325171235911272975205196058757264982113447428725,0.0005454317492593540257937380887448123690107558648954003486473131422666107010414922182391740262113178858830405504754729883945299768287735503453185631391282609679806204650221830552331123129023182081130806283760191672596334328478375786023873818195020892610864018440965424648531280966238
L144_g0p25_edge_t69p325,right,8,1.0,1.0,2.4013037014449385e-41,3.794431718440827e-07,0.00022731688455017055,4.956467987858791e-07,0.4692517015542344,0.46925120590743563,0.9999999999999999999999999966319918597837723405023868606600170035244943895122196247245280953450324293625066580577977977053325440352887752176160238681958868687263963594246223965283322489845937839682885769458974869921553576505967319424322129505849832171057939502239679295439353366996,0.999999999999999999999999996631991859783796353539401310043794935086209724596726214415509818743426581980526153813190765346293302611411465794056877082783678956885260927307988186875935897416892242325171235911272975205196058757264982113447428725,0.0000003794431718440826916043505748280160554417820861887965908467011310250396155850363097226207392723432979308928969615028365740837389448313166860571426963906703090567432707369689665919941981100024081415345438123076325317361754058815032374263835187871671814827704990868501938684271180913
L144_g0p25_edge_t69p325,right,12,1.0,1.0,7.758522427737185e-52,2.2300183684080497e-15,6.975303728740226e-14,2.729825696960712e-15,0.4692517015542344,0.4692517015542317,0.9999999999999999999999999966319918597837963535394005341915521613677691076146629173169493974525611061574748517016476723625142227870920877438241038545371138043125937992500790751122318682194271124810055614653347984228508110613961156888890114386337344358078528269957440284018478288606,0.999999999999999999999999996631991859783796353539401310043794935086209724596726214415509818743426581980526153813190765346293302611411465794056877082783678956885260927307988186875935897416892242325171235911272975205196058757264982113447428725,0.000000000000002230018368408049695324505671361637463785770115947624693788139926943735057906354920913997289797077398798607002946286072032790675887942236369826425970684237357649016382707147784736650054762424653621313126193772415710567248706108582106136889376080849627932298855827492265134357072423
