family_key,length,group,initial,candidate_time,root_abs_error_gate,maximum_local_grid_gap,status,quantity,last_fail,first_persistent_sample_pass,persistence_samples,bracket_width,rank1_candidate_compatible,distance_to_sampled_bracket,root_gate_not_falsified,interpretation
L128_gL0,128,edge,left,66.4894720159471,0.1,0.1,sampled_bracket,projector,66.5,66.6,1,0.09999999999999432,False,0.010527984052899342,True,sampled persistent bracket; no continuous first-crossing or monotonicity proof
L128_gL0,128,edge,left,66.4894720159471,0.1,0.1,sampled_bracket,joint,66.5,66.6,1,0.09999999999999432,False,0.010527984052899342,True,sampled persistent bracket; no continuous first-crossing or monotonicity proof
L128_gL0,128,edge,right,67.09076756760479,0.1,0.1,sampled_bracket,projector,67.1,67.2,1,0.10000000000000853,False,0.009232432395208434,True,sampled persistent bracket; no continuous first-crossing or monotonicity proof
L128_gL0,128,edge,right,67.09076756760479,0.1,0.1,sampled_bracket,joint,67.1,67.2,1,0.10000000000000853,False,0.009232432395208434,True,sampled persistent bracket; no continuous first-crossing or monotonicity proof
L128_gL0,128,translated,block_cell8,50.305839378386736,0.1,0.1,sampled_bracket,projector,50.3,50.35,2,0.05000000000000426,True,0.0,True,sampled persistent bracket; no continuous first-crossing or monotonicity proof
L128_gL0,128,translated,block_cell8,50.305839378386736,0.1,0.1,sampled_bracket,joint,50.3,50.35,2,0.05000000000000426,True,0.0,True,sampled persistent bracket; no continuous first-crossing or monotonicity proof
L128_gL0,128,translated,block_cell24,51.283749745041135,0.1,0.1,sampled_bracket,projector,51.25,51.3,2,0.04999999999999716,True,0.0,True,sampled persistent bracket; no continuous first-crossing or monotonicity proof
L128_gL0,128,translated,block_cell24,51.283749745041135,0.1,0.1,sampled_bracket,joint,51.25,51.3,2,0.04999999999999716,True,0.0,True,sampled persistent bracket; no continuous first-crossing or monotonicity proof
L128_gL2,128,edge,left,66.16595380827785,0.1,0.1,sampled_bracket,projector,66.15,66.2,2,0.04999999999999716,True,0.0,True,sampled persistent bracket; no continuous first-crossing or monotonicity proof
L128_gL2,128,edge,left,66.16595380827785,0.1,0.1,sampled_bracket,joint,66.15,66.2,2,0.04999999999999716,True,0.0,True,sampled persistent bracket; no continuous first-crossing or monotonicity proof
L128_gL2,128,edge,right,67.41025194749236,0.1,0.1,sampled_bracket,projector,67.4,67.45,2,0.04999999999999716,True,0.0,True,sampled persistent bracket; no continuous first-crossing or monotonicity proof
L128_gL2,128,edge,right,67.41025194749236,0.1,0.1,sampled_bracket,joint,67.4,67.45,2,0.04999999999999716,True,0.0,True,sampled persistent bracket; no continuous first-crossing or monotonicity proof
L128_gL2,128,translated,block_cell8,50.04182683601975,0.1,0.1,sampled_bracket,projector,50.0,50.05,2,0.04999999999999716,True,0.0,True,sampled persistent bracket; no continuous first-crossing or monotonicity proof
L128_gL2,128,translated,block_cell8,50.04182683601975,0.1,0.1,sampled_bracket,joint,50.0,50.05,2,0.04999999999999716,True,0.0,True,sampled persistent bracket; no continuous first-crossing or monotonicity proof
L128_gL2,128,translated,block_cell24,51.548783471435314,0.1,0.1,sampled_bracket,projector,51.55,51.65,1,0.10000000000000142,False,0.001216528564683017,True,sampled persistent bracket; no continuous first-crossing or monotonicity proof
L128_gL2,128,translated,block_cell24,51.548783471435314,0.1,0.1,sampled_bracket,joint,51.55,51.65,1,0.10000000000000142,False,0.001216528564683017,True,sampled persistent bracket; no continuous first-crossing or monotonicity proof
L128_gL4,128,edge,left,65.84348591342568,0.1,0.1,sampled_bracket,projector,65.85,65.95,1,0.10000000000000853,False,0.006514086574313183,True,sampled persistent bracket; no continuous first-crossing or monotonicity proof
L128_gL4,128,edge,left,65.84348591342568,0.1,0.1,sampled_bracket,joint,65.85,65.95,1,0.10000000000000853,False,0.006514086574313183,True,sampled persistent bracket; no continuous first-crossing or monotonicity proof
L128_gL4,128,edge,right,67.7307460181415,0.1,0.1,sampled_bracket,projector,67.7,67.75,2,0.04999999999999716,True,0.0,True,sampled persistent bracket; no continuous first-crossing or monotonicity proof
L128_gL4,128,edge,right,67.7307460181415,0.1,0.1,sampled_bracket,joint,67.7,67.75,2,0.04999999999999716,True,0.0,True,sampled persistent bracket; no continuous first-crossing or monotonicity proof
L128_gL4,128,translated,block_cell8,49.779476069659,0.1,0.1,sampled_bracket,projector,49.75,49.8,2,0.04999999999999716,True,0.0,True,sampled persistent bracket; no continuous first-crossing or monotonicity proof
L128_gL4,128,translated,block_cell8,49.779476069659,0.1,0.1,sampled_bracket,joint,49.75,49.8,2,0.04999999999999716,True,0.0,True,sampled persistent bracket; no continuous first-crossing or monotonicity proof
L128_gL4,128,translated,block_cell24,51.81556845232845,0.1,0.1,sampled_bracket,projector,51.8,51.85,2,0.05000000000000426,True,0.0,True,sampled persistent bracket; no continuous first-crossing or monotonicity proof
L128_gL4,128,translated,block_cell24,51.81556845232845,0.1,0.1,sampled_bracket,joint,51.8,51.85,2,0.05000000000000426,True,0.0,True,sampled persistent bracket; no continuous first-crossing or monotonicity proof
L128_g0p25,128,edge,left,61.44679269567132,0.1,0.1,sampled_bracket,projector,61.45,61.55,1,0.09999999999999432,False,0.0032073043286828806,True,sampled persistent bracket; no continuous first-crossing or monotonicity proof
L128_g0p25,128,edge,left,61.44679269567132,0.1,0.1,sampled_bracket,joint,61.45,61.55,1,0.09999999999999432,False,0.0032073043286828806,True,sampled persistent bracket; no continuous first-crossing or monotonicity proof
L128_g0p25,128,edge,right,72.3136409752071,0.1,0.1,sampled_bracket,projector,72.3,72.35,2,0.04999999999999716,True,0.0,True,sampled persistent bracket; no continuous first-crossing or monotonicity proof
L128_g0p25,128,edge,right,72.3136409752071,0.1,0.1,sampled_bracket,joint,72.3,72.35,2,0.04999999999999716,True,0.0,True,sampled persistent bracket; no continuous first-crossing or monotonicity proof
L128_g0p25,128,translated,block_cell8,46.26759505793453,0.1,0.1,sampled_bracket,projector,46.25,46.3,2,0.04999999999999716,True,0.0,True,sampled persistent bracket; no continuous first-crossing or monotonicity proof
L128_g0p25,128,translated,block_cell8,46.26759505793453,0.1,0.1,sampled_bracket,joint,46.25,46.3,2,0.04999999999999716,True,0.0,True,sampled persistent bracket; no continuous first-crossing or monotonicity proof
L128_g0p25,128,translated,block_cell24,55.75105399265885,0.1,0.1,sampled_bracket,projector,55.75,55.8,2,0.04999999999999716,True,0.0,True,sampled persistent bracket; no continuous first-crossing or monotonicity proof
L128_g0p25,128,translated,block_cell24,55.75105399265885,0.1,0.1,sampled_bracket,joint,55.75,55.8,2,0.04999999999999716,True,0.0,True,sampled persistent bracket; no continuous first-crossing or monotonicity proof
L144_gL0,144,edge,left,75.07677472243086,0.1,0.1,sampled_bracket,projector,75.05,75.1,2,0.04999999999999716,True,0.0,True,sampled persistent bracket; no continuous first-crossing or monotonicity proof
L144_gL0,144,edge,left,75.07677472243086,0.1,0.1,sampled_bracket,joint,75.05,75.1,2,0.04999999999999716,True,0.0,True,sampled persistent bracket; no continuous first-crossing or monotonicity proof
L144_gL0,144,edge,right,75.67775394609197,0.1,0.1,sampled_bracket,projector,75.65,75.7,2,0.04999999999999716,True,0.0,True,sampled persistent bracket; no continuous first-crossing or monotonicity proof
L144_gL0,144,edge,right,75.67775394609197,0.1,0.1,sampled_bracket,joint,75.65,75.7,2,0.04999999999999716,True,0.0,True,sampled persistent bracket; no continuous first-crossing or monotonicity proof
L144_gL0,144,translated,block_cell9,56.82120977053419,0.1,0.1,sampled_bracket,projector,56.8,56.85,2,0.05000000000000426,True,0.0,True,sampled persistent bracket; no continuous first-crossing or monotonicity proof
L144_gL0,144,translated,block_cell9,56.82120977053419,0.1,0.1,sampled_bracket,joint,56.8,56.85,2,0.05000000000000426,True,0.0,True,sampled persistent bracket; no continuous first-crossing or monotonicity proof
L144_gL0,144,translated,block_cell27,57.799450104217975,0.1,0.1,sampled_bracket,projector,57.8,57.9,1,0.10000000000000142,False,0.0005498957820222472,True,sampled persistent bracket; no continuous first-crossing or monotonicity proof
L144_gL0,144,translated,block_cell27,57.799450104217975,0.1,0.1,sampled_bracket,joint,57.8,57.9,1,0.10000000000000142,False,0.0005498957820222472,True,sampled persistent bracket; no continuous first-crossing or monotonicity proof
L144_gL2,144,edge,left,74.75035355994478,0.1,0.1,sampled_bracket,projector,74.75,74.8,2,0.04999999999999716,True,0.0,True,sampled persistent bracket; no continuous first-crossing or monotonicity proof
L144_gL2,144,edge,left,74.75035355994478,0.1,0.1,sampled_bracket,joint,74.75,74.8,2,0.04999999999999716,True,0.0,True,sampled persistent bracket; no continuous first-crossing or monotonicity proof
L144_gL2,144,edge,right,76.00060753589497,0.1,0.1,sampled_bracket,projector,76.0,76.05,2,0.04999999999999716,True,0.0,True,sampled persistent bracket; no continuous first-crossing or monotonicity proof
L144_gL2,144,edge,right,76.00060753589497,0.1,0.1,sampled_bracket,joint,76.0,76.05,2,0.04999999999999716,True,0.0,True,sampled persistent bracket; no continuous first-crossing or monotonicity proof
L144_gL2,144,translated,block_cell9,56.5552649547346,0.1,0.1,sampled_bracket,projector,56.55,56.6,2,0.05000000000000426,True,0.0,True,sampled persistent bracket; no continuous first-crossing or monotonicity proof
L144_gL2,144,translated,block_cell9,56.5552649547346,0.1,0.1,sampled_bracket,joint,56.55,56.6,2,0.05000000000000426,True,0.0,True,sampled persistent bracket; no continuous first-crossing or monotonicity proof
L144_gL2,144,translated,block_cell27,58.06632730783895,0.1,0.1,sampled_bracket,projector,58.05,58.1,2,0.05000000000000426,True,0.0,True,sampled persistent bracket; no continuous first-crossing or monotonicity proof
L144_gL2,144,translated,block_cell27,58.06632730783895,0.1,0.1,sampled_bracket,joint,58.05,58.1,2,0.05000000000000426,True,0.0,True,sampled persistent bracket; no continuous first-crossing or monotonicity proof
L144_gL4,144,edge,left,74.42488977005706,0.1,0.1,sampled_bracket,projector,74.4,74.45,2,0.04999999999999716,True,0.0,True,sampled persistent bracket; no continuous first-crossing or monotonicity proof
L144_gL4,144,edge,left,74.42488977005706,0.1,0.1,sampled_bracket,joint,74.4,74.45,2,0.04999999999999716,True,0.0,True,sampled persistent bracket; no continuous first-crossing or monotonicity proof
L144_gL4,144,edge,right,76.32438216777518,0.1,0.1,sampled_bracket,projector,76.3,76.35,2,0.04999999999999716,True,0.0,True,sampled persistent bracket; no continuous first-crossing or monotonicity proof
L144_gL4,144,edge,right,76.32438216777518,0.1,0.1,sampled_bracket,joint,76.3,76.35,2,0.04999999999999716,True,0.0,True,sampled persistent bracket; no continuous first-crossing or monotonicity proof
L144_gL4,144,translated,block_cell9,56.29082215251401,0.1,0.1,sampled_bracket,projector,56.25,56.3,2,0.04999999999999716,True,0.0,True,sampled persistent bracket; no continuous first-crossing or monotonicity proof
L144_gL4,144,translated,block_cell9,56.29082215251401,0.1,0.1,sampled_bracket,joint,56.25,56.3,2,0.04999999999999716,True,0.0,True,sampled persistent bracket; no continuous first-crossing or monotonicity proof
L144_gL4,144,translated,block_cell27,58.33477651560679,0.1,0.1,sampled_bracket,projector,58.3,58.35,2,0.05000000000000426,True,0.0,True,sampled persistent bracket; no continuous first-crossing or monotonicity proof
L144_gL4,144,translated,block_cell27,58.33477651560679,0.1,0.1,sampled_bracket,joint,58.3,58.35,2,0.05000000000000426,True,0.0,True,sampled persistent bracket; no continuous first-crossing or monotonicity proof
L144_g0p25,144,edge,left,69.35766545953229,0.1,0.1,sampled_bracket,projector,69.35,69.4,2,0.05000000000001137,True,0.0,True,sampled persistent bracket; no continuous first-crossing or monotonicity proof
L144_g0p25,144,edge,left,69.35766545953229,0.1,0.1,sampled_bracket,joint,69.35,69.4,2,0.05000000000001137,True,0.0,True,sampled persistent bracket; no continuous first-crossing or monotonicity proof
L144_g0p25,144,edge,right,81.61706676715986,0.1,0.1,sampled_bracket,projector,81.6,81.65,2,0.05000000000001137,True,0.0,True,sampled persistent bracket; no continuous first-crossing or monotonicity proof
L144_g0p25,144,edge,right,81.61706676715986,0.1,0.1,sampled_bracket,joint,81.6,81.65,2,0.05000000000001137,True,0.0,True,sampled persistent bracket; no continuous first-crossing or monotonicity proof
L144_g0p25,144,translated,block_cell9,52.248706629965454,0.1,0.1,sampled_bracket,projector,52.25,52.35,1,0.10000000000000142,False,0.00129337003454566,True,sampled persistent bracket; no continuous first-crossing or monotonicity proof
L144_g0p25,144,translated,block_cell9,52.248706629965454,0.1,0.1,sampled_bracket,joint,52.25,52.35,1,0.10000000000000142,False,0.00129337003454566,True,sampled persistent bracket; no continuous first-crossing or monotonicity proof
L144_g0p25,144,translated,block_cell27,62.86282028658316,0.1,0.1,sampled_bracket,projector,62.85,62.9,2,0.04999999999999716,True,0.0,True,sampled persistent bracket; no continuous first-crossing or monotonicity proof
L144_g0p25,144,translated,block_cell27,62.86282028658316,0.1,0.1,sampled_bracket,joint,62.85,62.9,2,0.04999999999999716,True,0.0,True,sampled persistent bracket; no continuous first-crossing or monotonicity proof
