"path","bytes","sha256"
"build.ps1","242","98B03E62D6D972F900B3C2CA97DBA3D51BE22608F02486B60539F525F08AC968"
"README.md","3501","C380F74545FF8FC6FB52E5220322C7A5D971CE138212946E7DD967FF5522CA19"
"data/controlled_overlap_v1_controlled_overlap_correlations.csv","484","753534269CD91EB24BA663D76AA476855C66A88D0C9446DD0F6C6E0570BFE695"
"data/controlled_overlap_v1_controlled_overlap_scan.csv","252935","5F8E6D0AF878F5094141AD38837B5602F4121396145E1E10F130B09278E48352"
"data/hn_v1_subspace_bound_correlations.csv","510","A0C357026EFD0A97D3A20F42DDFEF8A4600356484EED620648FF6154020927CE"
"data/hn_v1_subspace_bound_scan.csv","17229","8901F519DE0C4EC36F74DFF5F351915E440FE3D0693220AA884C33308491FC85"
"data/isospectral_counterexample_v1_spectrum.csv","24126","979BD8BD3D5B6C34603A1F03B22D614543330775F185CF31DC9835B6D50E9EEB"
"data/isospectral_counterexample_v1.csv","17820","927A1C6B477451FCF64370DD0D5E81FF57F45480094B8310BBF3FB07E891ECA9"
"data/matchedT_ssh_convergence_summary.csv","2575","2FC7D269241160C2B8F605EBC151D0D903A227EDE270A3AF74641801AC504CCE"
"data/matchedT_ssh_joint_correlations.csv","947","50684CBCEB8992CB26AA2ABFEC20FDD295E2CE9743EAAE92FD6286EC23634527"
"data/matchedT_ssh_joint_scan.csv","9172","525D3E8B5A5A7F0A15189EB9FE98EFEB92CF616CDAD21C00F85B593350A3AAC1"
"data/physical_isospectral_skin_v1_spectrum.csv","19661","43C490E409BC29924B7A312B9CD22D099D88BF2594AFB6992D8CCDD4B24DCB01"
"data/physical_isospectral_skin_v1_summary.csv","380","0AEE510BCEF6B617A7143A3E2CD234A02C81DA1C7854E1AEA5FCAE8911A64612"
"data/physical_isospectral_skin_v1.csv","15354","178C39DAB9D5D5B7099A6A32FFEE9AE306B04ADE8290EC21A67D50BB2F3B2363"
"data/prl_main_figures_summary.csv","1213","503D8CAE6AFA3A6358C8FA48797DF376CF4EA512375A560835D875CF78CE8B4E"
"data/quick_entropy_scan.csv","2662","7696282B15E070B1BD8E844A44EB177D457FF7D579605E66DA1606AAC485AB7D"
"data/quick_open_entropy_scan.csv","2851","5E1A29CCF881EDA393823514BEE521F80BFC801CD546DB3514F7C9323CBBB0CD"
"data/quick_open_lyapunov_scan.csv","3506","EDBBF06204EB6D56BFD1938214D049B098CD264B7C961C6C0DB27CA1E9123A08"
"data/quick_periodic_entropy_scan.csv","2983","AD915175562DCDD248AC9257B16926B88B1D136E8EC5D7EC7DC8AC48FADDD66A"
"data/quick_periodic_lyapunov_scan.csv","3676","8050343AE75F1899605AD5A90891A16853FA65CD4CCE8F20D20FB86EE510F77D"
"data/quick_ssh_convergence.csv","22918","A841BC76DB8EAD3F9E72DDFB86B690134C74B3C7F6A36EBCB49564E0F74466E9"
"data/quick_ssh_diag_open_skin0.25.csv","10211","667256F27F484AA0DB9EB49FD574ACF80917D7A3F490FE182944C332AF97E110"
"data/quick_ssh_diag_open_skin0.csv","10273","3BAA6FA89CA34B4BFBE6C557E3BD5511FEE7B09BB1E01627F059EB7E7C3C6BBB"
"data/quick_ssh_diag_periodic_skin0.25.csv","10259","B2F928CFF2842ADC9063A16BAA1BC72D0FFF5E06A4E1CF1D53B60EA629D47CBA"
"data/quick_ssh_diag_periodic_skin0.csv","10348","BFD306AEFC6A0105EE8F3604B802D9281C103DCCA7982D957DA2E036CBF80BE5"
"data/quick_ssh_diagnostic_correlations.csv","1371","03F5E8C9BC19AC9C74458EBBE0B760A38DABA19A321EF6549B0CFF2D9AF0253B"
"data/quick_ssh_entropy_diagnostics_merged.csv","57916","DEAFB8C510AA0DD56F5C0BF848DB585C2C1AB00D965BA851B83D9D8C58D41BDB"
"data/quick_ssh_noclick_open_skin0_scaling_fits.csv","1212","809C9B0A7D35660114ABBDE4502C81F19AB7A7AB6DADBC239F2E8BDDABFE31E0"
"data/quick_ssh_noclick_open_skin0.25_scaling_fits.csv","1240","EEFB63BB57DEAFD3D21F184FE323E963D6B21117A699BBAD4C477FD223945AC4"
"data/quick_ssh_noclick_open_skin0.25.csv","4635","BCFD4FAD906A629B8AE9E0072F5695E03845766D6C33A5BFD4700EC3B5801D82"
"data/quick_ssh_noclick_open_skin0.csv","3494","E65B944E95FFF837EE3132A0DC639CCF217F3654CB1C34A5E7233D7AA22847B2"
"data/quick_ssh_noclick_periodic_skin0_scaling_fits.csv","1232","85DB1D4273B6E2E11AF38DDC9F5F054729BF17DD5A625DB4E66062158DB577DE"
"data/quick_ssh_noclick_periodic_skin0.25_scaling_fits.csv","1267","B986132FB79A044411AA4EF9506D6DEA832A908CBAE64291FA4D9BC900F14B07"
"data/quick_ssh_noclick_periodic_skin0.25.csv","4743","C165D2DA0F4B069399132D84B3576080307364FF1B2F15BC360D99DA8BC70974"
"data/quick_ssh_noclick_periodic_skin0.csv","3609","65407AF07DE27D83AB219A3ECA684E177101D15B30E12A36A11556409F6B0624"
"data/quick_subspace_bound_correlations.csv","519","4D0790555D031EF561BFF33BBDAF1924E30D896400ED541CC29D2B13B90FA0E5"
"data/quick_subspace_bound_scan.csv","56044","9B2A4749BE859CF41CCEC1E9A938A73297AEDAED60A608F484A5091DEAB6E9F6"
"data/quicklarge_ssh_convergence_summary.csv","2575","2FC7D269241160C2B8F605EBC151D0D903A227EDE270A3AF74641801AC504CCE"
"data/quicklarge_ssh_joint_correlations.csv","965","C62C77E59B8C420509E7AC9CDA25177FC51BF860F9ABF11C53492FFD115BBD31"
"data/quicklarge_ssh_joint_scan.csv","51389","7917FE2E47AD4B209862338DB2E3F3BE118D68F7223D06A62D12809E4D765B62"
"data/random_slater_v1_subspace_bound_correlations.csv","518","1EC2E471D20BEE3B74272154FD5EFA43BC79B185DD4B2C5710152E36356169A7"
"data/random_slater_v1_subspace_bound_scan.csv","51817","F3F74EB5DD526954FF8112E184FA45E8EFB4F5554A4D91216846A980E8521336"
"data/singular_lt_scaling_v1_fits.csv","9144","8BB1D57346E1CA7091D6F7FF21F6589755666291F026DEC7835E207379983453"
"data/singular_lt_scaling_v1_summary.csv","1293","473FF7630454D8DE1465680C96D61592BDE867E5404E0F36B13A7F4E0243A4E0"
"data/singular_lt_scaling_v1.csv","41292","7932A869A7F072488268D562478BC3FBA929BD8F1659A37223FC49FE15E7D647"
"data/singular_scaling_v1_fits.csv","3895","CE99F6A2CE7F36A7238E57C2B092F152C7FDBB09A505F352F7E837B3B092C1B1"
"data/singular_scaling_v1.csv","22795","F7A27530CD572C60DBDAD52C4E7A1EE0B7FE6204E2DA693F13CD97A5C71146B5"
"data/theorem_controlled_overlap_v1_summary.csv","302","6C59864DD2D07C0D7F92242006D5C9264031980535FF0B90821621BC5AAA4374"
"figures/controlled_overlap_v1_controlled_overlap_summary.png","387285","4718D357216DF688A5D196DCEA2218326C6BD0AB6633BFC80A3C7CBC1BA9C50E"
"figures/hn_v1_subspace_bound_summary.png","222872","A39EFF0236C5CB8C2CAE7273CF59BF0DA052E98D096592F719DE18DFCC99FE74"
"figures/isospectral_counterexample_v1.png","273418","0717AC4FABEBC5E10269839304DBEFC4367FC2B9F4B39FAF9A2A371D4B771D8B"
"figures/matchedT_ssh_convergence.png","198266","7B4DFBE186FA50C72A6F1D8C8F6378F13848A86CC628945912336762DBAE1F54"
"figures/matchedT_ssh_joint_collapse.png","123302","7A8D560E02DEA2BC21197CDAAA31E25285B4248D116B01DCCF7344641A674C9C"
"figures/matchedT_ssh_largest_size.png","92300","C83A38215314D26ABC822A25F484BAEA8A4D468C3B3541E5D9686FE4ED1D8935"
"figures/physical_isospectral_skin_v1.png","208177","28B2643DEF5D79F527B28D125B51BECEC07017C1E7EF38202DFCE9ED152D418B"
"figures/prl_main_fig1_theorem_counterexample.png","263910","915056EECC9A72C0375385BAC5BBF4F2680294F444B9EEE3A97DB7B3272F1162"
"figures/prl_main_fig2_collapse_scaling.png","244642","77ADC69F728F00F29F598E59F3F4E57273B11B51D4850C3A5166831CA866A1DC"
"figures/quick_boundary_compare.png","105866","94E558B31F7E9FC01CF2A8D9FDAA37FC2288FEA64503327184655ACF61773D89"
"figures/quick_entropy_vs_p.png","97880","EF10DA672D1B85EE6B074CA5CDD19770A753EB309B8A7896B8A5D907B682254C"
"figures/quick_open_entropy_vs_p.png","97880","EF10DA672D1B85EE6B074CA5CDD19770A753EB309B8A7896B8A5D907B682254C"
"figures/quick_open_lyapunov_gap.png","110912","F595D7420684D60D854E905DE83B5D447D46EF4FD2AA21D3945019D17A12314A"
"figures/quick_open_scaling.png","72123","0222358BAE3D5149BECCC84015291079B833CED250818AD1791D751D22CF5ECF"
"figures/quick_periodic_entropy_vs_p.png","106950","7455C797FF74A007B82CF48626A20C6F771874AB68A27AD1C657C91730AF6875"
"figures/quick_periodic_lyapunov_gap.png","121075","270C7940A52ED17749D05FAD8B157BD6BB560305A14B29AD718D7B48952AE7A1"
"figures/quick_periodic_scaling.png","71103","EC331E16FA237708CC4E29C95B9FEA44BF7FD9CD219D4D1072A6070FF8D89EA8"
"figures/quick_scaling.png","72123","0222358BAE3D5149BECCC84015291079B833CED250818AD1791D751D22CF5ECF"
"figures/quick_ssh_diag_open_skin0.25.png","188892","0D7BE8F4D7F13EE501312CE5D4C86A258A332167E8DA786C34FC20C012C56442"
"figures/quick_ssh_diag_open_skin0.png","196149","CBC7DC6226AC250266DA792DCC97A493B59EFFB32367B9E30029DE19E52AA86A"
"figures/quick_ssh_diag_periodic_skin0.25.png","202187","81307CB6CC11A738F8662A31B74148FE13A8456AE547D587235C77950DD94DF4"
"figures/quick_ssh_diag_periodic_skin0.png","187095","21E16DF1B205DCF5ACEA3E79A609CBD67DF050CDCFFBCCB97980E03FF926C48E"
"figures/quick_ssh_diagnostic_collapse.png","289765","9D0B1DC312E4AD1C431141F9E0E6C191DBBD1F14ABB9E07BA6AAA856DB95F0D3"
"figures/quick_ssh_noclick_open_skin0_entropy_vs_gamma.png","84233","8BC6816837DC0CE57CCED83ACED9DCA535D897EEB0D495CA7C2AE44468575D8C"
"figures/quick_ssh_noclick_open_skin0_scaling_fits.png","59883","E2A6C83E2B9C5E5CDC9F5BC110A886080F592F7AA729B0B8B6B1B6DDEFF5FE22"
"figures/quick_ssh_noclick_open_skin0_scaling.png","74177","437F95C5F86DA725CBF4558A97EEBE974B137467889CAF70B574E90367388397"
"figures/quick_ssh_noclick_open_skin0_spectral_width.png","36509","45EAFE9047A0C268F2A3C8C7AEB156578A3E5910D3CE8CCF0202EBD6D35B99A1"
"figures/quick_ssh_noclick_open_skin0.25_entropy_vs_gamma.png","66427","1A6F896E001A04FF210ED1F66C3968C97DDBF93F33BFD498D6E45D095C5A45DC"
"figures/quick_ssh_noclick_open_skin0.25_scaling_fits.png","72478","CAD36D6B6FE54666769D78A3F2BE8E6EFCE9F40B084F32A63BBA3777766838E3"
"figures/quick_ssh_noclick_open_skin0.25_scaling.png","92368","D98AB670260DD5726BAD1D27AC06F0BA0542ECD1AC772EFD2FA793A0EBA461C9"
"figures/quick_ssh_noclick_open_skin0.25_spectral_width.png","46171","50647777FB8415DEAB6F029E39A930039D75DC9251C2A518B221BFE3AB098221"
"figures/quick_ssh_noclick_periodic_skin0_entropy_vs_gamma.png","72221","51B454E3DEA5B3FFFFAEA9515C8DE572D3F871FA0BFB67105E32B3F6722CD51D"
"figures/quick_ssh_noclick_periodic_skin0_scaling_fits.png","65719","05D7C6591878F17AA3CFCA7D5045033750144DD3AFBE59AE7F2CFD79541EC65C"
"figures/quick_ssh_noclick_periodic_skin0_scaling.png","91681","C6901FBD79387833F566E1FF5A7FEB3CAFBF17AFFD88D66AC18CF6718494526D"
"figures/quick_ssh_noclick_periodic_skin0_spectral_width.png","36509","45EAFE9047A0C268F2A3C8C7AEB156578A3E5910D3CE8CCF0202EBD6D35B99A1"
"figures/quick_ssh_noclick_periodic_skin0.25_entropy_vs_gamma.png","76880","E7D9FAA536DF4D958C00C1EFEB30EFDD48E7CDA07D6EF2FC3FEF9F475D50F7E4"
"figures/quick_ssh_noclick_periodic_skin0.25_scaling_fits.png","63829","1D3CEF5D9A75843EC8C621DDD938105718582C7555F5AE427C7222A200CAF22F"
"figures/quick_ssh_noclick_periodic_skin0.25_scaling.png","60051","661172AF19C767DC2076C018266A8A5C65369E09766339646CD6458685591497"
"figures/quick_ssh_noclick_periodic_skin0.25_spectral_width.png","46171","50647777FB8415DEAB6F029E39A930039D75DC9251C2A518B221BFE3AB098221"
"figures/quick_subspace_bound_summary.png","353593","5AEFCD8A377973C799CCB7CF34B1BA44E02ED869F63FCC6C611BAC4B5B017F0C"
"figures/quicklarge_ssh_convergence.png","198266","7B4DFBE186FA50C72A6F1D8C8F6378F13848A86CC628945912336762DBAE1F54"
"figures/quicklarge_ssh_joint_collapse.png","185351","D7DC8E92BAAE702801D96A2822A5B7E3C2EDEFD154DC4FADF940AA42D69BE36B"
"figures/quicklarge_ssh_largest_size.png","90926","19912F2D26DF72CF3CDCF3B2B089E2D9A8AFA5A0C8DC69090827C35064CC0C78"
"figures/random_slater_v1_subspace_bound_summary.png","290168","2EB75B0716492E80470C258CE870B87DACF629909901B9ABFF9213F7A25B2AA2"
"figures/singular_lt_scaling_v1.png","217547","8663033C2344A7FE509D96C62E8BE77BA7E3AF66A65FEA9DDC805DC20479FB28"
"figures/singular_scaling_v1.png","203238","0A7429E831B8157CB07FA59C0830F9A388DAB38F806061748857629F752C3A00"
"figures/theorem_controlled_overlap_v1.png","253438","B293E67E303AF233FA92A5E9D5CFC1AEAEE1FAE4670B4AFA9DC8F2358CAC4175"
"main/build.ps1","2453","C5B855EBD68917C34FA070926F2B2386467E9CEA5390DAF5B0D19EB144113425"
"main/main.pdf","679031","BCF35710D06CA0E875C639A0953AA492478CB9CF13749ACAC89D7A4027BC0731"
"main/main.tex","12191","0210B524262EF3F64544C071C99828B3F24122CAACCECEF5ADCB207D2EBC7E2E"
"main/refs.bib","2149","445655910E6BACF028B9569507A2013E3B801830BB5D3393BBC5D4D2A3EE01BD"
"main/figures/prl_main_fig1_theorem_counterexample.png","263910","915056EECC9A72C0375385BAC5BBF4F2680294F444B9EEE3A97DB7B3272F1162"
"main/figures/prl_main_fig2_collapse_scaling.png","244642","77ADC69F728F00F29F598E59F3F4E57273B11B51D4850C3A5166831CA866A1DC"
"research_doc/研究文档导航.md","4329","65AB3F3FE76846D882EFBAC38A6BC8F9DE45E8A55718F34AD18CDB5BAAEAF233"
"research_doc/01_当前研究/研究计划与任务清单.md","25354","06C2E3D6818AAAE93AFE39A9854517AC651AC443F937BB8C9B0D0A5CD158996E"
"research_doc/01_当前研究/研究现状与结论边界.md","10142","EC5D7B0AC8FE3B0DC4A837200AF83F975490273E5818E28B1EEDE9A70281AD1F"
"research_doc/02_工程与复现/本次文档归并清单.csv","13913","D1D6B60BA1C436767F68808900B913B7086FA205B3D1858044F837F9125883F0"
"research_doc/02_工程与复现/工程说明与协作指南.md","10881","CDFB200A48171DBE962E86252613E48BC848407036B5D18E93DE67C812621255"
"research_doc/02_工程与复现/文件迁移清单.csv","64641","81CFCFED3D010281B9ACF5FBD09AF52DF54142B9BB331E16B481793E5CAE4034"
"research_doc/02_工程与复现/整理记录与文件清单.md","9741","D8D8FE95F8A86CC8E02D20DB3862068E4B86C7F4DE1CF53CD7333C183298398B"
"research_doc/03_理论与图表/理论推导与图表设计.md","11809","1EA153E81EB7536C1A0D01746FBEAA2939A02F5D9D1665138A432605FF90FD4F"
"research_doc/04_历史研究/01_研究起点与基准计算.md","17011","7931F46030F6474F0946C8CC7A33DF82C31245F9639C169081E3E9C85BC7A8B4"
"research_doc/04_历史研究/02_子空间理论与初态验证.md","9832","34479E9DF6884F40D47E5BD10A9BE90C554600F8FCB543BDDE608C1436CEC082"
"research_doc/04_历史研究/03_等谱反例与论文成形.md","9442","70C4958372C6A2F6B202915B220117BA104C4F14DE7759B2B84521761D20EA2A"
"scripts/analyze_ssh_scaling.py","3287","C06BA64F9C52FC2B10C1064C8041BB51F4395B6596F361F45483F236BF3138DF"
"scripts/plot_boundary_compare.py","1865","7B6560C05FEC316D71F219E51A6D2486A42A0AD63FB17901E1B4444DBAF8DF0B"
"scripts/plot_controlled_overlap_results.py","4882","D41E1D7D2A198589DDE1B64D7C6B40EBC1C3AD862D87017BEB5CC4DA8000814C"
"scripts/plot_isospectral_counterexample.py","4252","508A816CF86E909C56FE91564D2D89CC1B8BCDC6C35BD0A0886B77CD8DAE5E38"
"scripts/plot_physical_isospectral_skin.py","5504","734DF1C7881367AC4806A36023460D8B7F30916331182AC0F9D81016BECD654F"
"scripts/plot_prl_main_figures.py","14663","2178FDDE979625396643D34ACAB2BC3180B07ED6DA2C7EBB2F8BCC3B33ADC19B"
"scripts/plot_singular_lt_scaling.py","9278","F7AC6891C33FF5F936968683DE5456AB75BBFA290480AED7CC46B4C4925244C0"
"scripts/plot_singular_scaling.py","8275","8158C00090375EE393928C3E72C8B2860B7204628274C910792550BC59DB1C5D"
"scripts/plot_ssh_diagnostic_collapse.py","5568","34D8DDD4D3F313B7D8B80546F09F51EFFBDFD9E1127585633E998DF0BCE79A1A"
"scripts/plot_ssh_large_results.py","7685","5E51E639C94BBB4D41291AF4898145BDB2B52C8978F8F8BE00657B637C4D6CD3"
"scripts/plot_subspace_bound_results.py","4345","1BC6CD5E470D0701ADB688A9D8228EB25B572BFF2E273E9CBB120C9A77961201"
"scripts/plot_theorem_controlled_overlap.py","5279","DBDC6E3FE5653C7D8884A58F0EC90AF7EF1A428EE7C6FCD73B918D0768A8A0B9"
"scripts/run_controlled_overlap_scan.py","4858","53961F97240E777BEDECD4844BE5988BDC67973BC7E756884B1D86B10C3485AA"
"scripts/run_hn_subspace_scan.py","4171","A214D96D92A773C7824B1221A237040073EBA72066625406E9A76033B488BA12"
"scripts/run_isospectral_counterexample.py","3806","7723A9C501CAEDC1BFF286FBB44C16C3F3E62988BA495FF4B2CF3A3A68CC72B3"
"scripts/run_lyapunov_scan.py","3843","5BDA330B2B268DD045E2704437EF08D5F3022C0F07BB048C34DEA1058825F5F0"
"scripts/run_physical_isospectral_skin.py","3397","4C42C05F1E1BD0CD932310842A835A19239A978621D68481A8C61F37E0ECEB24"
"scripts/run_scan.py","5785","67090C00D6C11FCC087E4883A7D77B65F28F65F070F548BE1ACE7F186525F2EB"
"scripts/run_singular_lt_scaling_scan.py","5775","32C4F5BB58515042A3418CA5A1FC80BF1A4B5E86640EFCDB3B99AB485C9323C3"
"scripts/run_singular_scaling_scan.py","4539","FEE37CDBE213F93AADCE37EFF602140CBC56CB5A89212C74B5E8C400CB0E0017"
"scripts/run_ssh_convergence.py","4479","85D7B45E1B22BA3B855EE09C41F0957EB137CA858A1607F74890ED4B32107CA2"
"scripts/run_ssh_diagnostics.py","5535","0578D52800F1CB571628D0CBF7C8769ACAA2770AAE75DDBC531B8121F54EA631"
"scripts/run_ssh_joint_scan.py","5843","AEE87BF188FEA04E022A36946AF5AEF73515371CDF1E0D9CB465ACFE45C5F26A"
"scripts/run_ssh_no_click_scan.py","5993","6E360EA4E586D4A9A78845F3FC09924E1C3EF89560208C8E1BBF107F8FD92CA2"
"scripts/run_subspace_bound_scan.py","4967","DDCD00CDDECDAB61042BBF4EDB1817487CFB309B30C9FE13974CF3797D071341"
"scripts/sync_paper_figures.ps1","1531","ACB4C3C7EC6EAA75CCC5BA6048DF66B57353962B657B54F08391DC5D42E4AB64"
"src/mietf_skin/__init__.py","699","6CBA706102CC6135D81CF713C3AC50C271DE0983D4E475AA8D654F08AB251377"
"src/mietf_skin/bounds.py","7977","72576D24AF99E9B3A38D0E4C56AF566D56E69CECA4E71C38B3A9A83495122A51"
"src/mietf_skin/controlled.py","10808","F34BEFBDAF7C0356CFC3BD2CB6890FE7C4D11B0546AB8723D4D9245D1BC7A4E6"
"src/mietf_skin/diagnostics.py","5461","86E37F985C2C4C566AEE6C755BA6DB069C9C680DC98573C7E6029C704DA3A452"
"src/mietf_skin/gaussian.py","4332","7BAABE49AF5BAAB03F01505E0C174D3902F9BB1D29826CE37D15B0CD356D30F0"
"src/mietf_skin/hatano.py","6078","CE8AD1743C0F33041CCF2F5E97E9E0EBD3D404B105E1197DB816D2664E67DE94"
"src/mietf_skin/isospectral.py","12481","1F1663E1A23B1510E488DE7AEA3AA8477AB81A49AAB6514C2BC739AB26DCBDDA"
"src/mietf_skin/lyapunov.py","1873","418868F6D7E767ECBD7FCBB22A963A2E170382645BAF1AB4194BA71471C7217C"
"src/mietf_skin/models.py","1677","7673082A40784694AF84019F89B2096A29C09AD88ECC9D206D7D99364EE963AB"
"src/mietf_skin/simulate.py","1931","B63996A973A94FD35C36B2F4BDA3FA3E25494E7337846BC146CC72C4AC37E612"
"src/mietf_skin/ssh.py","5259","28606DCCEA4FF32009F86EC497A936AFC8F0612F3BB0354A4F159AD10BFBBDB9"
"supplement/build.ps1","2542","6FF7610E6FA951CA5F95CA0090762B7033B63BF2EA9630F8ED875F1B44A4F5E3"
"supplement/refs.bib","2149","445655910E6BACF028B9569507A2013E3B801830BB5D3393BBC5D4D2A3EE01BD"
"supplement/supplement.pdf","2175912","88390D16DC87302BA59D4A691683632BCD42C3A9BD9F4664CDB6ABFB5A14466B"
"supplement/supplement.tex","23974","E536453A493A0811126C9D024D4A458F2817D3016573373EFC01EA250A022C7D"
"supplement/figures/hn_v1_subspace_bound_summary.png","222872","A39EFF0236C5CB8C2CAE7273CF59BF0DA052E98D096592F719DE18DFCC99FE74"
"supplement/figures/physical_isospectral_skin_v1.png","208177","28B2643DEF5D79F527B28D125B51BECEC07017C1E7EF38202DFCE9ED152D418B"
"supplement/figures/prl_main_fig2_collapse_scaling.png","244642","77ADC69F728F00F29F598E59F3F4E57273B11B51D4850C3A5166831CA866A1DC"
"supplement/figures/quick_subspace_bound_summary.png","353593","5AEFCD8A377973C799CCB7CF34B1BA44E02ED869F63FCC6C611BAC4B5B017F0C"
"supplement/figures/quicklarge_ssh_convergence.png","198266","7B4DFBE186FA50C72A6F1D8C8F6378F13848A86CC628945912336762DBAE1F54"
"supplement/figures/random_slater_v1_subspace_bound_summary.png","290168","2EB75B0716492E80470C258CE870B87DACF629909901B9ABFF9213F7A25B2AA2"
"supplement/figures/singular_lt_scaling_v1.png","217547","8663033C2344A7FE509D96C62E8BE77BA7E3AF66A65FEA9DDC805DC20479FB28"
"supplement/figures/singular_scaling_v1.png","203238","0A7429E831B8157CB07FA59C0830F9A388DAB38F806061748857629F752C3A00"
"supplement/figures/theorem_controlled_overlap_v1.png","253438","B293E67E303AF233FA92A5E9D5CFC1AEAEE1FAE4670B4AFA9DC8F2358CAC4175"
