case_id,quantity,initial,method,error,threshold
ssh_021,legacy_step_relative_fro,,eig,6.699541699839117e-09,1e-10
ssh_022,legacy_step_relative_fro,,eig,6.699541699839117e-09,1e-10
ssh_023,legacy_step_relative_fro,,eig,6.699541699839117e-09,1e-10
ssh_023,actual_projector,charge_density_wave,eig_qr,1.0736286235395697e-06,1e-06
ssh_023,actual_projector,left,eig_qr,1.1217934898456474e-06,1e-06
ssh_030,legacy_step_relative_fro,,eig,4.286557482712922e-09,1e-10
ssh_031,legacy_step_relative_fro,,eig,4.286557482712922e-09,1e-10
ssh_032,legacy_step_relative_fro,,eig,4.286557482712922e-09,1e-10
ssh_050,legacy_step_relative_fro,,eig,1.9457320539847812e-10,1e-10
ssh_051,legacy_step_relative_fro,,eig,1.9457320539847812e-10,1e-10
ssh_051,actual_projector,left,eig_qr,3.7110965042080105e-06,1e-06
ssh_052,legacy_step_relative_fro,,eig,8.746457716267046e-07,1e-10
ssh_052,actual_projector,charge_density_wave,eig_qr,0.00016495064453672575,1e-06
ssh_052,actual_projector,left,eig_qr,0.9991725701197485,1e-06
ssh_052,actual_entropy,left,eig_qr,1.2251207727865578,1e-06
ssh_053,legacy_step_relative_fro,,eig,8.746457716267046e-07,1e-10
ssh_053,actual_projector,charge_density_wave,eig_qr,0.00028865860779463354,1e-06
ssh_053,actual_projector,left,eig_qr,0.9999999999999998,1e-06
ssh_053,actual_entropy,left,eig_qr,0.715534637209198,1e-06
ssh_053,actual_projector,left,direct_qr,0.0010004241697746637,1e-06
ssh_053,actual_entropy,left,direct_qr,6.17675534335671e-05,1e-06
