group,length,boundary,skin,gamma,steps,dt,t1,t2,case_id,physical_time,eigvec_condition,step_eig_relative_fro,step_half_relative_fro,unitarity_defect,sigma_N_over_sigma_1,sigma_next_over_sigma_1,relative_cutoff_gap,singular_ratio,numerical_noise,svd_status,svd_reason,left_entropy_expm_direct,W_projector_error_eig_repeat,M_relative_fro_eig_repeat,W_entropy_error_eig_repeat,W_projector_error_expm_repeat,M_relative_fro_expm_repeat,W_entropy_error_expm_repeat,W_projector_error_expm_power,M_relative_fro_expm_power,W_entropy_error_expm_power,W_projector_error_expm_direct,M_relative_fro_expm_direct,W_entropy_error_expm_direct,seconds,rss_mb_after,state_half_step_max_P_error,state_half_step_max_S_error,state_expm_qr_status,W_status_final,reference_dps,reference_convergence,W_reference_error,W_reference_entropy_error,cutoff_sigma_reference_relative_error,state_reference_P_error,state_reference_S_error
unitary,16,open,0.0,0.0,1,0.05,0.5,1.0,ssh_000,0.05,1.0000000000000018,3.951896346466169e-16,9.700532386952398e-17,1.2833605207034703e-16,0.9999999999999996,0.9999999999999996,0.0,1.0,2.2737367544323206e-13,degenerate,unitary map has all singular values equal; no unique W_plus,6.843882766152481e-09,0.9977056190441619,3.951896346466169e-16,2.431182650169268,0.0,0.0,0.0,0.0,0.0,0.0,0.0,0.0,0.0,0.003634699998656288,67.7421875,2.3589899568217e-16,1.2947976024690888e-14,double_crosschecked,degenerate,,,,,,,
unitary,16,open,0.0,0.0,100,0.05,0.5,1.0,ssh_001,5.0,1.0000000000000018,3.951896346466169e-16,9.700532386952398e-17,1.2833605207034703e-16,0.9999999999999996,0.9999999999999996,0.0,1.0,2.2737367544323206e-13,degenerate,unitary map has all singular values equal; no unique W_plus,1.814672298240932,0.9915483581386915,2.5892696247885313e-14,0.7211468800218059,0.9885591843711363,1.6363712448379179e-15,0.5295358962251819,0.9997458099495744,2.484984629695494e-15,0.3363980029231144,0.0,0.0,0.0,0.014814199996180832,67.78515625,7.532407576374877e-15,5.240252676230739e-14,double_crosschecked,degenerate,,,,,,,
unitary,16,open,0.0,0.0,300,0.05,0.5,1.0,ssh_002,15.0,1.0000000000000018,3.951896346466169e-16,9.700532386952398e-17,1.2833605207034703e-16,0.9999999999999993,0.9999999999999993,0.0,1.0,2.2737367544323206e-13,degenerate,unitary map has all singular values equal; no unique W_plus,3.6244958234755957,0.9821589709903122,5.983903448700588e-14,0.9739044622209159,0.9991876546792702,4.1008980295303016e-15,0.7536345303413237,1.000000000000001,5.020128215246671e-15,0.7477247965473768,0.0,0.0,0.0,0.04025829999591224,67.7890625,1.5992481212744103e-14,9.769962616701378e-15,double_crosschecked,degenerate,,,,,,,
unitary,16,periodic,0.0,0.0,1,0.05,0.5,1.0,ssh_003,0.05,1.1751245878895147,3.5090739522925845e-16,9.680353387634747e-17,2.302095596236657e-16,0.9999999999999996,0.9999999999999996,0.0,1.0,2.2737367544323206e-13,degenerate,unitary map has all singular values equal; no unique W_plus,1.0894102821652791,0.9942462981841261,3.509073952292584e-16,1.6466062153024592,0.0,0.0,0.0,0.0,0.0,0.0,0.0,0.0,0.0,0.002328500006115064,67.8671875,3.577443591428815e-16,1.7916224059888464e-14,double_crosschecked,degenerate,,,,,,,
unitary,16,periodic,0.0,0.0,100,0.05,0.5,1.0,ssh_004,5.0,1.1751245878895147,3.5090739522925845e-16,9.680353387634747e-17,2.302095596236657e-16,0.9999999999999996,0.9999999999999996,0.0,1.0,2.2737367544323206e-13,degenerate,unitary map has all singular values equal; no unique W_plus,2.8189527082834003,0.9865242999701698,2.0351504967343364e-14,0.5076396227606992,0.9999999999999999,1.1609749454212144e-15,0.00897700803344792,1.0000000000000009,2.1028465020531782e-15,0.3896182806979507,0.0,0.0,0.0,0.014700699990498833,67.875,5.807410011431581e-15,3.552713678800501e-15,double_crosschecked,degenerate,,,,,,,
unitary,16,periodic,0.0,0.0,300,0.05,0.5,1.0,ssh_005,15.0,1.1751245878895147,3.5090739522925845e-16,9.680353387634747e-17,2.302095596236657e-16,0.9999999999999996,0.9999999999999994,1.1102230246251565e-16,0.9999999999999999,2.2737367544323206e-13,degenerate,unitary map has all singular values equal; no unique W_plus,3.2457395197226826,0.9997180813695192,4.5261867153603764e-14,0.46418865155161404,0.9955301834883923,2.5236487104979725e-15,0.159760838724893,0.9749342454406605,3.2186842812880104e-15,0.46570488515765707,0.0,0.0,0.0,0.04076589999021962,67.87890625,1.2079672662573068e-14,5.329070518200751e-15,double_crosschecked,degenerate,,,,,,,
unitary,32,open,0.0,0.0,1,0.05,0.5,1.0,ssh_006,0.05,1.0000000000000024,6.627820172239431e-16,1.0460285241429392e-16,1.2908569156064722e-16,0.9999999999999992,0.9999999999999992,0.0,1.0,4.547473508864641e-13,degenerate,unitary map has all singular values equal; no unique W_plus,0.023686684868590942,1.0000000000000018,6.7125799468037925e-16,5.792441479200717,0.0,0.0,0.0,0.0,0.0,0.0,0.0,0.0,0.0,0.0038066000124672428,68.1796875,4.024982636194556e-16,8.711087406965135e-14,double_crosschecked,degenerate,,,,,,,
unitary,32,open,0.0,0.0,100,0.05,0.5,1.0,ssh_007,5.0,1.0000000000000024,6.627820172239431e-16,1.0460285241429392e-16,1.2908569156064722e-16,0.9999999999999996,0.9999999999999996,0.0,1.0,4.547473508864641e-13,degenerate,unitary map has all singular values equal; no unique W_plus,4.2224126642644135,0.9999052666996984,4.102618619740995e-14,0.859228720751875,0.9997320076093416,1.7171388841708318e-15,0.11599017274868917,0.9991810368099472,2.5445247347698334e-15,1.6873081549195885,0.0,0.0,0.0,0.022632000007433817,68.2734375,6.549863641367565e-15,3.730349362740526e-14,double_crosschecked,degenerate,,,,,,,
unitary,32,open,0.0,0.0,300,0.05,0.5,1.0,ssh_008,15.0,1.0000000000000024,6.627820172239431e-16,1.0460285241429392e-16,1.2908569156064722e-16,0.9999999999999997,0.9999999999999997,0.0,1.0,4.547473508864641e-13,degenerate,unitary map has all singular values equal; no unique W_plus,5.006431777550521,0.9946102790380021,8.598661621719171e-14,0.4038330206011773,0.9989301719332071,4.697764353735358e-15,0.40660231794164226,1.0000000000000002,5.933195686281511e-15,1.6584563497455287,0.0,0.0,0.0,0.061507199992774986,68.421875,1.720728815161064e-14,5.81756864903582e-14,double_crosschecked,degenerate,,,,,,,
unitary,32,periodic,0.0,0.0,1,0.05,0.5,1.0,ssh_009,0.05,1.156411066557366,7.937203657484025e-16,1.0450934115745585e-16,2.302095596301104e-16,0.9999999999999996,0.9999999999999996,0.0,1.0,4.547473508864641e-13,degenerate,unitary map has all singular values equal; no unique W_plus,2.0718928086411403,0.9979500344667027,7.982441210366501e-16,3.4208131052803696,0.0,0.0,0.0,0.0,0.0,0.0,0.0,0.0,0.0,0.003891600004862994,68.78515625,5.334341752062932e-16,9.040684867400728e-14,double_crosschecked,degenerate,,,,,,,
unitary,32,periodic,0.0,0.0,100,0.05,0.5,1.0,ssh_010,5.0,1.156411066557366,7.937203657484025e-16,1.0450934115745585e-16,2.302095596301104e-16,0.9999999999999996,0.9999999999999996,0.0,1.0,4.547473508864641e-13,degenerate,unitary map has all singular values equal; no unique W_plus,6.331656519112002,0.9996063444760624,4.595687192814007e-14,0.8775272679910548,0.9970311199385834,1.4477743315777584e-15,0.2575684104612357,0.9999999999999999,1.87449006009886e-15,1.6052834181074367,0.0,0.0,0.0,0.022498399994219653,68.82421875,8.137634094207733e-15,2.220446049250313e-14,double_crosschecked,degenerate,,,,,,,
unitary,32,periodic,0.0,0.0,300,0.05,0.5,1.0,ssh_011,15.0,1.156411066557366,7.937203657484025e-16,1.0450934115745585e-16,2.302095596301104e-16,0.9999999999999986,0.9999999999999986,0.0,1.0,4.547473508864641e-13,degenerate,unitary map has all singular values equal; no unique W_plus,6.28251903115755,0.9971494435719745,9.824563220257263e-14,0.4898626381716653,0.9999999999999999,3.881423135202972e-15,0.05013590687061509,0.9987436624435532,3.8692315919261795e-15,0.7612830573178062,0.0,0.0,0.0,0.06139479999546893,68.9140625,2.2083807705671264e-14,1.7763568394002505e-14,double_crosschecked,degenerate,,,,,,,
reciprocal,16,open,0.0,0.3,100,0.05,0.5,1.0,ssh_012,5.0,1.7575700851231235,4.936002355034739e-16,7.939235879537215e-17,,0.22360842207771123,0.22266555473855731,0.0009428673391539133,0.9957833997020638,2.2737367544323206e-13,valid,double precision crosschecked; selected points receive multiprecision reference,2.2536377983750957,1.1594534225175928e-12,2.513076269849406e-14,4.75175454539567e-14,8.484953566932103e-14,4.5161659887550695e-15,3.197442310920451e-14,4.223238213909138e-14,7.949486916611004e-15,1.3322676295501878e-15,0.0,0.0,0.0,0.015386400002171285,68.984375,7.742499767149101e-15,4.440892098500626e-16,double_crosschecked,double_crosschecked,,,,,,,
reciprocal,16,open,0.0,0.3,300,0.05,0.5,1.0,ssh_013,15.0,1.7575700851231235,4.936002355034739e-16,7.939235879537215e-17,,0.011181490611840976,0.011040658044248645,0.00014083256759233123,0.9874048485589932,2.2737367544323206e-13,valid,double precision crosschecked; selected points receive multiprecision reference,1.5364405344286467,1.1839435154084897e-12,8.953834097617692e-15,2.0872192862952943e-14,1.1759528490291478e-13,3.0877828034135713e-15,9.414691248821327e-14,5.280324837924167e-14,3.5321834414052578e-15,3.530509218307998e-14,0.0,0.0,0.0,0.04051400000753347,68.99609375,1.364725826146917e-14,9.769962616701378e-15,reference_validated,reference_validated,80,4.022078329412076e-48,1.2274376517865297e-14,4.218847493575595e-15,2.9976021664879227e-15,1.0388506906607167e-14,1.4876988529977098e-14
reciprocal,16,open,0.0,0.3,600,0.05,0.5,1.0,ssh_014,30.0,1.7575700851231235,4.936002355034739e-16,7.939235879537215e-17,,0.0001250311006319905,0.00012190251815363455,3.1285824783559548e-06,0.9749775658812727,2.2737367544323206e-13,valid,double precision crosschecked; selected points receive multiprecision reference,1.9487909867089326,1.7615598054890452e-12,1.0918849393582668e-14,6.763478666016454e-13,4.29912966744071e-12,3.630308386607767e-15,2.6141311337823936e-12,1.7019303654495276e-12,3.0327321720174608e-15,1.3677947663381929e-13,0.0,0.0,0.0,0.0789498999947682,69.11328125,2.1416729592793775e-14,9.325873406851315e-15,double_crosschecked,double_crosschecked,,,,,,,
reciprocal,32,open,0.0,0.3,100,0.05,0.5,1.0,ssh_015,5.0,1.9265248260043442,7.537707330136185e-16,7.946342097022708e-17,,0.2247964308453521,0.22147624063129195,0.003320190214060159,0.9852302360781507,4.547473508864641e-13,valid,double precision crosschecked; selected points receive multiprecision reference,2.7963990486881154,8.886921305920464e-13,4.238729617585646e-14,3.5083047578154947e-14,1.5275800162626583e-14,5.143708824609052e-15,5.81756864903582e-14,1.557637218571915e-14,3.090582658258639e-15,6.661338147750939e-15,0.0,0.0,0.0,0.024719299995922484,69.25390625,1.071913080051933e-14,4.440892098500626e-14,double_crosschecked,double_crosschecked,,,,,,,
reciprocal,32,open,0.0,0.3,300,0.05,0.5,1.0,ssh_016,15.0,1.9265248260043442,7.537707330136185e-16,7.946342097022708e-17,,0.011200562417583116,0.011018179276563525,0.00018238314101959134,0.9837166086648221,4.547473508864641e-13,valid,double precision crosschecked; selected points receive multiprecision reference,4.263189454526719,1.1895992836886037e-12,1.8264949490327964e-14,1.509903313490213e-14,6.535751396272219e-14,2.987908374670389e-15,2.6645352591003757e-14,5.417041451325224e-14,1.539481810269923e-15,9.769962616701378e-15,0.0,0.0,0.0,0.06240819999948144,69.41015625,2.0540454973876142e-14,2.1316282072803006e-14,reference_validated,reference_validated,80,3.969723514481817e-48,1.89234662268267e-14,7.993605777301127e-15,1.9984014443252818e-15,1.869385047024975e-14,5.10702591327572e-14
reciprocal,32,open,0.0,0.3,600,0.05,0.5,1.0,ssh_017,30.0,1.9265248260043442,7.537707330136185e-16,7.946342097022708e-17,,0.00012545087752379198,0.00012140194012691883,4.0489373968731495e-06,0.967724917698521,4.547473508864641e-13,valid,double precision crosschecked; selected points receive multiprecision reference,3.3075989731311797,1.6264323929188587e-12,1.682645929005427e-14,4.818367926873179e-13,2.6359590715443127e-12,2.2662824692978232e-15,9.197087535994797e-13,3.4400282978263195e-13,1.5017482935557658e-15,2.353672812205332e-14,0.0,0.0,0.0,0.12067069999466185,69.5546875,2.7904696909108065e-14,2.7977620220553945e-14,double_crosschecked,double_crosschecked,,,,,,,
exceptional,16,periodic,0.0,0.49,1,0.05,0.5,1.0,ssh_018,0.05,11.609466828492199,8.815472694811097e-16,7.935335188224986e-17,,0.9999795948137037,0.9522054184127304,0.047774176400973256,0.9522248487381649,2.2737367544323206e-13,valid,double precision crosschecked; selected points receive multiprecision reference,0.010465242686796064,1.66540226030116e-14,8.878907310090685e-16,6.446232436729815e-15,0.0,0.0,0.0,0.0,0.0,0.0,0.0,0.0,0.0,0.0025920000043697655,69.671875,7.352047570578922e-16,4.5401182813264995e-14,double_crosschecked,double_crosschecked,,,,,,,
exceptional,16,periodic,0.0,0.49,100,0.05,0.5,1.0,ssh_019,5.0,11.609466828492199,8.815472694811097e-16,7.935335188224986e-17,,0.22513646881106444,0.18467417284791068,0.04046229596315376,0.8202765807919378,2.2737367544323206e-13,valid,double precision crosschecked; selected points receive multiprecision reference,2.5418212430171496,1.6270321772787976e-13,5.187269585957645e-14,8.43769498715119e-15,4.6529658245134585e-15,4.876260392493959e-15,2.220446049250313e-15,1.0045545504894526e-14,7.968345103486217e-15,1.3322676295501878e-15,0.0,0.0,0.0,0.014952199999243021,69.70703125,7.472133278863229e-15,1.6431300764452317e-14,double_crosschecked,double_crosschecked,,,,,,,
exceptional,16,periodic,0.0,0.49,300,0.05,0.5,1.0,ssh_020,15.0,11.609466828492199,8.815472694811097e-16,7.935335188224986e-17,,0.12654131850904954,0.08030550812471089,0.046235810384338646,0.6346188665559691,2.2737367544323206e-13,valid,double precision crosschecked; selected points receive multiprecision reference,2.780339180488892,1.755194171294874e-13,7.273525964720779e-14,9.237055564881302e-14,9.083741520910103e-15,1.708325920571721e-14,8.881784197001252e-15,1.2126623094775884e-14,3.2662871518608156e-14,1.0658141036401503e-14,0.0,0.0,0.0,0.04035939999448601,69.71875,2.0129473549167083e-14,1.1546319456101628e-14,double_crosschecked,double_crosschecked,,,,,,,
exceptional,16,periodic,0.0,0.5,1,0.05,0.5,1.0,ssh_021,0.05,92701700.75479302,6.699541699839117e-09,1.59612798798113e-16,,0.9999791785914723,0.95125418389262,0.048724994698852386,0.9512739907570034,2.2737367544323206e-13,valid,double precision crosschecked; selected points receive multiprecision reference,0.010465090833001518,1.2278208968741613e-07,6.690198962692535e-09,1.513524626808871e-09,0.0,0.0,0.0,0.0,0.0,0.0,0.0,0.0,0.0,0.0024631999986013398,69.7890625,1.3344810243129725e-15,8.180955912706622e-14,double_crosschecked,double_crosschecked,,,,,,,
exceptional,16,periodic,0.0,0.5,100,0.05,0.5,1.0,ssh_022,5.0,92701700.75479302,6.699541699839117e-09,1.59612798798113e-16,,0.211647866276609,0.17523437781918605,0.036413488457422954,0.8279524896800373,2.2737367544323206e-13,valid,double precision crosschecked; selected points receive multiprecision reference,2.535164913471145,7.143514649971587e-07,3.3040668460537396e-07,1.1628760177018194e-09,7.706798509157243e-15,2.058331166109688e-15,7.105427357601002e-15,8.67877579809334e-15,4.245577055477573e-15,6.217248937900877e-15,0.0,0.0,0.0,0.014979400002630427,69.84765625,3.290234539754727e-14,3.375077994860476e-14,double_crosschecked,double_crosschecked,,,,,,,
exceptional,16,periodic,0.0,0.5,300,0.05,0.5,1.0,ssh_023,15.0,92701700.75479302,6.699541699839117e-09,1.59612798798113e-16,,0.08485481131161103,0.0519165828105226,0.03293822850108843,0.6118283926160666,2.2737367544323206e-13,valid,double precision crosschecked; selected points receive multiprecision reference,2.809809963629014,1.1074086699707868e-06,3.592032769538021e-07,3.2970543895061155e-07,8.672935047000946e-15,6.03171809127707e-15,9.325873406851315e-15,4.549920936238476e-15,6.826742351165594e-15,6.661338147750939e-15,0.0,0.0,0.0,0.04053300000668969,69.9921875,3.9740175725685046e-14,1.4210854715202004e-14,reference_validated,reference_validated,80,2.1489368052168957e-16,2.4344930852871226e-15,8.881784197001252e-16,2.55351295663786e-15,9.777794807542365e-15,1.7763568394002505e-15
exceptional,16,periodic,0.0,0.51,1,0.05,0.5,1.0,ssh_024,0.05,10.049875621121016,7.838452201838432e-16,6.901308305456841e-17,,0.9999787623818828,0.9503038996223059,0.04967486275957689,0.9503240822422521,2.2737367544323206e-13,valid,double precision crosschecked; selected points receive multiprecision reference,0.010464935915284124,1.540436900361184e-14,7.860334547982061e-16,3.243932900076629e-14,0.0,0.0,0.0,0.0,0.0,0.0,0.0,0.0,0.0,0.002439900010358542,70.07421875,7.3438535608730625e-16,9.202361095361766e-14,double_crosschecked,double_crosschecked,,,,,,,
exceptional,16,periodic,0.0,0.51,100,0.05,0.5,1.0,ssh_025,5.0,10.049875621121016,7.838452201838432e-16,6.901308305456841e-17,,0.1988185080103133,0.1663201353262152,0.03249837268409811,0.8365425180516277,2.2737367544323206e-13,valid,double precision crosschecked; selected points receive multiprecision reference,2.5258564830005534,1.1348915853036269e-13,3.613606691718482e-14,1.4210854715202004e-14,5.4448945169074586e-15,4.310291694043522e-15,8.881784197001252e-15,6.0515243983901204e-15,3.3269219015812753e-15,1.7763568394002505e-15,0.0,0.0,0.0,0.014920099987648427,70.08203125,2.4579949358250683e-14,1.509903313490213e-14,double_crosschecked,double_crosschecked,,,,,,,
exceptional,16,periodic,0.0,0.51,300,0.05,0.5,1.0,ssh_026,15.0,10.049875621121016,7.838452201838432e-16,6.901308305456841e-17,,0.058623456292899355,0.0357755938286573,0.022847862464242058,0.6102607401704929,2.2737367544323206e-13,valid,double precision crosschecked; selected points receive multiprecision reference,2.8257923050444527,1.5312814850947528e-13,7.570333230131593e-14,5.46229728115577e-14,1.4632648011110433e-14,1.0083835209578054e-14,3.552713678800501e-14,5.061329088037547e-15,3.2396424200157227e-15,1.2434497875801753e-14,0.0,0.0,0.0,0.04042269999627024,70.0859375,2.7205090599130668e-14,1.554312234475219e-14,double_crosschecked,double_crosschecked,,,,,,,
exceptional,32,periodic,0.0,0.49,1,0.05,0.5,1.0,ssh_027,0.05,10.219261441343926,1.34841288988743e-15,7.93533310277152e-17,,0.9999795948137036,0.95220541841273,0.04777417640097359,0.9522248487381646,4.547473508864641e-13,valid,double precision crosschecked; selected points receive multiprecision reference,0.010465242686990815,3.1714443361894017e-14,1.3517931087375544e-15,1.1127036791958034e-13,0.0,0.0,0.0,0.0,0.0,0.0,0.0,0.0,0.0,0.0046245999983511865,70.4453125,4.759740625382596e-16,7.810418978237976e-14,double_crosschecked,double_crosschecked,,,,,,,
exceptional,32,periodic,0.0,0.49,100,0.05,0.5,1.0,ssh_028,5.0,10.219261441343926,1.34841288988743e-15,7.93533310277152e-17,,0.22513646881106425,0.18467417284791088,0.04046229596315337,0.8202765807919393,4.547473508864641e-13,valid,double precision crosschecked; selected points receive multiprecision reference,4.330542320939896,2.0844519010904022e-13,9.13345024507036e-14,6.039613253960852e-14,8.092954641093719e-15,4.330383730838901e-15,7.993605777301127e-15,8.610336662439417e-15,9.715993234426253e-15,2.842170943040401e-14,0.0,0.0,0.0,0.0234377000015229,70.64453125,1.1989349917888118e-14,9.947598300641403e-14,double_crosschecked,double_crosschecked,,,,,,,
exceptional,32,periodic,0.0,0.49,300,0.05,0.5,1.0,ssh_029,15.0,10.219261441343926,1.34841288988743e-15,7.93533310277152e-17,,0.12654131850904932,0.08030550812471067,0.046235810384338646,0.6346188665559684,4.547473508864641e-13,valid,double precision crosschecked; selected points receive multiprecision reference,2.716063929051889,3.177921256520145e-13,2.285541798848053e-13,7.061018436615996e-14,1.1068926742555808e-14,2.270008690760175e-14,9.769962616701378e-15,1.7463744272521684e-14,5.724702857084681e-14,8.43769498715119e-15,0.0,0.0,0.0,0.06196809999528341,70.86328125,2.0853163613664966e-14,1.3322676295501878e-14,double_crosschecked,double_crosschecked,,,,,,,
exceptional,32,periodic,0.0,0.5,1,0.05,0.5,1.0,ssh_030,0.05,142598811.51136947,4.286557482712922e-09,1.5830580659392424e-16,,0.999979178591472,0.9512541838926201,0.04872499469885194,0.9512739907570037,4.547473508864641e-13,valid,double precision crosschecked; selected points receive multiprecision reference,0.010465090832910966,1.1185060735814378e-07,4.286501051038709e-09,3.1465394387253376e-09,0.0,0.0,0.0,0.0,0.0,0.0,0.0,0.0,0.0,0.00454189999436494,70.92578125,1.3344818392793708e-15,2.069733273657448e-13,double_crosschecked,double_crosschecked,,,,,,,
exceptional,32,periodic,0.0,0.5,100,0.05,0.5,1.0,ssh_031,5.0,142598811.51136947,4.286557482712922e-09,1.5830580659392424e-16,,0.21164786627660884,0.17523437781918588,0.036413488457422954,0.8279524896800373,4.547473508864641e-13,valid,double precision crosschecked; selected points receive multiprecision reference,4.301833305579342,5.200202593616764e-07,2.694691965645696e-07,1.9445921850547165e-07,7.468275266191629e-15,1.9642416106842704e-15,4.618527782440651e-14,9.706562457271706e-15,3.687933682707831e-15,1.9539925233402755e-14,0.0,0.0,0.0,0.023434599992469884,71.13671875,4.0699617218294466e-14,2.398081733190338e-14,double_crosschecked,double_crosschecked,,,,,,,
exceptional,32,periodic,0.0,0.5,300,0.05,0.5,1.0,ssh_032,15.0,142598811.51136947,4.286557482712922e-09,1.5830580659392424e-16,,0.08485481131161136,0.051916582810522714,0.03293822850108865,0.6118283926160655,4.547473508864641e-13,valid,double precision crosschecked; selected points receive multiprecision reference,2.7508202320546054,6.665926868371642e-07,4.270008291694415e-07,6.70232309651908e-08,9.245558552497669e-15,7.600971562600234e-15,1.3322676295501878e-15,9.282551870887881e-15,8.781608531711401e-15,1.9984014443252818e-14,0.0,0.0,0.0,0.06183679999958258,71.375,5.0960249748450594e-14,6.217248937900877e-14,reference_validated,reference_validated,80,2.9191884583584076e-16,3.3997449276944623e-15,5.773159728050814e-15,6.661338147750939e-16,1.7198155441193745e-14,7.105427357601002e-15
exceptional,32,periodic,0.0,0.51,1,0.05,0.5,1.0,ssh_033,0.05,10.096871946828013,1.397597885021216e-15,4.924439689644918e-17,,0.9999787623818821,0.9503038996223052,0.04967486275957689,0.9503240822422522,4.547473508864641e-13,valid,double precision crosschecked; selected points receive multiprecision reference,0.010464935915365481,5.1411538366606766e-14,1.394256122756002e-15,2.0436777270482764e-14,0.0,0.0,0.0,0.0,0.0,0.0,0.0,0.0,0.0,0.004490999999688938,71.4296875,7.335261944147298e-16,6.05696048872062e-14,double_crosschecked,double_crosschecked,,,,,,,
exceptional,32,periodic,0.0,0.51,100,0.05,0.5,1.0,ssh_034,5.0,10.096871946828013,1.397597885021216e-15,4.924439689644918e-17,,0.19881850801031334,0.1663201353262151,0.03249837268409825,0.8365425180516269,4.547473508864641e-13,valid,double precision crosschecked; selected points receive multiprecision reference,4.270121197827112,2.0715290898630624e-13,8.251149201623826e-14,1.865174681370263e-14,9.31332764419004e-15,3.0115877127823886e-15,2.6645352591003757e-14,1.2448305278013149e-14,5.0807240560824074e-15,2.220446049250313e-14,0.0,0.0,0.0,0.023306499992031604,71.53125,3.0526869348199315e-14,5.0182080713057076e-14,double_crosschecked,double_crosschecked,,,,,,,
exceptional,32,periodic,0.0,0.51,300,0.05,0.5,1.0,ssh_035,15.0,10.096871946828013,1.397597885021216e-15,4.924439689644918e-17,,0.0586234562928993,0.03577559382865733,0.022847862464241968,0.610260740170494,4.547473508864641e-13,valid,double precision crosschecked; selected points receive multiprecision reference,2.8012389386076677,2.5883810795126293e-13,2.277323560140786e-13,1.0036416142611415e-13,1.2544745527116363e-14,1.0756814796937843e-14,9.769962616701378e-15,1.221058344799181e-14,1.2343725336546232e-14,2.3092638912203256e-14,0.0,0.0,0.0,0.06219360000977758,71.83203125,3.548274134041878e-14,5.417888360170764e-14,double_crosschecked,double_crosschecked,,,,,,,
small_skin,16,open,0.25,0.5,100,0.05,0.5,1.0,ssh_036,5.0,9.583351959577405,6.50436911161651e-16,1.4976383194918112e-16,,0.0883701252687775,0.06833572094161616,0.02003440432716133,0.7732898503173244,2.2737367544323206e-13,valid,double precision crosschecked; selected points receive multiprecision reference,1.2604341079349486,6.536059240354093e-14,1.8546849876435494e-14,2.6867397195928788e-14,5.249367060411837e-15,4.933242806916416e-15,1.1546319456101628e-14,5.517932883832844e-15,3.050019019942066e-15,2.4424906541753444e-15,0.0,0.0,0.0,0.015248499999870546,71.890625,1.8067378941014567e-14,1.509903313490213e-14,reference_validated,reference_validated,80,5.255769487768122e-49,1.904829841539112e-15,7.105427357601002e-15,8.881784197001252e-16,6.5045717473796025e-15,3.197442310920451e-14
small_skin,16,open,0.25,0.5,300,0.05,0.5,1.0,ssh_037,15.0,9.583351959577405,6.50436911161651e-16,1.4976383194918112e-16,,0.0006366370233450822,0.0004267551052298591,0.0002098819181152231,0.670327187362682,2.2737367544323206e-13,valid,double precision crosschecked; selected points receive multiprecision reference,1.4275630805445523,1.998834336503165e-13,1.629391411220124e-14,8.104628079763643e-14,1.3814156083590645e-13,3.1951894967513744e-15,3.930189507173054e-14,6.068021553823471e-14,1.7894277838275393e-15,9.103828801926284e-15,0.0,0.0,0.0,0.040266099997097626,71.90625,5.494773152992497e-14,1.4654943925052066e-14,reference_validated,reference_validated,80,4.207328282136102e-49,3.3493002353562554e-14,1.3322676295501878e-15,5.440092820663267e-15,1.9625690069185184e-14,5.329070518200751e-15
small_skin,16,open,0.25,0.5,600,0.05,0.5,1.0,ssh_038,30.0,9.583351959577405,6.50436911161651e-16,1.4976383194918112e-16,,3.275698687192172e-07,2.5381843079762536e-07,7.375143792159186e-08,0.7748528025182643,2.2737367544323206e-13,valid,double precision crosschecked; selected points receive multiprecision reference,2.118562493637734,3.515157208097141e-09,2.5501911821653558e-14,5.29376986690977e-10,2.933635565599891e-09,6.978773674563641e-15,5.422218229966802e-10,1.6620017330635833e-10,1.661071665760478e-15,8.481437774321421e-11,0.0,0.0,0.0,0.07839609999791719,71.9921875,2.704200511437201e-13,8.482103908136196e-14,reference_validated,reference_validated,80,3.49450537155078e-49,1.649160333570514e-10,5.596101360083594e-11,3.19033688356285e-11,6.270520457876494e-14,2.398081733190338e-14
small_skin,16,open,0.25,0.7,100,0.05,0.5,1.0,ssh_039,5.0,14.860684833147374,8.072848383674836e-16,1.8854731384253537e-16,,0.03111337799996104,0.026875141853322834,0.0042382361466382044,0.8637809065076923,2.2737367544323206e-13,valid,double precision crosschecked; selected points receive multiprecision reference,1.4848663888382867,1.1460029283095001e-13,1.6216182145336977e-14,2.842170943040401e-14,1.3062305087072569e-14,2.017947389823265e-15,3.419486915845482e-14,8.588611075735794e-15,3.3836620643488145e-15,3.1308289294429414e-14,0.0,0.0,0.0,0.015315700002247468,72.10546875,1.1099721449855751e-14,4.263256414560601e-14,double_crosschecked,double_crosschecked,,,,,,,
small_skin,16,open,0.25,0.7,300,0.05,0.5,1.0,ssh_040,15.0,14.860684833147374,8.072848383674836e-16,1.8854731384253537e-16,,2.6274551838862823e-05,2.5680956887710844e-05,5.935949511519794e-07,0.9774079894952199,2.2737367544323206e-13,valid,double precision crosschecked; selected points receive multiprecision reference,1.8501952709695662,1.4162470591774404e-11,1.966030807223069e-14,1.9468870959826745e-12,2.156057001090596e-12,1.3053922693696892e-15,1.723066134218243e-13,6.6496300362872016e-12,2.4590222514993397e-15,8.064660050877137e-13,0.0,0.0,0.0,0.04029679999803193,72.14453125,1.92232432655923e-14,1.7763568394002505e-14,reference_validated,reference_validated,80,9.548634063592581e-47,3.343240777899054e-12,3.674838211509268e-13,6.017408793468348e-14,8.833478510416937e-15,1.2878587085651816e-14
small_skin,16,open,0.25,0.7,600,0.05,0.5,1.0,ssh_041,30.0,14.860684833147374,8.072848383674836e-16,1.8854731384253537e-16,,1.0305091640205744e-09,4.957124424524921e-10,5.347967215680823e-10,0.4810364233137427,2.2737367544323206e-13,valid,double precision crosschecked; selected points receive multiprecision reference,1.728824163774584,1.2245862605516926e-07,3.359959824117745e-14,1.2426276274624115e-07,1.9211323778391052e-07,2.8999962267630423e-15,5.925712587284693e-09,4.912350845370105e-08,2.305076444184769e-15,6.650349382297804e-09,0.0,0.0,0.0,0.07872769999084994,72.17578125,2.1863225698068057e-13,1.1368683772161603e-13,reference_validated,reference_validated,80,7.684121265696124e-45,4.2008481601345376e-08,1.0105141168281762e-08,9.385513144444246e-09,6.52071302730023e-14,3.064215547965432e-14
small_skin,32,open,0.25,0.5,100,0.05,0.5,1.0,ssh_042,5.0,71.98799221910375,2.9182902711058125e-15,1.535819672708529e-16,,0.0889035227485637,0.06791892621210277,0.020984596536460925,0.7639621480938453,4.547473508864641e-13,valid,double precision crosschecked; selected points receive multiprecision reference,1.100258821993706,2.757930628014502e-13,1.0306596342460356e-13,7.527312106958561e-14,6.1905341359560395e-15,5.10904554674084e-15,6.461498003318411e-14,8.227232987582572e-15,5.340250460674323e-15,2.1826984664130578e-13,0.0,0.0,0.0,0.02421410000533797,72.296875,1.9380968788559034e-14,9.059419880941277e-14,double_crosschecked,double_crosschecked,,,,,,,
small_skin,32,open,0.25,0.5,300,0.05,0.5,1.0,ssh_043,15.0,71.98799221910375,2.9182902711058125e-15,1.535819672708529e-16,,0.0005965241583335257,0.0004546432667362634,0.00014188089159726232,0.7621539888784613,4.547473508864641e-13,valid,double precision crosschecked; selected points receive multiprecision reference,1.5153848288788647,4.381839374545599e-13,3.818313208419847e-14,4.729550084903167e-14,3.0195923460079407e-13,2.88046306110202e-15,4.6851411639181606e-14,9.370384054922517e-14,2.865391968208084e-15,2.1094237467877974e-14,0.0,0.0,0.0,0.06188269999984186,72.43359375,9.631677671679709e-14,1.021405182655144e-14,reference_validated,reference_validated,80,8.781918387594196e-49,6.26403171733154e-14,1.199040866595169e-14,4.218847493575595e-15,3.0105711246179734e-14,2.731148640577885e-14
small_skin,32,open,0.25,0.5,600,0.05,0.5,1.0,ssh_044,30.0,71.98799221910375,2.9182902711058125e-15,1.535819672708529e-16,,3.2625908178506567e-07,2.5427823753873724e-07,7.198084424632844e-08,0.7793752012894211,4.547473508864641e-13,valid,double precision crosschecked; selected points receive multiprecision reference,1.8272626479347052,2.820839334403658e-10,5.0279786977630324e-14,1.4103385126418289e-11,2.1909421677006195e-10,4.1028935862659285e-15,1.8604673357458523e-11,4.947300835403638e-11,2.624276918268316e-15,4.314770762903208e-12,0.0,0.0,0.0,0.12153760000364855,72.58984375,4.928927620982147e-13,3.375077994860476e-14,reference_validated,reference_validated,80,7.843054356518838e-49,3.2781732511291284e-11,1.5356604876615165e-12,9.208189766241048e-13,1.5932514033170574e-13,2.842170943040401e-14
small_skin,32,open,0.25,0.7,100,0.05,0.5,1.0,ssh_045,5.0,118.09957365784844,3.127393701427483e-15,1.7385180957408618e-16,,0.032135898629605114,0.026017796825954377,0.006118101803650737,0.809617839719769,4.547473508864641e-13,valid,double precision crosschecked; selected points receive multiprecision reference,1.1591915021598074,2.6020880495539083e-13,8.329075953816516e-14,1.1102230246251565e-15,6.372936243065687e-15,1.6532941099400333e-15,9.281464485866309e-14,7.726736406255746e-15,2.902744427988739e-15,1.7541523789077473e-14,0.0,0.0,0.0,0.024488499999279156,72.75390625,1.4409815060852406e-14,5.995204332975845e-14,double_crosschecked,double_crosschecked,,,,,,,
small_skin,32,open,0.25,0.7,300,0.05,0.5,1.0,ssh_046,15.0,118.09957365784844,3.127393701427483e-15,1.7385180957408618e-16,,2.815589916009898e-05,2.394261958324745e-05,4.213279576851533e-06,0.8503589051482907,4.547473508864641e-13,valid,double precision crosschecked; selected points receive multiprecision reference,1.694797825198493,7.204103072100271e-12,7.640313360354422e-14,1.6537882174816332e-12,2.7895098779658042e-12,1.5440882224587845e-15,1.545430450278218e-13,8.217661224574266e-13,9.859573425979188e-16,1.745270594710746e-13,0.0,0.0,0.0,0.06189650000305846,72.93359375,1.1167984610922124e-13,1.0236256287043943e-13,reference_validated,reference_validated,80,1.2883364315980208e-46,6.293904230423744e-13,1.5698553568199713e-13,6.750155989720952e-14,4.725893761075646e-14,1.1546319456101628e-14
small_skin,32,open,0.25,0.7,600,0.05,0.5,1.0,ssh_047,30.0,118.09957365784844,3.127393701427483e-15,1.7385180957408618e-16,,8.075792314507734e-10,6.312255860845359e-10,1.7635364536623744e-10,0.7816268193903062,4.547473508864641e-13,valid,double precision crosschecked; selected points receive multiprecision reference,2.2111354485264574,1.2605463159317893e-07,7.72785817020491e-14,1.3747831317800774e-08,1.501238305187695e-07,1.3342687206224581e-15,8.53498782760198e-09,2.650374154093529e-08,7.647853948285515e-16,8.32390156801921e-10,0.0,0.0,0.0,0.11944999999832362,73.08984375,2.0147543806877003e-13,9.192646643896296e-14,reference_validated,reference_validated,80,1.1065692242381328e-43,1.669950981393463e-08,8.117111427452528e-10,1.9087862401789835e-09,1.2560940647148752e-13,2.531308496145357e-14
main_scale,64,open,0.25,0.5,300,0.05,0.5,1.0,ssh_048,15.0,3933.508319336882,1.0280115521721652e-13,1.5545581719462098e-16,,0.0006458703951047753,0.0004199072906100379,0.00022596310449473738,0.6501417216095176,9.094947017729282e-13,valid,double precision crosschecked; selected points receive multiprecision reference,0.9925383581061111,9.974259710761397e-12,1.689493418438117e-12,1.5998313784848506e-13,1.3926429431745358e-13,2.5200718730077555e-15,1.0647038806155251e-13,7.463362602023786e-14,2.2540244221245636e-15,1.7152945730458669e-13,0.0,0.0,0.0,0.17505630000960082,74.9140625,8.427399802912362e-14,5.617728504603292e-14,double_crosschecked,double_crosschecked,,,,,,,
main_scale,64,open,0.25,0.5,600,0.05,0.5,1.0,ssh_049,30.0,3933.508319336882,1.0280115521721652e-13,1.5545581719462098e-16,,2.974674719653361e-07,2.7888913573844975e-07,1.857833622688635e-08,0.9375449822996066,9.094947017729282e-13,valid,double precision crosschecked; selected points receive multiprecision reference,1.752417782235756,2.4463242422590216e-10,1.6797276752681891e-12,2.0272672429655358e-13,2.70149065200551e-10,3.348478227531875e-15,2.319033853837027e-12,4.9967980776948616e-11,2.1066102336646743e-15,3.1019631308026874e-13,0.0,0.0,0.0,0.32923659999505617,75.44921875,3.2084508820454578e-12,2.5779378631796135e-13,double_crosschecked,double_crosschecked,,,,,,,
main_scale,128,open,0.25,0.5,300,0.05,0.5,1.0,ssh_050,15.0,11736194.698388128,1.9457320539847812e-10,1.5638430870009977e-16,,0.0006474209746866472,0.0004189016085321355,0.00022851936615451166,0.6470312592743609,1.8189894035458565e-12,valid,double precision crosschecked; selected points receive multiprecision reference,0.9867687234686039,3.6300798444385443e-08,1.0611130805062344e-08,2.9284796809747604e-11,2.6539627025570785e-13,5.477980701134772e-15,2.5868196473766147e-13,4.970768742941238e-14,5.723264539011513e-15,1.559863349598345e-13,0.0,0.0,0.0,0.9590215000062017,82.14453125,9.331907354157877e-14,7.72715225139109e-14,double_crosschecked,double_crosschecked,,,,,,,
main_scale,128,open,0.25,0.5,600,0.05,0.5,1.0,ssh_051,30.0,11736194.698388128,1.9457320539847812e-10,1.5638430870009977e-16,,2.884542752038907e-07,2.8760345502984684e-07,8.50820174043851e-10,0.9970504157948691,1.8189894035458565e-12,valid,double precision crosschecked; selected points receive multiprecision reference,1.0161402565615891,1.5540345857918888e-06,1.0642898192638695e-08,3.3720592695907214e-07,3.961831444323069e-10,4.204741224755611e-15,2.2996049509060867e-11,3.598934205775561e-11,5.637633590709768e-15,2.5783819523894635e-12,0.0,0.0,0.0,1.7855068999924697,84.09765625,1.1436283816806478e-11,2.0317081350640365e-13,double_crosschecked,double_crosschecked,,,,,,,
conditioning_risk,192,open,0.25,0.7,300,0.05,0.5,1.0,ssh_052,15.0,74094055489.6098,8.746457716267046e-07,1.5895842340009501e-16,,3.305731582002353e-05,2.039264102456877e-05,1.2664674795454756e-05,0.6168873823753261,2.7284841053187847e-12,valid,double precision crosschecked; selected points receive multiprecision reference,0.8566856965540219,0.00019346135807212428,6.835509699601896e-05,8.291565114504351e-07,3.2222066165279777e-12,1.4640878306212154e-14,1.0935696792557792e-13,2.6976648832687608e-12,7.952526187565477e-15,3.9834802123550617e-13,0.0,0.0,0.0,2.838596800007508,94.375,1.9617412962928953e-13,1.8451906669270102e-13,double_crosschecked,double_crosschecked,,,,,,,
conditioning_risk,192,open,0.25,0.7,600,0.05,0.5,1.0,ssh_053,30.0,74094055489.6098,8.746457716267046e-07,1.5895842340009501e-16,,9.444304215398838e-10,5.397584591420448e-10,4.0467196239783897e-10,0.5715174425046309,2.7284841053187847e-12,valid,double precision crosschecked; selected points receive multiprecision reference,0.9364842844840097,0.00027272198452714305,7.144296053657709e-05,1.338328081690321e-07,7.376878736367905e-08,1.0612151899080358e-14,1.9444268417601052e-10,2.2043757627179925e-08,1.3946255599626481e-14,9.105227682937311e-11,0.0,0.0,0.0,4.842900300005567,99.703125,4.0811421350151296e-10,1.1879386363489175e-12,double_crosschecked,double_crosschecked,,,,,,,
reciprocal_p1_reference,16,open,0.0,0.5,100,0.05,0.5,1.0,ssh_054,5.0,3.5307751889314813,5.623574444947734e-16,1.495536164272713e-16,,0.0915131946354555,0.07363197392259176,0.017881220712863743,0.8046049994856599,2.2737367544323206e-13,valid,double precision crosschecked; selected points receive multiprecision reference,2.1587431605250584,9.533650775112901e-14,1.568112631403172e-14,1.9095836023552692e-14,1.0990865762939243e-14,3.8193766391032095e-15,7.105427357601002e-15,1.1596490218976185e-14,2.4705900452277084e-15,1.509903313490213e-14,0.0,0.0,0.0,0.016024700002162717,92.6796875,2.7595136751457594e-14,3.1308289294429414e-14,double_crosschecked,double_crosschecked,,,,,,,
reciprocal_p1_reference,16,open,0.0,0.5,300,0.05,0.5,1.0,ssh_055,15.0,3.5307751889314813,5.623574444947734e-16,1.495536164272713e-16,,0.0006316063037196393,0.00048443247621570394,0.0001471738275039354,0.7669848659881905,2.2737367544323206e-13,valid,double precision crosschecked; selected points receive multiprecision reference,1.484518418318528,3.065733806569213e-13,1.2412589357241656e-14,8.815170815523743e-14,1.3372297287135433e-13,1.9157620407710025e-15,2.708944180085382e-14,8.520023878418868e-14,1.679533927992876e-15,1.532107773982716e-14,0.0,0.0,0.0,0.04058600000280421,92.70703125,5.917837742362654e-14,2.1316282072803006e-14,reference_validated,reference_validated,80,6.060805837283391e-49,4.1281451374603184e-14,1.9984014443252818e-15,5.551115123125783e-15,1.7995152569297194e-14,4.6629367034256575e-15
reciprocal_p1_reference,16,open,0.0,0.5,600,0.05,0.5,1.0,ssh_056,30.0,3.5307751889314813,5.623574444947734e-16,1.495536164272713e-16,,3.9555273497868133e-07,2.3668456330086053e-07,1.588681716778208e-07,0.5983641177796858,2.2737367544323206e-13,valid,double precision crosschecked; selected points receive multiprecision reference,1.5700268971337688,3.0170539207836436e-10,2.0494388416907474e-14,4.920042151468351e-11,5.818758525213575e-10,3.0610419263112984e-15,1.032041119231053e-11,2.6991280454329912e-11,1.838489600141574e-15,8.421263686386737e-12,0.0,0.0,0.0,0.07848639998701401,92.8359375,3.468773688590268e-13,7.638334409421077e-14,double_crosschecked,double_crosschecked,,,,,,,
reciprocal_p1_reference,32,open,0.0,0.5,100,0.05,0.5,1.0,ssh_057,5.0,6.92767566170577,1.3114147424878404e-15,1.533158427901466e-16,,0.08258332300154941,0.08158968130043626,0.000993641701113157,0.9879680101865783,4.547473508864641e-13,valid,double precision crosschecked; selected points receive multiprecision reference,2.605120956922475,7.132895045605571e-13,3.7807815417123615e-14,6.306066779870889e-14,3.90753363114782e-14,5.276506760604988e-15,6.261657858885883e-14,2.8025880892765447e-14,4.105171749871305e-15,4.529709940470639e-14,0.0,0.0,0.0,0.02437249998911284,92.98046875,2.856432739344846e-14,7.66053886991358e-14,double_crosschecked,double_crosschecked,,,,,,,
reciprocal_p1_reference,32,open,0.0,0.5,300,0.05,0.5,1.0,ssh_058,15.0,6.92767566170577,1.3114147424878404e-15,1.533158427901466e-16,,0.000563215056867425,0.0005431359084128228,2.007914845460223e-05,0.9643490559959789,4.547473508864641e-13,valid,double precision crosschecked; selected points receive multiprecision reference,3.9995053260564015,8.015922538364255e-13,1.484936275998523e-14,1.2256862191861728e-13,2.3930644353439357e-13,1.973996853434598e-15,1.5853984791647235e-13,1.3281498300441455e-13,6.510885595148645e-16,4.085620730620576e-14,0.0,0.0,0.0,0.0623125000129221,93.1640625,5.3436263504699186e-14,2.6201263381153694e-14,reference_validated,reference_validated,80,1.1614767214359958e-48,3.614320313231645e-14,1.865174681370263e-14,5.551115123125783e-16,1.700844967949498e-14,5.839773109528323e-14
reciprocal_p1_reference,32,open,0.0,0.5,600,0.05,0.5,1.0,ssh_059,30.0,6.92767566170577,1.3114147424878404e-15,1.533158427901466e-16,,3.171973803755238e-07,2.950094678225759e-07,2.2187912552947884e-08,0.9300501393590324,4.547473508864641e-13,valid,double precision crosschecked; selected points receive multiprecision reference,3.150982490198327,2.475171591877927e-10,1.5318775050265565e-14,8.661960038125471e-11,2.155599738289525e-10,1.4029670279879315e-15,1.1393552767913206e-11,1.9937188526590623e-10,7.76891008742405e-16,1.523847714679505e-11,0.0,0.0,0.0,0.11933570000110194,93.20703125,1.4965850282099995e-13,1.3589129821411916e-13,double_crosschecked,double_crosschecked,,,,,,,
weak_skin_pilot,32,open,0.05,0.5,300,0.05,0.5,1.0,ssh_060,15.0,8.977469873974972,1.1020050521756049e-15,1.5333949190337876e-16,,0.0005599115723870442,0.0005439102459650593,1.60013264219849e-05,0.9714216901183749,4.547473508864641e-13,valid,double precision crosschecked; selected points receive multiprecision reference,3.677055301978166,7.384149972422976e-13,2.7766541042323217e-14,9.281464485866309e-14,1.0315036636167905e-12,2.229634828598769e-15,3.9879211044535623e-13,5.084158635620369e-13,1.831404232373866e-15,1.8740564655672642e-13,0.0,0.0,0.0,0.0631063000037102,93.24609375,4.5395288526284934e-14,9.769962616701378e-14,reference_validated,reference_validated,80,2.2648908087240635e-48,1.0024680856706611e-13,1.9984014443252818e-14,1.7763568394002505e-15,1.5188791704755833e-14,9.43689570931383e-14
