group,length,boundary,skin,gamma,steps,dt,t1,t2,case_id,physical_time,dps,step_vs_double_expm_relative_fro,M_vs_double_relative_fro,W_vs_double_projector,W_entropy,sigma_N_over_sigma_1,sigma_next_over_sigma_1,reference_log_fro_scale,entropy_charge_density_wave,P_error_charge_density_wave_eig_qr,S_error_charge_density_wave_eig_qr,P_error_charge_density_wave_expm_qr,S_error_charge_density_wave_expm_qr,P_error_charge_density_wave_half_step_qr,S_error_charge_density_wave_half_step_qr,P_error_charge_density_wave_direct_qr,S_error_charge_density_wave_direct_qr,entropy_left,P_error_left_eig_qr,S_error_left_eig_qr,P_error_left_expm_qr,S_error_left_expm_qr,P_error_left_half_step_qr,S_error_left_half_step_qr,P_error_left_direct_qr,S_error_left_direct_qr,seconds,reference_M_convergence,reference_W_convergence,reference_Q_convergence
reciprocal,16,open,0.0,0.3,300,0.05,0.5,1.0,ssh_013,15.0,48,8.934073938981117e-18,2.575854758821165e-16,1.2274376517865297e-14,1.536440534428651,0.011181490611841009,0.011040658044248659,4.50085921194431117433339260069967957305165267148,2.427541142555932,8.058315381593827e-14,3.197442310920451e-14,1.0388506906607167e-14,1.7763568394002505e-15,1.4211570811380213e-14,7.993605777301127e-15,7.4029221927502e-15,7.993605777301127e-15,0.7549502368329062,5.753041253836797e-14,2.9531932455029164e-14,9.188246285831074e-15,1.4876988529977098e-14,1.2182239035690092e-14,7.327471962526033e-15,1.0624092094589747e-14,1.6653345369377348e-15,0.4456229000061285,,,
reciprocal,16,open,0.0,0.3,300,0.05,0.5,1.0,ssh_013,15.0,80,8.934073938981117e-18,2.575854758821165e-16,1.2274376517865297e-14,1.536440534428651,0.011181490611841009,0.011040658044248659,4.500859211944311174333392600699679573051652671476968156266426851704554724376281,2.427541142555932,8.058315381593827e-14,3.197442310920451e-14,1.0388506906607167e-14,1.7763568394002505e-15,1.4211570811380213e-14,7.993605777301127e-15,7.4029221927502e-15,7.993605777301127e-15,0.7549502368329062,5.753041253836797e-14,2.9531932455029164e-14,9.188246285831074e-15,1.4876988529977098e-14,1.2182239035690092e-14,7.327471962526033e-15,1.0624092094589747e-14,1.6653345369377348e-15,0.5336497999960557,0.0,4.022078329412076e-48,1.9366057793002306e-59
reciprocal,32,open,0.0,0.3,300,0.05,0.5,1.0,ssh_016,15.0,48,9.30594106232132e-18,4.4361874486902683e-16,1.89234662268267e-14,4.263189454526711,0.011200562417583135,0.01101817927656355,4.50206169353788138993093552015665391682793903474,7.012662769366376,1.671966332267406e-13,3.730349362740526e-14,1.869385047024975e-14,1.0658141036401503e-14,2.1489997564585543e-14,7.993605777301127e-15,6.433786129844213e-15,1.865174681370263e-14,1.7132094512365015,1.4235260768718535e-13,1.0325074129013956e-13,9.291825049525865e-15,5.10702591327572e-14,1.0671173235899905e-14,7.238654120556021e-14,4.7644238887034995e-15,3.1530333899354446e-14,2.9574537000007695,,,
reciprocal,32,open,0.0,0.3,300,0.05,0.5,1.0,ssh_016,15.0,80,9.30594106232132e-18,4.4361874486902683e-16,1.89234662268267e-14,4.263189454526711,0.011200562417583135,0.01101817927656355,4.5020616935378813899309355201566539168279390347381042394590378144650040456611331,7.012662769366376,1.671966332267406e-13,3.730349362740526e-14,1.869385047024975e-14,1.0658141036401503e-14,2.1489997564585543e-14,7.993605777301127e-15,6.433786129844213e-15,1.865174681370263e-14,1.7132094512365015,1.4235260768718535e-13,1.0325074129013956e-13,9.291825049525865e-15,5.10702591327572e-14,1.0671173235899905e-14,7.238654120556021e-14,4.7644238887034995e-15,3.1530333899354446e-14,3.6513313000032213,0.0,3.969723514481817e-48,1.8244007146830668e-59
exceptional,16,periodic,0.0,0.5,300,0.05,0.5,1.0,ssh_023,15.0,48,5.5524753778739e-18,9.194034422677078e-16,2.4372872532360233e-15,2.809809963629013,0.08485481131161128,0.051916582810522714,2.7587237941350024687899664527680532764425984151,4.049999937600237,1.0736286228005372e-06,5.635064024289704e-07,9.777794807542365e-15,1.7763568394002505e-15,3.449441008477511e-14,3.552713678800501e-15,2.3115084148653606e-15,1.7763568394002505e-15,3.7105653145484383,1.1217934902833847e-06,1.1203838878870442e-07,7.876289605800609e-15,4.440892098500626e-16,1.7025750418060837e-14,1.3766765505351941e-14,2.3168769884252396e-15,1.7763568394002505e-15,0.39225369998894166,,,
exceptional,16,periodic,0.0,0.5,300,0.05,0.5,1.0,ssh_023,15.0,80,5.5524753778739e-18,9.194034422677078e-16,2.4344930852871226e-15,2.809809963629013,0.08485481131161128,0.051916582810522714,2.7587237941350024687899664527680532764425984150966449716663054115437930952507138,4.049999937600237,1.0736286228005372e-06,5.635064024289704e-07,9.777794807542365e-15,1.7763568394002505e-15,3.449441008477511e-14,3.552713678800501e-15,2.3115084148653606e-15,1.7763568394002505e-15,3.7105653145484383,1.1217934902833847e-06,1.1203838878870442e-07,7.876289605800609e-15,4.440892098500626e-16,1.7025750418060837e-14,1.3766765505351941e-14,2.3168769884252396e-15,1.7763568394002505e-15,0.48206920000666287,0.0,2.1489368052168957e-16,1.4008971589968428e-59
exceptional,32,periodic,0.0,0.5,300,0.05,0.5,1.0,ssh_032,15.0,48,5.2391584202745816e-18,1.3927798679040488e-15,3.3906052958849763e-15,2.7508202320545996,0.08485481131161128,0.051916582810522714,2.83025355883617042458683878497037690071749336741,4.758211920499781,7.814760078005761e-07,3.1420247825764136e-07,1.345358972417148e-14,5.329070518200751e-15,4.258635631893269e-14,6.750155989720952e-14,4.174496143820258e-15,7.105427357601002e-15,3.7269058459720594,9.94531132157659e-07,1.6065311658763903e-07,1.7198155441193745e-14,7.105427357601002e-15,2.7923722035392744e-14,0.0,3.817538642883845e-15,6.661338147750939e-15,2.64235940000799,,,
exceptional,32,periodic,0.0,0.5,300,0.05,0.5,1.0,ssh_032,15.0,80,5.2391584202745816e-18,1.3927798679040488e-15,3.3997449276944623e-15,2.7508202320545996,0.08485481131161128,0.051916582810522714,2.8302535588361704245868387849703769007174933674114233021063458963707927353057548,4.758211920499781,7.814760078005761e-07,3.1420247825764136e-07,1.345358972417148e-14,5.329070518200751e-15,4.258635631893269e-14,6.750155989720952e-14,4.174496143820258e-15,7.105427357601002e-15,3.7269058459720594,9.94531132157659e-07,1.6065311658763903e-07,1.7198155441193745e-14,7.105427357601002e-15,2.7923722035392744e-14,0.0,3.817538642883845e-15,6.661338147750939e-15,3.22772320000513,0.0,2.9191884583584076e-16,3.798759079413147e-59
small_skin,16,open,0.25,0.5,100,0.05,0.5,1.0,ssh_036,5.0,48,1.0651279446055269e-17,3.5135916409260925e-16,1.904829841539112e-15,1.2604341079349415,0.08837012526877762,0.06833572094161619,2.67376675436821088938186812216565279857559360756,1.989449948772214,4.5429962793852333e-14,1.2434497875801753e-14,6.5045717473796025e-15,2.4424906541753444e-15,1.3688116550450231e-14,1.2656542480726785e-14,1.1065603459968124e-15,2.220446049250313e-15,1.234362679897689,4.006354175425917e-14,9.547918011776346e-15,2.8757886847147037e-15,3.197442310920451e-14,4.2386753849118784e-15,1.687538997430238e-14,1.5417261256517772e-15,1.6431300764452317e-14,0.4251622000010684,,,
small_skin,16,open,0.25,0.5,100,0.05,0.5,1.0,ssh_036,5.0,80,1.0651279446055269e-17,3.5135916409260925e-16,1.904829841539112e-15,1.2604341079349415,0.08837012526877762,0.06833572094161619,2.6737667543682108893818681221656527985755936075560353788570676294633978372237218,1.989449948772214,4.5429962793852333e-14,1.2434497875801753e-14,6.5045717473796025e-15,2.4424906541753444e-15,1.3688116550450231e-14,1.2656542480726785e-14,1.1065603459968124e-15,2.220446049250313e-15,1.234362679897689,4.006354175425917e-14,9.547918011776346e-15,2.8757886847147037e-15,3.197442310920451e-14,4.2386753849118784e-15,1.687538997430238e-14,1.5417261256517772e-15,1.6431300764452317e-14,0.5303090999950655,0.0,5.255769487768122e-49,1.490385179212619e-59
small_skin,16,open,0.25,0.5,300,0.05,0.5,1.0,ssh_037,15.0,48,1.0651279446055269e-17,4.4130250868813115e-16,3.3493002353562554e-14,1.4275630805445536,0.0006366370233450854,0.0004267551052298596,7.55931803453851650232557696153632582427802907657,2.748008518226643,1.6117773902635983e-13,7.238654120556021e-14,1.9625690069185184e-14,5.329070518200751e-15,4.629652787772402e-14,1.9984014443252818e-14,2.7007097335544042e-14,3.552713678800501e-15,1.7784959570916814,4.1237461559290485e-14,6.8833827526759706e-15,6.0552496541022755e-15,2.886579864025407e-15,1.282968944501943e-14,3.1086244689504383e-15,3.074400388183717e-14,1.509903313490213e-14,0.41394230000150856,,,
small_skin,16,open,0.25,0.5,300,0.05,0.5,1.0,ssh_037,15.0,80,1.0651279446055269e-17,4.4130250868813115e-16,3.3493002353562554e-14,1.4275630805445536,0.0006366370233450854,0.0004267551052298596,7.5593180345385165023255769615363258242780290765706328527529418547937888185420845,2.748008518226643,1.6117773902635983e-13,7.238654120556021e-14,1.9625690069185184e-14,5.329070518200751e-15,4.629652787772402e-14,1.9984014443252818e-14,2.7007097335544042e-14,3.552713678800501e-15,1.7784959570916814,4.1237461559290485e-14,6.8833827526759706e-15,6.0552496541022755e-15,2.886579864025407e-15,1.282968944501943e-14,3.1086244689504383e-15,3.074400388183717e-14,1.509903313490213e-14,0.5138141000061296,0.0,4.207328282136102e-49,3.62446091939223e-59
small_skin,16,open,0.25,0.5,600,0.05,0.5,1.0,ssh_038,30.0,48,1.0651279446055269e-17,4.3724811121154007e-16,1.649160333570514e-10,2.118562493581773,3.275698687193288e-07,2.538184307895276e-07,15.0591055649934431385935901834553199273413856692,2.6208466236745864,2.4026375540311586e-13,1.1857181902996672e-13,6.270520457876494e-14,1.199040866595169e-14,2.2497126566427916e-13,7.283063041541027e-14,1.6601013909517218e-10,3.914157886697467e-11,2.3676772699133917,1.9828436643064293e-13,7.549516567451064e-14,3.899577824781211e-14,2.398081733190338e-14,5.715940620118746e-14,7.993605777301127e-15,1.8185973865935319e-10,2.0097701280974434e-11,0.41527729999506846,,,
small_skin,16,open,0.25,0.5,600,0.05,0.5,1.0,ssh_038,30.0,80,1.0651279446055269e-17,4.3724811121154007e-16,1.649160333570514e-10,2.118562493581773,3.275698687193288e-07,2.538184307895276e-07,15.0591055649934431385935901834553199273413856691788934896611285227002819496103,2.6208466236745864,2.4026375540311586e-13,1.1857181902996672e-13,6.270520457876494e-14,1.199040866595169e-14,2.2497126566427916e-13,7.283063041541027e-14,1.6601013909517218e-10,3.914157886697467e-11,2.3676772699133917,1.9828436643064293e-13,7.549516567451064e-14,3.899577824781211e-14,2.398081733190338e-14,5.715940620118746e-14,7.993605777301127e-15,1.8185973865935319e-10,2.0097701280974434e-11,0.5190640999935567,0.0,3.49450537155078e-49,3.4861124738971097e-59
small_skin,16,open,0.25,0.7,300,0.05,0.5,1.0,ssh_040,15.0,48,1.426128143660241e-17,2.2180374242479648e-16,3.343240777899054e-12,1.8501952709691987,2.627455183886124e-05,2.568095688771121e-05,10.5585214845376514779688753498079846930225647382,1.921857390063987,1.1880948407746628e-13,4.8627768478581856e-14,8.833478510416937e-15,1.2878587085651816e-14,1.8448875729753167e-14,4.884981308350689e-15,3.400152594342549e-13,3.4150460237469815e-13,1.9879116432597728,6.114676090581495e-14,3.9968028886505635e-15,7.764786161459585e-15,2.6645352591003757e-15,1.693561051844133e-14,3.774758283725532e-15,5.624085070030431e-13,1.8096635301390052e-13,0.39168770000105724,,,
small_skin,16,open,0.25,0.7,300,0.05,0.5,1.0,ssh_040,15.0,80,1.426128143660241e-17,2.2180374242479648e-16,3.343240777899054e-12,1.8501952709691987,2.627455183886124e-05,2.568095688771121e-05,10.558521484537651477968875349807984693022564738177880412344226386252638843655182,1.921857390063987,1.1880948407746628e-13,4.8627768478581856e-14,8.833478510416937e-15,1.2878587085651816e-14,1.8448875729753167e-14,4.884981308350689e-15,3.400152594342549e-13,3.4150460237469815e-13,1.9879116432597728,6.114676090581495e-14,3.9968028886505635e-15,7.764786161459585e-15,2.6645352591003757e-15,1.693561051844133e-14,3.774758283725532e-15,5.624085070030431e-13,1.8096635301390052e-13,0.4983157999959076,0.0,9.548634063592581e-47,1.6053555608886242e-57
small_skin,16,open,0.25,0.7,600,0.05,0.5,1.0,ssh_041,30.0,48,1.426128143660241e-17,3.103702580053904e-16,4.2008481601345376e-08,1.7288241738797252,1.0305091698406062e-09,4.957124471050077e-10,21.0591189720097808723473422130149399028396206936,2.5258040332962564,3.564408739247767e-13,2.389199948993337e-13,6.52071302730023e-14,3.064215547965432e-14,2.1240390757773739e-13,8.304468224196171e-14,3.018250118303381e-08,1.4022845107319881e-09,2.043956824539082,1.989276266530745e-13,1.0524914273446484e-13,1.4004141366422507e-14,5.329070518200751e-15,2.688736963048382e-14,7.993605777301127e-15,4.5239328835527584e-08,2.0329460337364935e-08,0.39190340001368895,,,
small_skin,16,open,0.25,0.7,600,0.05,0.5,1.0,ssh_041,30.0,80,1.426128143660241e-17,3.103702580053904e-16,4.2008481601345376e-08,1.7288241738797252,1.0305091698406062e-09,4.957124471050077e-10,21.05911897200978087234734221301493990283962069363409879236509815384886552767088,2.5258040332962564,3.564408739247767e-13,2.389199948993337e-13,6.52071302730023e-14,3.064215547965432e-14,2.1240390757773739e-13,8.304468224196171e-14,3.018250118303381e-08,1.4022845107319881e-09,2.043956824539082,1.989276266530745e-13,1.0524914273446484e-13,1.4004141366422507e-14,5.329070518200751e-15,2.688736963048382e-14,7.993605777301127e-15,4.5239328835527584e-08,2.0329460337364935e-08,0.4898984999890672,0.0,7.684121265696124e-45,6.296068421584116e-55
small_skin,32,open,0.25,0.5,300,0.05,0.5,1.0,ssh_043,15.0,48,1.108303734202707e-17,4.747972810346731e-16,6.26403171733154e-14,1.5153848288788767,0.0005965241583335241,0.00045464326673626173,7.56037598004668559105161835554189617700651906311,2.300841330027086,4.1004658245140027e-13,4.884981308350689e-14,3.0105711246179734e-14,1.3322676295501878e-15,8.497090578756086e-14,1.1546319456101628e-14,4.965858642537469e-14,7.105427357601002e-15,1.4330671951863854,7.6099803381946e-13,2.90878432451791e-14,8.3046659275579e-15,2.731148640577885e-14,1.657765405048507e-14,2.55351295663786e-14,5.78443182763476e-14,6.394884621840902e-14,2.706761399997049,,,
small_skin,32,open,0.25,0.5,300,0.05,0.5,1.0,ssh_043,15.0,80,1.108303734202707e-17,4.747972810346731e-16,6.26403171733154e-14,1.5153848288788767,0.0005965241583335241,0.00045464326673626173,7.5603759800466855910516183555418961770065190631094191976285655070830356493891614,2.300841330027086,4.1004658245140027e-13,4.884981308350689e-14,3.0105711246179734e-14,1.3322676295501878e-15,8.497090578756086e-14,1.1546319456101628e-14,4.965858642537469e-14,7.105427357601002e-15,1.4330671951863854,7.6099803381946e-13,2.90878432451791e-14,8.3046659275579e-15,2.731148640577885e-14,1.657765405048507e-14,2.55351295663786e-14,5.78443182763476e-14,6.394884621840902e-14,3.350059499993222,0.0,8.781918387594196e-49,6.587297668137066e-59
small_skin,32,open,0.25,0.5,600,0.05,0.5,1.0,ssh_044,30.0,48,1.108303734202707e-17,4.3500028456609915e-16,3.2781732511291284e-11,1.8272626479362408,3.262590817847653e-07,2.54278237538635e-07,15.0602053941000477641823968119714634230502693455,3.053216748023564,4.21176430664811e-12,4.1033842990145786e-13,1.5932514033170574e-13,7.105427357601002e-15,4.638002101582216e-13,4.085620730620576e-14,2.484691285443426e-11,1.3322676295501878e-14,2.0020457098922178,6.327510781062076e-13,9.370282327836321e-14,5.83106930928672e-14,2.842170943040401e-14,4.337064583309751e-14,4.884981308350689e-15,3.3403424942109385e-11,1.8820500713445654e-12,2.657354700000724,,,
small_skin,32,open,0.25,0.5,600,0.05,0.5,1.0,ssh_044,30.0,80,1.108303734202707e-17,4.3500028456609915e-16,3.2781732511291284e-11,1.8272626479362408,3.262590817847653e-07,2.54278237538635e-07,15.060205394100047764182396811971463423050269345451463800313575555409669705786596,3.053216748023564,4.21176430664811e-12,4.1033842990145786e-13,1.5932514033170574e-13,7.105427357601002e-15,4.638002101582216e-13,4.085620730620576e-14,2.484691285443426e-11,1.3322676295501878e-14,2.0020457098922178,6.327510781062076e-13,9.370282327836321e-14,5.83106930928672e-14,2.842170943040401e-14,4.337064583309751e-14,4.884981308350689e-15,3.3403424942109385e-11,1.8820500713445654e-12,3.3119964999932563,0.0,7.843054356518838e-49,6.538623985466197e-59
small_skin,32,open,0.25,0.7,300,0.05,0.5,1.0,ssh_046,15.0,48,1.6516083491808193e-17,1.69593293091073e-16,6.293904230423744e-13,1.694797825198336,2.8155899160097084e-05,2.3942619583245863e-05,10.5615470417532204045259907936392038149668395668,1.8619461512618913,6.718665396224043e-13,2.8199664825478976e-14,4.725893761075646e-14,3.774758283725532e-15,7.926531519401287e-14,5.995204332975845e-15,3.3870992055389823e-13,5.306866057708248e-14,1.3830569099915517,1.0628949003351129e-12,7.971401316808624e-14,9.804478479262104e-15,1.1546319456101628e-14,1.2310482822339316e-14,1.1390888232654106e-13,7.780547115677467e-13,5.1958437552457326e-14,2.546123299995088,,,
small_skin,32,open,0.25,0.7,300,0.05,0.5,1.0,ssh_046,15.0,80,1.6516083491808193e-17,1.69593293091073e-16,6.293904230423744e-13,1.694797825198336,2.8155899160097084e-05,2.3942619583245863e-05,10.561547041753220404525990793639203814966839566769578084195311172467247478724151,1.8619461512618913,6.718665396224043e-13,2.8199664825478976e-14,4.725893761075646e-14,3.774758283725532e-15,7.926531519401287e-14,5.995204332975845e-15,3.3870992055389823e-13,5.306866057708248e-14,1.3830569099915517,1.0628949003351129e-12,7.971401316808624e-14,9.804478479262104e-15,1.1546319456101628e-14,1.2310482822339316e-14,1.1390888232654106e-13,7.780547115677467e-13,5.1958437552457326e-14,3.280036199997994,0.0,1.2883364315980208e-46,4.560102168911151e-57
small_skin,32,open,0.25,0.7,600,0.05,0.5,1.0,ssh_047,30.0,48,1.6516083491808193e-17,1.719873514909543e-16,1.669950981393463e-08,2.2111354477147462,8.075792329922693e-10,6.312255864514609e-10,21.0601728865046267479818526648374278558058901236,2.75266015390114,3.506653888157062e-12,4.685141163918161e-13,1.2560940647148752e-13,4.884981308350689e-15,1.157630591638063e-13,9.681144774731365e-14,1.1985246168664212e-08,7.271676594200471e-10,2.5158485864332083,1.1469963901218154e-12,5.0182080713057076e-14,5.947239551600808e-14,2.531308496145357e-14,1.1867532070515574e-13,8.659739592076221e-14,4.8284749738251935e-08,2.648300689855887e-09,2.503599399991799,,,
small_skin,32,open,0.25,0.7,600,0.05,0.5,1.0,ssh_047,30.0,80,1.6516083491808193e-17,1.719873514909543e-16,1.669950981393463e-08,2.2111354477147462,8.075792329922693e-10,6.312255864514609e-10,21.06017288650462674798185266483742785580589012355268848422052336084152630177579,2.75266015390114,3.506653888157062e-12,4.685141163918161e-13,1.2560940647148752e-13,4.884981308350689e-15,1.157630591638063e-13,9.681144774731365e-14,1.1985246168664212e-08,7.271676594200471e-10,2.5158485864332083,1.1469963901218154e-12,5.0182080713057076e-14,5.947239551600808e-14,2.531308496145357e-14,1.1867532070515574e-13,8.659739592076221e-14,4.8284749738251935e-08,2.648300689855887e-09,3.1503362999937963,0.0,1.1065692242381328e-43,8.177919367882074e-54
reciprocal_p1_reference,16,open,0.0,0.5,300,0.05,0.5,1.0,ssh_055,15.0,48,6.6604346644160405e-18,3.1703624605699424e-16,4.1281451374603184e-14,1.48451841831853,0.000631606303719639,0.00048443247621570654,7.49989253354206089157240162299441147374399546154,3.1784226645492324,1.1298444406423154e-13,2.5757174171303632e-14,1.7995152569297194e-14,2.220446049250313e-15,4.531227527172241e-14,2.353672812205332e-14,5.724057320701814e-14,4.440892098500626e-15,1.5965931859541282,7.202335567977665e-14,1.687538997430238e-14,9.15808972369976e-15,4.6629367034256575e-15,1.4833221659885138e-14,6.661338147750939e-15,7.003462951575704e-14,3.042011087472929e-14,0.4322406999999657,,,
reciprocal_p1_reference,16,open,0.0,0.5,300,0.05,0.5,1.0,ssh_055,15.0,80,6.6604346644160405e-18,3.1703624605699424e-16,4.1281451374603184e-14,1.48451841831853,0.000631606303719639,0.00048443247621570654,7.499892533542060891572401622994411473743995461541619055811833655805183936615835,3.1784226645492324,1.1298444406423154e-13,2.5757174171303632e-14,1.7995152569297194e-14,2.220446049250313e-15,4.531227527172241e-14,2.353672812205332e-14,5.724057320701814e-14,4.440892098500626e-15,1.5965931859541282,7.202335567977665e-14,1.687538997430238e-14,9.15808972369976e-15,4.6629367034256575e-15,1.4833221659885138e-14,6.661338147750939e-15,7.003462951575704e-14,3.042011087472929e-14,0.5324611999967601,0.0,6.060805837283391e-49,2.5166574312963896e-59
reciprocal_p1_reference,32,open,0.0,0.5,300,0.05,0.5,1.0,ssh_058,15.0,48,5.849314930888563e-18,2.711090526209199e-16,3.614320313231645e-14,3.999505326056383,0.000563215056867425,0.000543135908412823,7.50001190452999591008909877702329763888618462527,6.118452055669697,2.4764877883327053e-13,1.1457501614131615e-13,1.700844967949498e-14,8.881784197001252e-16,4.3562079241754254e-14,8.881784197001252e-15,5.208600076569826e-14,6.217248937900877e-15,1.5209155739399487,3.167284053872541e-13,1.021405182655144e-14,1.0254210218394766e-14,5.839773109528323e-14,4.843869281713477e-14,3.219646771412954e-14,6.608911484741277e-14,7.194245199571014e-14,2.869327799999155,,,
reciprocal_p1_reference,32,open,0.0,0.5,300,0.05,0.5,1.0,ssh_058,15.0,80,5.849314930888563e-18,2.711090526209199e-16,3.614320313231645e-14,3.999505326056383,0.000563215056867425,0.000543135908412823,7.5000119045299959100890987770232976388861846252722179921994969453443293303944438,6.118452055669697,2.4764877883327053e-13,1.1457501614131615e-13,1.700844967949498e-14,8.881784197001252e-16,4.3562079241754254e-14,8.881784197001252e-15,5.208600076569826e-14,6.217248937900877e-15,1.5209155739399487,3.167284053872541e-13,1.021405182655144e-14,1.0254210218394766e-14,5.839773109528323e-14,4.843869281713477e-14,3.219646771412954e-14,6.608911484741277e-14,7.194245199571014e-14,3.52428699999291,0.0,1.1614767214359958e-48,2.1288652230434376e-59
weak_skin_pilot,32,open,0.05,0.5,300,0.05,0.5,1.0,ssh_060,15.0,48,9.397755601790988e-18,3.1789295955180235e-16,1.0024680856706611e-13,3.677055301978186,0.0005599115723870434,0.0005439102459650596,7.50224302051658609616557491457584341901970011282,5.5643931188324025,1.838681375663651e-13,1.1191048088221578e-13,1.5188791704755833e-14,1.4210854715202004e-14,4.075705781605858e-14,3.197442310920451e-14,3.309131818042563e-14,7.105427357601002e-15,1.4797294963449215,1.7243220400386354e-13,9.992007221626409e-15,9.256308966730284e-15,9.43689570931383e-14,3.9555993687079426e-14,3.3306690738754696e-15,4.602993149632884e-14,6.439293542825908e-15,2.8570203999988735,,,
weak_skin_pilot,32,open,0.05,0.5,300,0.05,0.5,1.0,ssh_060,15.0,80,9.397755601790988e-18,3.1789295955180235e-16,1.0024680856706611e-13,3.677055301978186,0.0005599115723870434,0.0005439102459650596,7.5022430205165860961655749145758434190197001128155279983849177421437197698516482,5.5643931188324025,1.838681375663651e-13,1.1191048088221578e-13,1.5188791704755833e-14,1.4210854715202004e-14,4.075705781605858e-14,3.197442310920451e-14,3.309131818042563e-14,7.105427357601002e-15,1.4797294963449215,1.7243220400386354e-13,9.992007221626409e-15,9.256308966730284e-15,9.43689570931383e-14,3.9555993687079426e-14,3.3306690738754696e-15,4.602993149632884e-14,6.439293542825908e-15,3.5127376000018558,0.0,2.2648908087240635e-48,2.6371443449709824e-59
