length,particles,trial,alpha,graph_factor_error,projector_identity_error,sharper_bound_violation,compression_violation,entropy_error,audenaert_violation,binary_bound_violation
12,4,0,0.13992416657121526,1.565593463186732e-15,2.220446049250313e-16,-3.8518194692364505,-3.04014833263007,0.09733413096491628,-6.296258436112488,-3.087127598030664
12,4,1,0.12744180853633255,1.678724811017167e-15,1.1102230246251565e-16,-3.2167667545003757,-3.7571790312450037,0.3154714023892742,-7.344657627093718,-3.262997862650253
12,4,2,0.21283894568270942,1.863102704366489e-15,2.220446049250313e-16,-1.8987831962566675,-3.916176497028255,0.02875157171904874,-4.369795632491413,-2.381394129200595
12,4,3,0.2360253274097243,2.3053241468612414e-15,0.0,-1.9597548867621595,-3.0396820366858184,0.18512174408918391,-4.8342347947618745,-2.4852002784806873
12,4,4,0.22244272561493977,1.7958200611075785e-15,6.661338147750939e-16,-2.0356186846939126,-3.1467937865193996,0.147224945227181,-5.423698274113409,-2.7398149031012173
12,4,5,0.12360888282478776,1.878944974744709e-15,4.440892098500626e-16,-3.9775807788204744,-3.721406799505272,0.31633753535716225,-6.189713234189345,-2.906316597222947
12,4,6,0.10632319022960675,1.6287048869889717e-15,6.661338147750939e-16,-5.435260626561964,-2.996761146041135,0.19081546342584943,-6.348953819936584,-3.0431719461404256
12,4,7,0.030109752645784516,3.394906584052814e-15,4.440892098500626e-16,-16.236106786825967,-4.153001447228386,0.05658269001640104,-7.8724443308022956,-3.594853405553706
12,4,8,0.2488967660427044,1.722722782361011e-15,5.551115123125783e-16,-2.018152269521439,-2.637373434882517,0.10012600178732356,-4.000701718870102,-2.1791747678631297
12,4,9,0.1350236971888137,1.7906648945043596e-15,3.3306690738754696e-16,-3.5298886659993745,-3.940311928516915,0.17058624289836177,-5.409037594035185,-2.719762224387531
12,4,10,0.15417635550481204,1.9059361911160574e-15,1.2212453270876722e-15,-2.392353241594726,-4.1587850688573065,0.15332154242735196,-5.877472578388377,-2.9038491335048158
12,4,11,0.1657802575811091,1.720439938876139e-15,1.1102230246251565e-16,-3.003225659542708,-3.3963984172536374,0.09993683265874198,-5.396853354098802,-2.758772815671772
12,6,0,0.3108723015865401,2.2299025171925617e-15,3.3306690738754696e-16,-1.2091963985477103,-3.023012515433998,0.06872721478763744,-5.152263075602559,-2.6824046725575745
12,6,1,0.09472110979601096,2.3979893750175646e-15,2.220446049250313e-16,-4.276475209272399,-4.282430767016712,0.40549540858552025,-6.265510197911756,-2.872080469470851
12,6,2,0.22940476009971075,2.333555797130174e-15,2.220446049250313e-16,-1.8991259632576307,-3.2475135286400816,0.06810331508521283,-5.4196477794636415,-2.7871349751714956
12,6,3,0.05409629934419954,2.7666027850586928e-15,5.551115123125783e-16,-9.742558260883971,-4.182607044551281,0.5490117197524857,-6.5113440665603495,-2.8529206626737387
12,6,4,0.008679114196683475,1.2676637527317402e-14,4.440892098500626e-16,-53.776497513465216,-4.340300987503422,0.08052216078244134,-7.42309217532531,-3.45368532679712
12,6,5,0.3100961097456635,2.222246450201149e-15,1.1102230246251565e-16,-1.0225669182145696,-3.1839890887296693,0.0432118385775877,-6.103943916093861,-3.055458427696076
12,6,6,0.18066792536773635,2.1955103308937045e-15,7.771561172376096e-16,-2.738423231642777,-3.261480185433255,0.24910453952022227,-5.150344574286785,-2.572028051248672
12,6,7,0.13530977355401597,2.54062438471472e-15,2.220446049250313e-16,-3.6639936183417072,-3.2454586828922327,0.1262869061988363,-7.417141210171981,-3.4193028777072407
12,6,8,0.051377914975959414,3.5361179641790107e-15,5.551115123125783e-16,-9.67641680535724,-4.479034557393934,0.1440272459000207,-6.207897717238078,-3.0261305119661026
12,6,9,0.07572049817666596,2.295914220858274e-15,3.3306690738754696e-16,-5.836688365942792,-4.303808453437144,0.5985404049305476,-6.163956583707581,-2.7089285306150455
12,6,10,0.1601343170943638,2.0486656900418008e-15,0.0,-3.3306040073861594,-3.123162759509637,0.3856877014720812,-4.792772793068961,-2.348550721284104
12,6,11,0.1765248871409034,2.487935184024011e-15,9.992007221626409e-16,-2.905135190828136,-3.1134296733727513,0.292051635506386,-5.072106809471431,-2.5153518498138356
12,8,0,0.06455254230126516,2.566626414654775e-15,4.440892098500626e-16,-6.990683071570505,-4.099389360249097,0.01775426118093204,-7.630403727192153,-3.5573756655447673
12,8,1,0.2816126441710858,2.385855323991955e-15,5.551115123125783e-16,-1.7824939821565118,-2.2450547277202073,0.22849994750530178,-3.9972395510820835,-2.1061781477362658
12,8,2,0.2154079622202453,2.2083186559704703e-15,1.1102230246251565e-16,-1.5557158259123838,-4.175720846300097,0.4844628850412558,-4.2443718358475016,-2.0662357764126984
12,8,3,0.15604064823689273,2.4291778248734e-15,0.0,-2.8326357677001197,-4.127903669218096,0.06192024603614765,-4.75820731643016,-2.526773259532221
12,8,4,0.0873132291913844,2.6296782972695257e-15,5.551115123125783e-16,-4.918658717073161,-4.8479599528204025,0.291800408876014,-4.179507840278614,-2.149724405777449
12,8,5,0.09741147707798173,2.472730118551555e-15,2.220446049250313e-16,-5.701882894412611,-3.886296364689469,0.08415813780806514,-5.0030880907357895,-2.6135754536865523
12,8,6,0.06782551118275623,2.5486553530725946e-15,1.4432899320127035e-15,-8.38605433678076,-3.968285822520504,0.0550739635496349,-6.209303791722703,-3.0847618353540627
12,8,7,0.16829115649934115,2.369357947568897e-15,1.1102230246251565e-16,-2.653465626975798,-3.41180237019925,0.21575850068350855,-6.726375163709573,-3.1492078821490055
12,8,8,0.1356081363609082,2.3393181840773193e-15,0.0,-3.9026446107186414,-3.8399976359133268,0.12645022330750044,-3.8501148587315432,-2.097071350751132
12,8,9,0.10112918701830727,2.763529380798275e-15,4.440892098500626e-16,-4.853520022020389,-4.040479681216938,0.18055394564094285,-6.138764289711784,-2.978352860469805
12,8,10,0.09720868714045985,2.5150260019481517e-15,3.3306690738754696e-16,-4.7990404053349085,-4.411499451415448,0.2796441879836691,-5.207752677196581,-2.5754579892894416
12,8,11,0.3519237946090142,2.3243643943042197e-15,1.1102230246251565e-16,-1.238842371948657,-2.5200969632759325,0.09053611893440139,-3.3202863462389205,-1.8702734260652072
16,8,0,0.2191916708313765,2.876288703550456e-15,5.551115123125783e-16,-2.4135801875897602,-4.652733134150732,0.3153871988567576,-5.370182141297102,-2.6834326863494247
16,8,1,0.17356520181338786,2.8756629887016297e-15,6.661338147750939e-16,-2.2670811785979854,-5.815625261329123,0.33305213708944503,-7.140964576581346,-3.366893714677606
16,8,2,0.09707792173284402,2.6087680390451213e-15,4.440892098500626e-16,-5.505276887617434,-5.560794839155707,0.1468060182207096,-8.989594222080965,-4.11743830408977
16,8,3,0.0915382915863631,3.0706996801888533e-15,4.440892098500626e-16,-5.265059749466953,-6.069334803453976,0.23398666897446718,-7.840985746451528,-3.6797695495628315
16,8,4,0.1066825689949083,2.7703680553209004e-15,2.220446049250313e-16,-4.2144909895183496,-5.6575758598774275,0.002421434349634488,-9.574760279773376,-4.396972713833458
16,8,5,0.10538746923335887,2.736511850196098e-15,3.3306690738754696e-16,-5.555349487131707,-5.515360861104227,0.1032413794769842,-7.1850218044127185,-3.528394721564547
16,8,6,0.08920577355422113,2.6161361232879887e-15,3.3306690738754696e-16,-5.551010116400237,-5.8629183209650755,0.050372811688362606,-8.798574480154468,-4.122417753581022
16,8,7,0.13120259327074,2.93957018809685e-15,5.551115123125783e-16,-4.026919550712826,-5.634140638838178,0.13787164781085037,-7.02779132331141,-3.4481061512635756
16,8,8,0.0885704607068018,2.726771903931413e-15,6.661338147750939e-16,-7.017939093993501,-5.392256139860426,0.090856211116634,-7.353298534686873,-3.5981786698091724
16,8,9,0.21488500504643435,2.5401683270489592e-15,5.551115123125783e-16,-2.1104312658970708,-4.98486591803837,0.3266435426832479,-7.503794975445624,-3.50143982844722
16,8,10,0.102521450163926,2.5061543513348764e-15,4.440892098500626e-16,-5.6700597332634395,-5.432856838194424,0.013122194760740502,-8.010455351334748,-3.8827795136549645
16,8,11,0.11590254136320766,2.8280291891609096e-15,1.1102230246251565e-16,-4.473288623664452,-5.6724025228660535,0.29951181650487335,-7.80791122147596,-3.6254760299645725
