case_id,initial,high_precision_entropy_prediction_error,reference_dps
L24_gamma1p6_g0p0_T200,charge_density_wave,3.1e-159,160
L24_gamma1p6_g0p0_T200,left,4.59184239e-152,160
L24_gamma1p6_g0p0_T500,charge_density_wave,3.260683e-154,160
L24_gamma1p6_g0p0_T500,left,1.33003589759895e-146,160
L24_gamma1p6_g0p0_T800,charge_density_wave,6.45104776018e-148,160
L24_gamma1p6_g0p0_T800,left,1.7407006735858992e-139,160
L24_gamma1p6_g0p25_T200,charge_density_wave,2.5e-159,160
L24_gamma1p6_g0p25_T200,left,6.49721882e-152,160
L24_gamma1p6_g0p25_T500,charge_density_wave,4.283922e-154,160
L24_gamma1p6_g0p25_T500,left,7.05680947100861e-146,160
L24_gamma1p6_g0p25_T800,charge_density_wave,2.249692700546e-148,160
L24_gamma1p6_g0p25_T800,left,2.8301950190816025e-139,160
L24_gamma2p0_g-0p25_T100,charge_density_wave,2.9e-159,160
L24_gamma2p0_g-0p25_T100,left,6.34315e-155,160
L24_gamma2p0_g-0p25_T100,right,1.9376566e-153,160
L24_gamma2p0_g-0p25_T100,center_block,2.78536e-155,160
L24_gamma2p0_g-0p25_T300,charge_density_wave,4e-159,160
L24_gamma2p0_g-0p25_T300,left,2.59664002426e-149,160
L24_gamma2p0_g-0p25_T300,right,9.00461662965e-149,160
L24_gamma2p0_g-0p25_T300,center_block,6.20481e-155,160
L24_gamma2p0_g-0p25_T500,charge_density_wave,6.131e-157,160
L24_gamma2p0_g-0p25_T500,left,1.992837015858009e-145,160
L24_gamma2p0_g-0p25_T500,right,4.94896472376897e-145,160
L24_gamma2p0_g-0p25_T500,center_block,7.47332261e-152,160
L24_gamma2p0_g0p0_T100,charge_density_wave,1e-160,160
L24_gamma2p0_g0p0_T100,left,1.13311e-154,160
L24_gamma2p0_g0p0_T100,right,4.668813e-154,160
L24_gamma2p0_g0p0_T100,center_block,1.3002e-156,160
L24_gamma2p0_g0p0_T300,charge_density_wave,8.7e-159,160
L24_gamma2p0_g0p0_T300,left,5.98040670225e-149,160
L24_gamma2p0_g0p0_T300,right,1.806606273145e-148,160
L24_gamma2p0_g0p0_T300,center_block,2.15237e-155,160
L24_gamma2p0_g0p0_T500,charge_density_wave,1.594e-157,160
L24_gamma2p0_g0p0_T500,left,9.39900178785276e-146,160
L24_gamma2p0_g0p0_T500,right,4.75175080204428e-145,160
L24_gamma2p0_g0p0_T500,center_block,5.37298686e-152,160
L24_gamma2p0_g0p25_T100,charge_density_wave,9.5e-159,160
L24_gamma2p0_g0p25_T100,left,1.4781016e-153,160
L24_gamma2p0_g0p25_T100,right,8.748413e-154,160
L24_gamma2p0_g0p25_T100,center_block,7.665e-156,160
L24_gamma2p0_g0p25_T300,charge_density_wave,3.9e-159,160
L24_gamma2p0_g0p25_T300,left,3.81749237321e-149,160
L24_gamma2p0_g0p25_T300,right,5.61834746848e-149,160
L24_gamma2p0_g0p25_T300,center_block,5.30941e-155,160
L24_gamma2p0_g0p25_T500,charge_density_wave,4.244e-157,160
L24_gamma2p0_g0p25_T500,left,4.05707606501575e-146,160
L24_gamma2p0_g0p25_T500,right,2.12740046189847e-146,160
L24_gamma2p0_g0p25_T500,center_block,5.28750351e-152,160
L32_gamma2p0_g0p0_T300,charge_density_wave,1.177284618465788e-78,80
L32_gamma2p0_g0p0_T300,left,1.4482096979604229e-61,80
L32_gamma2p0_g0p0_T310,charge_density_wave,1.51e-158,160
L32_gamma2p0_g0p0_T310,left,2.5645478517337717e-141,160
L32_gamma2p0_g0p0_T320,charge_density_wave,4.2e-159,160
L32_gamma2p0_g0p0_T320,left,1.2983085505753197e-141,160
L32_gamma2p0_g0p0_T330,charge_density_wave,1.05e-158,160
L32_gamma2p0_g0p0_T330,left,1.1035321758328264e-142,160
L32_gamma2p0_g0p0_T340,charge_density_wave,9.5e-159,160
L32_gamma2p0_g0p0_T340,left,7.812799968349639e-143,160
L32_gamma2p0_g0p0_T350,charge_density_wave,1.7752567024602994e-118,120
L32_gamma2p0_g0p0_T350,left,1.228613880803541e-103,120
L32_gamma2p0_g0p25_T250,charge_density_wave,6.738388576954084e-119,120
L32_gamma2p0_g0p25_T250,left,1.7029050855187259e-105,120
L32_gamma2p0_g0p25_T260,charge_density_wave,1.62e-158,160
L32_gamma2p0_g0p25_T260,left,3.136641542396846e-143,160
L32_gamma2p0_g0p25_T270,charge_density_wave,2.2e-159,160
L32_gamma2p0_g0p25_T270,left,9.250149080154167e-143,160
L32_gamma2p0_g0p25_T280,charge_density_wave,9e-159,160
L32_gamma2p0_g0p25_T280,left,4.830780559840036e-143,160
L32_gamma2p0_g0p25_T290,charge_density_wave,1.17e-158,160
L32_gamma2p0_g0p25_T290,left,3.0516696642826324e-143,160
L32_gamma2p0_g0p25_T300,charge_density_wave,9.387383432897857e-79,80
L32_gamma2p0_g0p25_T300,left,2.3302767745078996e-64,80
L40_gamma1p6_g0p0_T200,charge_density_wave,5.2e-159,160
L40_gamma1p6_g0p0_T200,left,4.1943837389e-150,160
L40_gamma1p6_g0p0_T500,charge_density_wave,6.91988e-155,160
L40_gamma1p6_g0p0_T500,left,6.182432018475045e-138,160
L40_gamma1p6_g0p0_T800,charge_density_wave,1.1330955909967e-147,160
L40_gamma1p6_g0p0_T800,left,1.0831479394764795e-133,160
L40_gamma1p6_g0p25_T200,charge_density_wave,1.12e-158,160
L40_gamma1p6_g0p25_T200,left,2.75425740549e-149,160
L40_gamma1p6_g0p25_T500,charge_density_wave,5.721153e-154,160
L40_gamma1p6_g0p25_T500,left,4.6637759655683665e-140,160
L40_gamma1p6_g0p25_T800,charge_density_wave,1.0193149843165e-147,160
L40_gamma1p6_g0p25_T800,left,7.031549896245449e-134,160
L40_gamma2p0_g-0p25_T100,charge_density_wave,1.09e-158,160
L40_gamma2p0_g-0p25_T100,left,3.67899869524509e-144,160
L40_gamma2p0_g-0p25_T100,right,9.486599342039987e-143,160
L40_gamma2p0_g-0p25_T100,center_block,2.8775487e-154,160
L40_gamma2p0_g-0p25_T300,charge_density_wave,2.48e-158,160
L40_gamma2p0_g-0p25_T300,left,3.3169947366038663e-140,160
L40_gamma2p0_g-0p25_T300,right,7.1868798460992515e-137,160
L40_gamma2p0_g-0p25_T300,center_block,1.127128023e-151,160
L40_gamma2p0_g-0p25_T500,charge_density_wave,4.96e-158,160
L40_gamma2p0_g-0p25_T500,left,2.5270922226752095e-136,160
L40_gamma2p0_g-0p25_T500,right,2.0209608191689044e-138,160
L40_gamma2p0_g-0p25_T500,center_block,4.155085234905e-148,160
L40_gamma2p0_g0p0_T100,charge_density_wave,4.63e-158,160
L40_gamma2p0_g0p0_T100,left,3.489217944700466e-144,160
L40_gamma2p0_g0p0_T100,right,9.354994200487806e-143,160
L40_gamma2p0_g0p0_T100,center_block,5.411514e-156,160
L40_gamma2p0_g0p0_T300,charge_density_wave,1.63e-158,160
L40_gamma2p0_g0p0_T300,left,9.374098218678089e-143,160
L40_gamma2p0_g0p0_T300,right,2.7439450383758302e-139,160
L40_gamma2p0_g0p0_T300,center_block,8.33145618e-152,160
L40_gamma2p0_g0p0_T350,charge_density_wave,1.316695568534088e-118,120
L40_gamma2p0_g0p0_T350,left,6.356266117209784e-98,120
L40_gamma2p0_g0p0_T360,charge_density_wave,4.6e-159,160
L40_gamma2p0_g0p0_T360,left,1.409586322539454e-136,160
L40_gamma2p0_g0p0_T370,charge_density_wave,3.42e-158,160
L40_gamma2p0_g0p0_T370,left,2.777883868806371e-137,160
L40_gamma2p0_g0p0_T380,charge_density_wave,2.75e-158,160
L40_gamma2p0_g0p0_T380,left,9.228993235678118e-135,160
L40_gamma2p0_g0p0_T390,charge_density_wave,2.5e-159,160
L40_gamma2p0_g0p0_T390,left,6.587299347132957e-136,160
L40_gamma2p0_g0p0_T400,charge_density_wave,3.084149994898805e-118,120
L40_gamma2p0_g0p0_T400,left,1.1027311317293612e-96,120
L40_gamma2p0_g0p0_T500,charge_density_wave,8.09e-158,160
L40_gamma2p0_g0p0_T500,left,7.771964262896303e-139,160
L40_gamma2p0_g0p0_T500,right,1.2898200811710055e-137,160
L40_gamma2p0_g0p0_T500,center_block,5.983418175095e-148,160
L40_gamma2p0_g0p25_T100,charge_density_wave,2.24e-158,160
L40_gamma2p0_g0p25_T100,left,4.0693655569700556e-144,160
L40_gamma2p0_g0p25_T100,right,4.924074994151254e-143,160
L40_gamma2p0_g0p25_T100,center_block,3.94320471e-154,160
L40_gamma2p0_g0p25_T300,charge_density_wave,1.35e-158,160
L40_gamma2p0_g0p25_T300,left,5.350339733948658e-140,160
L40_gamma2p0_g0p25_T300,right,1.1461216075528096e-139,160
L40_gamma2p0_g0p25_T300,center_block,2.58028209e-152,160
L40_gamma2p0_g0p25_T350,charge_density_wave,5.076577353323329e-120,120
L40_gamma2p0_g0p25_T350,left,1.601760014523384e-97,120
L40_gamma2p0_g0p25_T360,charge_density_wave,4e-159,160
L40_gamma2p0_g0p25_T360,left,8.443359644787413e-138,160
L40_gamma2p0_g0p25_T370,charge_density_wave,2.25e-158,160
L40_gamma2p0_g0p25_T370,left,5.4142948570201e-138,160
L40_gamma2p0_g0p25_T380,charge_density_wave,1.62e-158,160
L40_gamma2p0_g0p25_T380,left,7.056233838144066e-138,160
L40_gamma2p0_g0p25_T390,charge_density_wave,1.41e-158,160
L40_gamma2p0_g0p25_T390,left,3.330829942093819e-138,160
L40_gamma2p0_g0p25_T400,charge_density_wave,2.9392096749668134e-118,120
L40_gamma2p0_g0p25_T400,left,9.532152372773054e-99,120
L40_gamma2p0_g0p25_T500,charge_density_wave,1.428e-157,160
L40_gamma2p0_g0p25_T500,left,2.4318680522831062e-139,160
L40_gamma2p0_g0p25_T500,right,1.2313735495678146e-135,160
L40_gamma2p0_g0p25_T500,center_block,2.646633744273e-148,160
L48_gamma2p0_g0p0_T400,charge_density_wave,4.2611419387023125e-118,120
L48_gamma2p0_g0p0_T400,left,1.2247346016728698e-92,120
L48_gamma2p0_g0p0_T410,charge_density_wave,7.6e-158,160
L48_gamma2p0_g0p0_T410,left,1.7138720747354103e-132,160
L48_gamma2p0_g0p0_T420,charge_density_wave,3.78e-158,160
L48_gamma2p0_g0p0_T420,left,4.269807077309798e-132,160
L48_gamma2p0_g0p0_T430,charge_density_wave,4.8e-159,160
L48_gamma2p0_g0p0_T430,left,1.0912060547746495e-132,160
L48_gamma2p0_g0p0_T440,charge_density_wave,4.73e-158,160
L48_gamma2p0_g0p0_T440,left,6.811841746516177e-131,160
L48_gamma2p0_g0p0_T450,charge_density_wave,7.57e-158,160
L48_gamma2p0_g0p0_T450,left,2.458776051517659e-130,160
L48_gamma2p0_g0p0_T460,charge_density_wave,1.258e-157,160
L48_gamma2p0_g0p0_T460,left,1.1011916699150718e-129,160
L48_gamma2p0_g0p0_T470,charge_density_wave,1.194e-157,160
L48_gamma2p0_g0p0_T470,left,8.760279148745253e-129,160
L48_gamma2p0_g0p0_T480,charge_density_wave,2.914e-157,160
L48_gamma2p0_g0p0_T480,left,6.345915281195885e-129,160
L48_gamma2p0_g0p0_T490,charge_density_wave,4.162e-157,160
L48_gamma2p0_g0p0_T490,left,5.801879786209994e-129,160
L48_gamma2p0_g0p0_T500,charge_density_wave,3.749348260242948e-118,120
L48_gamma2p0_g0p0_T500,left,9.780817758271181e-90,120
L48_gamma2p0_g0p0_T560,charge_density_wave,1.146e-157,160
L48_gamma2p0_g0p0_T560,left,3.2865551696345585e-132,160
L48_gamma2p0_g0p0_T600,charge_density_wave,2.8699e-156,160
L48_gamma2p0_g0p0_T600,left,8.531806718688562e-133,160
L48_gamma2p0_g0p25_T400,charge_density_wave,1.6682514412885838e-118,120
L48_gamma2p0_g0p25_T400,left,1.335990385104786e-94,120
L48_gamma2p0_g0p25_T410,charge_density_wave,1.58e-158,160
L48_gamma2p0_g0p25_T410,left,3.8612478432446696e-132,160
L48_gamma2p0_g0p25_T420,charge_density_wave,1.36e-158,160
L48_gamma2p0_g0p25_T420,left,1.8288484926466786e-132,160
L48_gamma2p0_g0p25_T430,charge_density_wave,2.7e-159,160
L48_gamma2p0_g0p25_T430,left,4.56472787647288e-132,160
L48_gamma2p0_g0p25_T440,charge_density_wave,1.05e-158,160
L48_gamma2p0_g0p25_T440,left,1.1178088212597454e-131,160
L48_gamma2p0_g0p25_T450,charge_density_wave,1.068e-157,160
L48_gamma2p0_g0p25_T450,left,1.090298595338551e-132,160
L48_gamma2p0_g0p25_T460,charge_density_wave,1.25e-158,160
L48_gamma2p0_g0p25_T460,left,1.1235757458212246e-131,160
L48_gamma2p0_g0p25_T470,charge_density_wave,1.678e-157,160
L48_gamma2p0_g0p25_T470,left,3.86255301733429e-133,160
L48_gamma2p0_g0p25_T480,charge_density_wave,1.89e-157,160
L48_gamma2p0_g0p25_T480,left,1.490650399050562e-132,160
L48_gamma2p0_g0p25_T490,charge_density_wave,4.485e-157,160
L48_gamma2p0_g0p25_T490,left,3.3256129822764426e-134,160
L48_gamma2p0_g0p25_T500,charge_density_wave,2.2315582908231246e-117,120
L48_gamma2p0_g0p25_T500,left,2.7608174070598605e-93,120
L48_gamma2p0_g0p25_T560,charge_density_wave,1.4369e-156,160
L48_gamma2p0_g0p25_T560,left,1.5261487206924968e-134,160
L48_gamma2p0_g0p25_T600,charge_density_wave,6.8708e-156,160
L48_gamma2p0_g0p25_T600,left,4.23263535629372e-133,160
L56_gamma2p0_g0p0_T400,charge_density_wave,9.37e-158,160
L56_gamma2p0_g0p0_T400,left,6.426365688990408e-132,160
L56_gamma2p0_g0p0_T500,charge_density_wave,1.062e-157,160
L56_gamma2p0_g0p0_T500,left,1.2679391801987602e-128,160
L56_gamma2p0_g0p0_T600,charge_density_wave,4.6087e-156,160
L56_gamma2p0_g0p0_T600,left,3.3403056481288764e-125,160
L56_gamma2p0_g0p0_T700,charge_density_wave,2.17729e-155,160
L56_gamma2p0_g0p0_T700,left,2.0883263779390177e-127,160
L56_gamma2p0_g0p25_T400,charge_density_wave,1.35e-158,160
L56_gamma2p0_g0p25_T400,left,1.0085804949177311e-129,160
L56_gamma2p0_g0p25_T500,charge_density_wave,2.174e-157,160
L56_gamma2p0_g0p25_T500,left,3.944641548643045e-126,160
L56_gamma2p0_g0p25_T600,charge_density_wave,2.4524e-156,160
L56_gamma2p0_g0p25_T600,left,1.2045461344625582e-128,160
L56_gamma2p0_g0p25_T700,charge_density_wave,1.1215e-156,160
L56_gamma2p0_g0p25_T700,left,2.6754475816401813e-127,160
L64_gamma2p0_g0p0_T400,charge_density_wave,3.75e-158,160
L64_gamma2p0_g0p0_T400,left,1.44837877905457e-130,160
L64_gamma2p0_g0p0_T500,charge_density_wave,1.288e-157,160
L64_gamma2p0_g0p0_T500,left,4.125137091646121e-124,160
L64_gamma2p0_g0p0_T600,charge_density_wave,8.3656e-156,160
L64_gamma2p0_g0p0_T600,left,2.8197306221999943e-120,160
L64_gamma2p0_g0p0_T700,charge_density_wave,9.2217e-156,160
L64_gamma2p0_g0p0_T700,left,3.0504573577240364e-118,160
L64_gamma2p0_g0p25_T400,charge_density_wave,7.5e-159,160
L64_gamma2p0_g0p25_T400,left,2.3537893192531115e-128,160
L64_gamma2p0_g0p25_T500,charge_density_wave,4.53e-157,160
L64_gamma2p0_g0p25_T500,left,9.613449430606408e-124,160
L64_gamma2p0_g0p25_T600,charge_density_wave,5.5156e-156,160
L64_gamma2p0_g0p25_T600,left,1.0808599872812885e-119,160
L64_gamma2p0_g0p25_T700,charge_density_wave,5.16369e-155,160
L64_gamma2p0_g0p25_T700,left,4.582868124930643e-124,160
