length,gamma,skin,initial,physical_time,dps,interpretation,kappa_G,kappa_G_mp,log_kappa_G,distance_to_G,effective_rate,rate_finite_difference,rate_finite_difference_step,rate_derivative_error,largest_singular_gap,rate_simple_top_singular,late_rate,next_rate_spacing,linearized_kappa,linear_relative_error,nonlinear_norm,linear_norm_lower,linear_norm_upper,linear_bound_valid,leading_mode_kappa,leading_relative_error,leading_remainder_ratio_upper,leading_dominance_certified,leading_mode_coefficient
48,2.0,0.0,left,5,160,retrospective; frozen predictions unchanged,7.381714653491159e+24,7381714653491159270637122.690536421039736394599108774786065857575884184385542806896163641073489243201950802513308902817910725333650817847631565343828939088269248,57.261048181354646,1.0,-92.28367564104636,-92.28367593921952,1e-06,2.9817315469477415e-07,0.9999744740844656,True,2.6520353096235656,0.009330400773103823,5.055287564443672e+22,0.9931516079911694,3.0588645363131427e+22,1.6526680094623682,,False,1.4926778617498409e+19,0.9999979778710885,61304.3849516468,False,8.566187884339835e+24
48,2.0,0.0,left,7.5,160,retrospective; frozen predictions unchanged,1.53885690772209e+19,15388569077220899993.85854734025609757483699685414742022533844103406642277946809202900400937026871591683221424831259048627799763333042254060988793316771716312496,44.1801566399824,1.0,-2.097652122292131,-2.097652486717525,0.0001,3.6442539370047735e-07,0.9796853897887325,True,2.6520353096235656,0.009330400773103823,1.1499996349095754e+19,0.252692287932167,8.580437432040351e+18,1.34025758478856,,False,1.970404269142391e+16,0.9987195662837429,11154.248213748639,False,8.566187884339835e+24
48,2.0,0.0,left,10,160,retrospective; frozen predictions unchanged,1.1194295143617268e+16,11194295143617268.57985474927735041758449799132855139395413879965991188369856871654542759374964386741673405700810966975228678004115880081480223487033526586771563,36.954180681265726,1.0,-0.27403957554991965,-0.27403962894486633,0.0001,5.339494664432825e-08,0.9939776073415012,True,2.6520353096235656,0.009330400773103823,4469846326737702.0,0.6007031912780765,3903957549113538.0,1.1449525950282575,,False,26010253674581.734,0.997676472404838,2944.431914191095,False,8.566187884339835e+24
48,2.0,0.0,left,12.5,160,retrospective; frozen predictions unchanged,5981312095659.586,5981312095659.585636087667253918943037920837268524327692008561126750080133601917495929224646222473375797090784324918425613920654339671903502309714153286248296145,29.419661073813256,1.0,3.5046930178833717,3.504693018315166,0.0001,4.31794033356145e-10,0.9993737963071313,True,2.6520353096235656,0.009330400773103823,2653987774319.5435,0.5562866923052815,2534401461990.3687,1.0471852285920842,,False,34334745758.064686,0.9942596632295814,1087.7943455692264,False,8.566187884339835e+24
48,2.0,0.0,left,15,160,retrospective; frozen predictions unchanged,2209759486.720807,2209759486.720806906372548599566637643820193962949790425874869078097869528307243305729546468425916839968607842581494723255941333952341805193817486780312455264882,21.516149517015613,1.0,2.9306568577571785,2.9306568578754666,0.0001,1.182881999998821e-10,0.9993950672753921,True,2.6520353096235656,0.009330400773103823,2029767982.3297074,0.08145298412462054,2033813826.8738635,0.9980107099830343,,False,45323462.85507337,0.9794894136092921,519.0734099525334,False,8.566187884339835e+24
48,2.0,0.0,left,17.5,160,retrospective; frozen predictions unchanged,1798847.3343872079,1798847.334387207905985618958783245210029910868266137552319102000614685817810026114738256997039472219208757658041675251326398667063845731162343878923491799531699,14.402656647957203,0.9999999999998455,2.7972593141175874,2.79725931413633,0.0001,1.8742464624980912e-11,0.9995858328811454,True,2.6520353096235656,0.009330400773103823,1793146.8767998712,0.003168950181799911,1847799.528756219,0.9704223204259305,,False,59829.08100295786,0.9667403231729284,295.48628534153164,False,8.566187884339835e+24
48,2.0,0.0,left,20,160,retrospective; frozen predictions unchanged,1729.7329751170585,1729.732975117058460834398033152678804875156417893378487595538787282185005846851535443562464844180268169698737289026680572247893702533171775871790918174951951079,7.4557223259353735,0.9999998328864111,2.764552961715383,2.7645529617180964,0.0001,2.7133780999273398e-12,0.9997157929815956,True,2.6520353096235656,0.009330400773103823,1729.6433221173304,5.1830543221287034e-05,1814.620227039368,0.952645986400892,,False,78.97717226736157,0.9543414079493878,189.3432935115159,False,8.566187884339835e+24
48,2.0,0.0,left,22.5,160,retrospective; frozen predictions unchanged,1.7681500097182714,1.768150009718271401622879410594597881789509503056959147702282143779660006910373971751402455127755076622495070656219881908501273890683248835723653154415069095825,0.569933807741857,0.8704339907299313,2.7452336890326445,2.745233689034025,0.0001,1.3807357206444954e-12,0.9997944963010861,True,2.6520353096235656,0.009330400773103823,1.7681491498281963,4.863219016061539e-07,1.8780964717674271,0.6143467278365354,,False,0.10425354417595245,0.9410380659995224,131.54848145666094,False,8.566187884339835e+24
48,2.0,0.0,left,25,160,retrospective; frozen predictions unchanged,0.00188306947994177,0.001883069479941770034141767701710430253176616317587004102198348464650302037679131988419092531088032322605388102843631089695615875808282958630503458445607377289981,-6.274852131452662,0.0018830661413149104,2.7312854571732212,2.7312854571741094,0.0001,8.879292958000488e-13,0.9998449273165003,True,2.6520353096235656,0.009330400773103823,0.001883069474097986,3.1033290340703903e-09,0.0020182637257931506,0.001879276598308887,0.0018868776908965307,True,0.00013761953183703636,0.9269174434066597,96.79011644619726,False,8.566187884339835e+24
48,2.0,0.0,left,28,160,retrospective; frozen predictions unchanged,5.306260601017032e-07,0.0000005306260601017031502846851652759535566039135518565075530055483687310282910779348201774605618804553842884839393199711139066985628529220148236390212565174723708272,-14.449208282046841,5.306260601016284e-07,2.7189204240274676,2.7189204240280302,0.0001,5.623842972702424e-13,0.999884480615189,True,2.6520353096235656,0.009330400773103823,5.306260600990527e-07,4.994847486030555e-12,5.733018967250767e-07,5.306257558903004e-07,5.306263643081538e-07,True,4.823776459130419e-08,0.9090927336247703,70.75812871526462,False,8.566187884339835e+24
48,2.0,0.0,left,30,160,retrospective; frozen predictions unchanged,2.323002943279159e-09,0.000000002323002943279158899839625830681163988281521920408113534183013375876779045305449175326256877770464220571030287977254637518132349695543251495393146737276742343933,-19.880405116142516,2.323002943279159e-09,2.7124727186971156,2.7124727186975446,0.0001,4.2871693828688753e-13,0.9999030589597802,True,2.6520353096235656,0.009330400773103823,2.3230029432790244e-09,5.793839837473251e-14,2.5203848526762087e-09,2.323002937424163e-09,2.3230029491338857e-09,True,2.3980518673079827e-10,0.8967693142944156,58.90125135895932,False,8.566187884339835e+24
48,2.0,0.0,left,35,160,retrospective; frozen predictions unchanged,3.0899977303947075e-15,0.000000000000003089997730394707642532019267423672294883706041525672199857681172373769919531130253877891431427142731954375300733135546978018007791813808562297861052097992171471,-33.4106060385014,3.0899977303947075e-15,2.7004036136409812,2.700403613641219,0.0001,2.37656914068476e-13,0.9999338496275604,True,2.6520353096235656,0.009330400773103823,3.0899977303947075e-15,5.460947417380584e-19,3.379078576194562e-15,3.0899977303946972e-15,3.089997730394718e-15,True,4.178660311901802e-16,0.8647681753679466,39.763170813407875,False,8.566187884339835e+24
48,2.0,0.0,left,40,160,retrospective; frozen predictions unchanged,4.322302148241287e-21,0.000000000000000000004322302148241287070054948122000396463217402075523076864431239164020331198070084071575726863661991785167047621443948020883743088214401234471668937223927882753142,-46.89049878787673,4.322302148241287e-21,2.692016531106266,2.692016531106411,0.0001,1.448915916021489e-13,0.9999520441884284,True,2.6520353096235656,0.009330400773103823,4.322302148241287e-21,3.32072414011994e-24,4.752737364955618e-21,4.322302148241287e-21,4.322302148241287e-21,True,7.281411315704755e-22,0.8315385860133007,28.742477513695672,False,8.566187884339835e+24
48,2.0,0.0,left,80,160,retrospective; frozen predictions unchanged,1.4136635288999268e-67,1.413663528899926739106862725287546318447636891158968371219731973711010476643761446047186171580720446947669977557081338603290213504004271362091049145795038836909e-67,-153.92701664837367,1.4136635288999268e-67,2.666484624518298,2.666484624518311,0.0001,1.317302546014216e-14,0.9999900343905024,True,2.6520353096235656,0.009330400773103823,1.4136635288999268e-67,1.4853923675643916e-68,1.5808876438841223e-67,1.4136635288999268e-67,1.4136635288999268e-67,True,6.1893284929459886e-68,0.5621781020436772,6.176854606142265,False,8.566187884339835e+24
48,2.0,0.0,left,160,160,retrospective; frozen predictions unchanged,5.51649203917427e-160,5.516492039174270172225510633882857649503175564801427884220244352489480129074666924652552968669318721078347577963203925227488345872991862359374639456606355871232e-160,-366.7058727209237,5.51649203917427e-160,2.6556880710957267,2.655688071095728,0.0001,1.6023728490272977e-15,0.9999978601377139,True,2.6520353096235656,0.009330400773103823,5.51649203917427e-160,3.823145049114333e-160,6.213587102601678e-160,5.51649203917427e-160,5.51649203917427e-160,True,4.4719760657625724e-160,0.1893442365173874,1.4071683695615935,False,8.566187884339835e+24
48,2.0,0.0,left,320,160,retrospective; frozen predictions unchanged,0.0,2.361569162824379893239163655176470951510030037685367092726979704218804780386824745811144587847120596561909190215848618510741668605882239957267921770846219020236e-344,-791.22994569236,0.0,2.6522485202589317,2.6522485202589317,0.0001,1.198394224273386e-16,0.9999998610747816,True,2.6520353096235656,0.009330400773103823,0.0,0.0,0.0,0.0,0.0,True,0.0,0.011422603616773191,0.2295387982648845,True,8.566187884339835e+24
48,2.0,0.25,left,5,160,retrospective; frozen predictions unchanged,2.6657927249279414e+24,2665792724927941579868456.321261290972893033816877174831551306568189337175878454270331087980071546410541351399940790323874372239740358954881321291184878407975535,56.24254370300219,1.0,-10.561338004849022,-10.561338005940623,1e-06,1.0916016532288045e-09,0.9999888102275735,True,2.6520353096235656,0.009330400773103823,1.7179601287976645e+20,0.9999355553748521,1.0321167406469197e+20,1.6645017575442733,,False,1.0059167954905771e+20,0.9999622657535943,228288.58959755726,False,5.772760812626992e+25
48,2.0,0.25,left,7.5,160,retrospective; frozen predictions unchanged,1.4147087998279027e+18,1414708799827902680.288265715867708102863419258757797460419949444337016529140096305030360195195824330629580484777007857372976577020455629850240784247481052016605,41.79345538863466,1.0,16.874382748418682,16.87438635579017,0.0001,3.6073714850002407e-06,0.893543305099224,True,2.6520353096235656,0.009330400773103823,3.796890192991604e+16,0.9731613304910983,2.967724956491636e+16,1.279394232503333,,False,1.3278570005139141e+17,0.906139199764966,43125.979390888235,False,5.772760812626992e+25
48,2.0,0.25,left,10,160,retrospective; frozen predictions unchanged,376518556396730.1,376518556396730.1334591080964980671541077367848875459042552842954810263951177559237269257208276816043794635739794778014587015990611406601961934570053594470771741,33.561988448532254,1.0,4.4320083983549035,4.432008398904766,0.0001,5.498623138915794e-10,0.9993674655679186,True,2.6520353096235656,0.009330400773103823,16682562319396.2,0.9556925892868395,15641689345802.584,1.0665447926103881,,False,175283305907414.47,0.5344630352754197,11502.889622619106,False,5.772760812626992e+25
48,2.0,0.25,left,12.5,160,retrospective; frozen predictions unchanged,25439311280.503098,25439311280.50309749368546658182130061980022091270203146768263939599912833340254978597661557604678964063622268351348559228467787295994426362830108740275466332398,23.959561502744602,1.0,3.3631965663663665,3.3631965665021815,0.0001,1.358147819846235e-10,0.9990094444046906,True,2.6520353096235656,0.009330400773103823,11994692317.297455,0.5284977574652232,12283064099.64106,0.9765228137718052,,False,231382124113.82538,8.095455516170306,4189.546738126024,False,5.772760812626992e+25
48,2.0,0.25,left,15,160,retrospective; frozen predictions unchanged,12005595.414022505,12005595.41402250545154081339681705641399649293955700405117274289909177216099193943390670825555053032638497355269453682775533452986483670450534395734452380601428,16.300883383577315,0.9999999999999966,2.8512692089247986,2.851269209037348,0.0001,1.1254964444373232e-10,0.9990482872106136,True,2.6520353096235656,0.009330400773103823,11096314.016462168,0.07573813427847977,11855105.74016235,0.9359944418611121,,False,305435175.8273236,24.441068542970896,1942.494733705633,False,5.772760812626992e+25
48,2.0,0.25,left,17.5,160,retrospective; frozen predictions unchanged,11709.323181208241,11709.32318120824154199232609957109917869851367825895583658241609951016438654929370156361255606512431413383785936606188312825386551011120993842181138568134968578,9.368140656561701,0.9999999963532464,2.7299395282732224,2.729939528290523,0.0001,1.7300789087698397e-11,0.9993174349740392,True,2.6520353096235656,0.009330400773103823,11675.532065653986,0.0028858299520236764,12766.857991172204,0.9144472059233849,,False,403188.65162969544,33.43313036886321,1068.472977828384,False,5.772760812626992e+25
48,2.0,0.25,left,20,160,retrospective; frozen predictions unchanged,13.226296477540249,13.22629647754024851207386301005934927806452611192751672409817381112770058614432376506264607542965262858865738320484081130599746255060110552036120794161565044102,2.5822070052676938,0.9971539901196427,2.7026754717080452,2.702675471710431,0.0001,2.3854379176411807e-12,0.9995053201669443,True,2.6520353096235656,0.009330400773103823,13.225679026474792,4.6683594799535566e-05,14.670133733964265,0.8440054980391626,,False,532.227790602858,39.24012250947506,661.1051086708728,False,5.772760812626992e+25
48,2.0,0.25,left,22.5,160,retrospective; frozen predictions unchanged,0.015700529070988924,0.01570052907098892319607083170385245768575018400539720835031553607028230409555018066698652245108614492911970878839592567017566105675957895803242317988473162781269,-4.154060868406563,0.015698594286561788,2.6873349373422504,2.6873349373434197,0.0001,1.1690709229744832e-12,0.9996228209137938,True,2.6520353096235656,0.009330400773103823,0.015700522234822954,4.3540991131730595e-07,0.01758285059389746,0.015429232347675249,0.01598152296538628,True,0.7025654614658224,43.74788450052978,444.07858319539804,False,5.772760812626992e+25
48,2.0,0.25,left,25,160,retrospective; frozen predictions unchanged,1.9246021852807245e-05,0.00001924602185280724369795926605804575915164427486467961407929303853218263083626010606921308570446934459817842733180655959197949149635172670964914390696460035893209,-10.858206175584007,1.924602184924279e-05,2.6765587194037037,2.6765587194044373,0.0001,7.336115181151539e-13,0.9997007715987241,True,2.6520353096235656,0.009330400773103823,1.924602179951466e-05,2.7690182420654928e-09,2.1700741804157192e-05,1.924560415562801e-05,1.9246439461528062e-05,True,0.0009274191170768854,47.187574771022675,316.50641493011267,False,5.772760812626992e+25
48,2.0,0.25,left,28,160,retrospective; frozen predictions unchanged,6.360678083248178e-09,0.000000006360678083248177824918757009075645531150426744079071032955196858373293143755923980842243301381857437251211535388602674411470857630728649814197883236135773863038,-18.873130848414633,6.360678083248178e-09,2.6672429594887936,2.6672429594892475,0.0001,4.5365770493622135e-13,0.9997642245373373,True,2.6520353096235656,0.009330400773103823,6.360678083219891e-09,4.447157420308019e-12,7.214570957803321e-09,6.3606780373303275e-09,6.360678129109454e-09,True,3.250746783531085e-07,50.10692195054527,223.2902003451281,False,5.772760812626992e+25
48,2.0,0.25,left,30,160,retrospective; frozen predictions unchanged,3.082475199379953e-11,0.00000000003082475199379952911297588557651491122264257764161773661511509523323803938141894845018400910971607712473505081974834816662545958379086734960498922597395730448656,-24.20270311252934,3.082475199379953e-11,2.662486566642603,2.662486566642944,0.0001,3.410226666895173e-13,0.9997950462916713,True,2.6520353096235656,0.009330400773103823,3.082475199379794e-11,5.1548124944151654e-14,3.50692715582903e-11,3.082475199271694e-11,3.0824751994878944e-11,True,1.6160490562610824e-09,51.42699297584468,181.78559663368185,False,5.772760812626992e+25
48,2.0,0.25,left,35,160,retrospective; frozen predictions unchanged,5.217823024463415e-17,0.00000000000000005217823024463415080429654952395480068379870066704578234691185504846284206705469538514488617043458377559255012442401499461407045818670392666312937478449803925414,-37.49186631111368,5.217823024463415e-17,2.653802467519869,2.653802467520052,0.0001,1.8332080635916922e-13,0.9998482619107761,True,2.6520353096235656,0.009330400773103823,5.217823024463415e-17,4.856776485030068e-19,5.969501947245817e-17,5.2178230244634145e-17,5.217823024463415e-17,True,2.816002500006505e-15,52.96891551905584,116.62378059666197,False,5.772760812626992e+25
48,2.0,0.25,left,40,160,retrospective; frozen predictions unchanged,9.152695082497394e-23,0.00000000000000000000009152695082497394028198510486968205334125444016853158408636607080793875594141482763297611109032280205256290459945346723833558490326834092747209715107025840935291,-50.745408758410115,9.152695082497394e-23,2.6479670752745217,2.6479670752746305,0.0001,1.0881689476588165e-13,0.9998815786682947,True,2.6520353096235656,0.009330400773103823,9.152695082497394e-23,2.955402961257011e-24,1.0510754559847224e-22,9.152695082497394e-23,9.152695082497394e-23,True,4.906948863538563e-21,52.61206529126128,80.57159775448407,False,5.772760812626992e+25
48,2.0,0.25,left,80,160,retrospective; frozen predictions unchanged,1.3918687340862418e-68,1.391868734086241777372046185198771823775026483111269447732044499059182033859886533127477214256449712602636063948850269194594474934484640304144724892358536067993e-68,-156.24513906635482,1.3918687340862418e-68,2.631746250843853,2.631746250843863,0.0001,1.0062240385460955e-14,0.9999624342537533,True,2.6520353096235656,0.009330400773103823,1.3918687340862418e-68,1.3352581061071967e-68,1.61537541876949e-68,1.3918687340862418e-68,1.3918687340862418e-68,True,4.170993382700925e-67,28.966858803241752,13.65069426859758,False,5.772760812626992e+25
48,2.0,0.25,left,160,160,retrospective; frozen predictions unchanged,5.3988339715577734e-160,5.398833971557773579185673946131238219572130288437607018930630197966859644001270855528140626281843641484029539294640918822005527570433270883162484449059524405778e-160,-366.72743187998657,5.3988339715577734e-160,2.634655457310568,2.6346554573105685,0.0001,3.024806321599213e-16,0.9999951084924232,True,2.6520353096235656,0.009330400773103823,5.3988339715577734e-160,3.556413999176124e-160,6.253228469841603e-160,5.3988339715577734e-160,5.3988339715577734e-160,True,3.013668219282763e-159,4.582072416302149,2.544380193237272,False,5.772760812626992e+25
48,2.0,0.25,left,320,160,retrospective; frozen predictions unchanged,0.0,1.121098445872259174227845204390386834261893837634723232384377876917093234710402359490502603972946526783136427613983215457316431470566532655768136953104966437267e-343,-789.6723779370337,0.0,2.6486997571944784,2.648699757194478,0.0001,6.175057622037104e-16,0.9999999393624303,True,2.6520353096235656,0.009330400773103823,0.0,0.0,0.0,0.0,0.0,True,0.0,0.403342127296683,0.3704447252949612,True,5.772760812626992e+25
