length,gamma,skin,initial,dps,alpha,F_norm,cdw_formula,cdw_formula_relative_error,upper_over_alpha,cross_block_min,overlap_lower,overlap_upper,rho,polynomial_degree,analytic_tail_upper
16,2.0,-0.25,charge_density_wave,160,0.9358218290831972,0.49334110008102494,0.9358218290831972,0.0,1.0,,,,,,
16,2.0,-0.25,left,160,3.8524559596772316e-10,493717893.60736054,,,1.054610196689192,4.0628393373716556e-10,2.7618531934920556e-10,4.0628393373716556e-10,0.3766458510283754,2.0,0.04454692892951598
16,2.0,-0.25,right,160,9.201699327354573e-11,21034037495.038017,,,1.0072092922704552,9.268037067190324e-11,6.30026334932102e-11,9.268037067190324e-11,0.3766458510283754,3.0,0.017694310273045515
16,2.0,-0.25,center_block,160,2.0792664949510147e-05,74819.95761582312,,,1.0339442921232362,2.1498457242576897e-05,1.4614307350133824e-05,2.1498457242576897e-05,0.3766458510283754,1.0,0.12338945872318334
16,2.0,0.0,charge_density_wave,160,0.9150365512555425,0.44082494058840804,0.9150365512555425,0.0,1.0,,,,,,
16,2.0,0.0,left,160,2.1280654415165004e-09,403422381.47285354,,,1.0778264504020834,2.293685221053072e-09,1.4566695475725826e-09,2.293685221053072e-09,0.44082494058840804,2.0,0.007741095508688707
16,2.0,0.0,right,160,1.6359504305125903e-11,60314784109.11603,,,1.0071478027503464,1.6476438814992387e-11,1.0463827579280098e-11,1.6476438814992387e-11,0.44082494058840804,3.0,0.0030748100727828413
16,2.0,0.0,center_block,160,9.714354484415267e-06,100402.25973491692,,,1.04676629509207,1.0168658852862404e-05,6.45789385337644e-06,1.0168658852862404e-05,0.44082494058840804,1.0,0.021441872822543496
16,2.0,0.25,charge_density_wave,160,0.8848104234150442,0.3938991262087384,0.8848104234150442,3.0145559193202667e-161,1.0,,,,,,
16,2.0,0.25,left,160,1.1469924551015264e-08,335736952.3187817,,,1.1157335341072594,1.2797379455247882e-08,7.4172479372955455e-09,1.2797379455247882e-08,0.5266113294480912,2.0,0.04454692892951598
16,2.0,0.25,right,160,2.8830385740228135e-12,260974163729.15552,,,1.0071091659858364,2.903534573789111e-12,1.6828629567182305e-12,2.903534573789111e-12,0.5266113294480912,3.0,0.017694310273045515
16,2.0,0.25,center_block,160,4.486929140081134e-06,223827.64720467073,,,1.067277033744226,4.788796423246323e-06,2.775544049206602e-06,4.788796423246323e-06,0.5266113294480912,1.0,0.12338945872318334
24,1.6,0.0,charge_density_wave,160,0.8263321677505098,0.6815455970742214,0.8263321677505098,2.151927601256045e-161,1.0,,,,,,
24,1.6,0.0,left,160,1.4132799910291369e-11,60492152919.29312,,,1.0801524785471648,1.526557885191237e-11,7.501693017789931e-12,1.526557885191237e-11,0.6815455970742214,4.0,0.033752342767758195
24,1.6,0.0,right,160,3.985049496389909e-14,24972697217940.137,,,1.002601594903156,3.995416980848541e-14,1.9633969965466512e-14,3.995416980848541e-14,0.6815455970742214,5.0,0.024439208161813348
24,1.6,0.0,center_block,160,6.649840406186087e-07,1478166.9343071284,,,1.04243092093305,6.93199925867837e-07,3.406469610003558e-07,6.93199925867837e-07,0.6815455970742214,2.0,0.07172369880892651
24,1.6,0.25,charge_density_wave,160,0.7732114684567503,0.6414307786265288,0.7732114684567503,2.299768009309508e-161,1.0,,,,,,
24,1.6,0.25,left,160,1.6586057175234934e-10,49509595682.404625,,,1.1220877301045864,1.8611011247144255e-10,7.906083988715671e-11,1.8611011247144255e-10,0.8201485534948352,4.0,0.5279754731449824
24,1.6,0.25,right,160,2.6904225128334775e-15,313471531063195.75,,,1.0023087396574892,2.696633997984258e-15,1.145548438597664e-15,2.696633997984258e-15,0.8201485534948352,5.0,0.38229353681629324
24,1.6,0.25,center_block,160,1.8228266752409176e-07,7068606.227614093,,,1.067159542343427,1.9452468805214884e-07,8.263540874787178e-08,1.9452468805214884e-07,0.8201485534948352,2.0,1.0
24,2.0,-0.25,charge_density_wave,160,0.9342248734196303,0.4989863343900541,0.9342248734196303,2.8551054197676066e-161,1.0,,,,,,
24,2.0,-0.25,left,160,5.52504822733614e-16,137709799576841.33,,,1.0466069818074337,5.78255404955279e-16,3.909550015365609e-16,5.78255404955279e-16,0.38179734336521304,4.0,0.022592172300747823
24,2.0,-0.25,right,160,5.236207460232845e-16,5740866091587529.0,,,1.0042784307313752,5.258610211146562e-16,3.555314737331294e-16,5.258610211146562e-16,0.38179734336521304,5.0,0.010078189257754347
24,2.0,-0.25,center_block,160,5.8388406058558885e-08,37362513.87073725,,,1.0263990720962142,5.992980579968181e-08,4.0518181270285594e-08,5.992980579968181e-08,0.38179734336521304,2.0,0.13022901071386406
24,2.0,0.0,charge_density_wave,160,0.9131014894675981,0.4465356321898707,0.9131014894675981,5.84230894407438e-161,1.0,,,,,,
24,2.0,0.0,left,160,8.027899036521978e-15,109573974704170.88,,,1.0653073427362858,8.552179790352418e-15,5.3984208414856946e-15,8.552179790352418e-15,0.4465356321898707,4.0,0.00144426925520023
24,2.0,0.0,right,160,3.504034502456159e-17,2.8318699220609536e+16,,,1.0040986980906086,3.518396481980803e-17,2.2209290920616182e-17,3.518396481980803e-17,0.4465356321898707,5.0,0.0006442770840846511
24,2.0,0.0,center_block,160,1.6729089948645963e-08,58704621.523074016,,,1.0379995125699535,1.736478721243342e-08,1.0961232281542332e-08,1.736478721243342e-08,0.4465356321898707,2.0,0.008325262122002734
24,2.0,0.25,charge_density_wave,160,0.8824013015009571,0.39959825965763335,0.8824013015009571,3.022786225320634e-161,1.0,,,,,,
24,2.0,0.25,left,160,1.1174331768556966e-13,90351450046899.28,,,1.0965064143720498,1.2252726460544085e-13,7.051795192779821e-14,1.2252726460544085e-13,0.5332013310297643,4.0,0.022592172300747823
24,2.0,0.25,right,160,2.3042357737761682e-18,3.416998356043321e+17,,,1.0039839367552381,2.31341570336805e-18,1.3314370306433617e-18,2.31341570336805e-18,0.5332013310297643,5.0,0.010078189257754347
24,2.0,0.25,center_block,160,4.6849542191088455e-09,282021841.0651006,,,1.056323149387796,4.948825595466699e-09,2.8481909439826136e-09,4.948825595466699e-09,0.5332013310297643,2.0,0.13022901071386406
32,2.0,-0.25,charge_density_wave,160,0.9336346949157039,0.5010462270980716,0.9336346949157039,5.713820435139076e-161,1.0,,,,,,
32,2.0,-0.25,left,160,7.305413705527798e-22,4.1740997558891405e+19,,,1.0402299381287912,7.5993100469064035e-22,5.127577823482932e-22,7.5993100469064035e-22,0.3836902649668619,6.0,0.013252175541057162
32,2.0,-0.25,right,160,2.9242699645865216e-21,1.8440243559348935e+21,,,1.0027594396191006,2.9323393109837476e-21,1.978574098058862e-21,2.9323393109837476e-21,0.3836902649668619,7.0,0.006258213754726007
32,2.0,-0.25,center_block,160,1.5312909796966442e-10,19870343260.646496,,,1.0209032188480334,1.5632998901652625e-10,1.0548249510530112e-10,1.5632998901652625e-10,0.3836902649668619,3.0,0.1480071819818
32,2.0,0.0,charge_density_wave,160,0.9123907826687049,0.44862382302198944,0.9123907826687049,6.821336445721298e-161,1.0,,,,,,
32,2.0,0.0,left,160,2.761292449137457e-20,3.243785249233536e+19,,,1.0559478183069202,2.9157807373740706e-20,1.8364543139386707e-20,2.9157807373740706e-20,0.44862382302198944,6.0,0.0003116612964138024
32,2.0,0.0,right,160,7.354497320792046e-23,1.3532133202592403e+22,,,1.0025214731854257,7.37304148857871e-23,4.643783284179117e-23,7.37304148857871e-23,0.44862382302198944,7.0,0.00014717908059622676
32,2.0,0.0,center_block,160,2.7844107075974223e-11,35437645207.296646,,,1.031268727404294,2.8714756869948832e-11,1.8085495404914722e-11,2.8714756869948832e-11,0.44862382302198944,3.0,0.0034807952907120626
32,2.0,0.25,charge_density_wave,160,0.8815184409074308,0.4016861592762205,0.8815184409074308,7.060231765715014e-161,1.0,,,,,,
32,2.0,0.25,left,160,9.786873465632298e-19,2.6555821725101617e+19,,,1.0833861138628589,1.0602962810798905e-18,6.086643543033712e-19,1.0602962810798905e-18,0.5356094339831051,6.0,0.013252175541057162
32,2.0,0.25,right,160,1.8026768774673888e-24,4.534200612965747e+23,,,1.0023698150121088,1.8069488881935926e-24,1.0372811806633873e-24,1.8069488881935926e-24,0.5356094339831051,7.0,0.006258213754726007
32,2.0,0.25,center_block,160,4.725953733747089e-12,393340427039.3922,,,1.047962238766667,4.9526210551252876e-12,2.843058068219312e-12,4.9526210551252876e-12,0.5356094339831051,3.0,0.1480071819818
40,1.6,0.0,charge_density_wave,160,0.8229849043923506,0.6902474628286679,0.8229849043923506,7.562379899487334e-161,1.0,,,,,,
40,1.6,0.0,left,160,2.905918040000787e-20,3.067979211763242e+19,,,1.0580408592061812,3.074580019825174e-20,1.4970192231070606e-20,3.074580019825174e-20,0.6902474628286679,8.0,0.01177321157040939
40,1.6,0.0,right,160,2.3496346374923136e-23,4.249844166098273e+22,,,1.0007622899547803,2.351425740373878e-23,1.1449139434818182e-23,2.351425740373878e-23,0.6902474628286679,9.0,0.009186204916893086
40,1.6,0.0,center_block,160,2.2051594238193882e-11,45032408824.534325,,,1.0271656820584667,2.265064083615097e-11,1.1028642783328785e-11,2.265064083615097e-11,0.6902474628286679,4.0,0.036553177748303
40,1.6,0.25,charge_density_wave,160,0.7689368342025001,0.6508702984540077,0.7689368342025001,4.62510552360864e-161,1.0,,,,,,
40,1.6,0.25,left,160,2.0047755265485213e-18,2.4762396182635446e+19,,,1.0956000819693918,2.1964322312167906e-18,9.221802229829604e-19,2.1964322312167906e-18,0.8314398902950448,8.0,1.0
40,1.6,0.25,right,160,2.204901147660876e-25,4.0309762124566753e+24,,,1.0005872142016585,2.206195896928036e-25,9.262795342636635e-26,2.206195896928036e-25,0.8314398902950448,9.0,1.0
40,1.6,0.25,center_block,160,2.2123572490625674e-12,1135343126970.7854,,,1.048802730635371,2.3203263239577782e-12,9.741976175769475e-13,2.3203263239577782e-12,0.8314398902950448,4.0,1.0
40,2.0,-0.25,charge_density_wave,160,0.9333542109851372,0.5020198061048171,0.9333542109851372,1.905179168486527e-161,1.0,,,,,,
40,2.0,-0.25,left,160,9.056830014514144e-28,1.3451258311693482e+25,,,1.0352793438649917,9.376349034922965e-28,6.320620783832579e-28,9.376349034922965e-28,0.3845878679823652,8.0,0.008426874879479787
40,2.0,-0.25,right,160,1.61957642829705e-26,6.520772764983426e+26,,,1.001891259465655,1.6226394675474185e-26,1.0938254010220413e-26,1.6226394675474185e-26,0.3845878679823652,9.0,0.0041175812477471825
40,2.0,-0.25,center_block,160,3.1238439517789694e-13,11041217128687.639,,,1.0252325313483868,3.2026664422197004e-13,2.1589256119819022e-13,3.2026664422197004e-13,0.3845878679823652,4.0,0.1768989701139787
40,2.0,0.0,charge_density_wave,160,0.9120540693772017,0.44961146136082086,0.9120540693772017,8.77352754273704e-161,1.0,,,,,,
40,2.0,0.0,left,160,8.866771330516964e-26,1.0236119041259522e+25,,,1.049107383666412,9.302195272127003e-26,5.852675201753963e-26,9.302195272127003e-26,0.44961146136082086,8.0,7.290675297209305e-05
40,2.0,0.0,right,160,1.5269755743104474e-28,6.528399433044014e+27,,,1.001640518012548,1.5294806052448244e-28,9.623054502739114e-29,1.5294806052448244e-28,0.44961146136082086,9.0,3.5624057929593776e-05
40,2.0,0.0,center_block,160,4.515715121028741e-14,21923135595999.594,,,1.02628405343916,4.634406418585883e-14,2.915835964245997e-14,4.634406418585883e-14,0.44961146136082086,4.0,0.0015304759711720901
40,2.0,0.25,charge_density_wave,160,0.8811006301030965,0.40267428441818437,0.8811006301030965,2.0181656201743906e-161,1.0,,,,,,
40,2.0,0.25,left,160,7.971281677656706e-24,8.331675179417247e+24,,,1.074513969223468,8.565253515257212e-24,4.910923075377646e-24,8.565253515257212e-24,0.5367478075810715,8.0,0.008426874879479787
40,2.0,0.25,right,160,1.392562518281788e-30,6.035248552815291e+29,,,1.0014833246102317,1.3946281405364415e-30,7.996157387205788e-31,1.3946281405364415e-30,0.5367478075810715,9.0,0.0041175812477471825
40,2.0,0.25,center_block,160,4.643670982509343e-15,581294130105175.6,,,1.0418227068484682,4.83788187271157e-15,2.773819325059056e-15,4.83788187271157e-15,0.5367478075810715,4.0,0.1768989701139787
48,2.0,-0.25,charge_density_wave,160,0.9331994565129358,0.5025553537548004,0.9331994565129358,8.574727987998305e-161,1.0,,,,,,
48,2.0,-0.25,left,160,1.0678636589758396e-33,4.533779796324698e+30,,,1.0314532963621525,1.1014514911159793e-33,7.421030058693505e-34,1.1014514911159793e-33,0.3850825623333414,10.0,0.005644389520075455
48,2.0,-0.25,right,160,8.935593192118022e-32,2.4219591282929413e+32,,,1.0013539857121077,8.947691857629355e-32,6.028507906791036e-32,8.947691857629355e-32,0.3850825623333414,11.0,0.0028216052238976695
48,2.0,-0.25,center_block,160,4.1161586075382155e-16,6324714513749660.0,,,1.0320512069405205,4.248086458868428e-16,2.8621484974567936e-16,4.248086458868428e-16,0.3850825623333414,5.0,0.21913663484956233
48,2.0,0.0,charge_density_wave,160,0.9118686384030025,0.45015490339397407,0.9118686384030025,6.825242404934676e-161,1.0,,,,,,
48,2.0,0.0,left,160,2.7067314369236176e-31,3.3859640084467957e+30,,,1.0440760251715304,2.8260333998700355e-31,1.777031696675781e-31,2.8260333998700355e-31,0.45015490339397407,10.0,1.7964854572516575e-05
48,2.0,0.0,right,160,3.150702040979038e-34,3.167119364483567e+33,,,1.0011140699992471,3.1542121435994593e-34,1.9833930333143514e-34,3.1542121435994593e-34,0.45015490339397407,11.0,8.980550921952862e-06
48,2.0,0.0,center_block,160,7.184578365773602e-17,1.3811574351362286e+16,,,1.022656798156838,7.347357907648919e-17,4.6200755763587297e-17,7.347357907648919e-17,0.45015490339397407,5.0,0.0006974638732109381
48,2.0,0.25,charge_density_wave,160,0.8808706947443052,0.4032181441022058,0.8808706947443052,6.056077277395058e-161,1.0,,,,,,
48,2.0,0.25,left,160,6.177339859395149e-29,2.7436228054056743e+30,,,1.068349514193105,6.59955803779051e-29,3.7813553817125923e-29,6.59955803779051e-29,0.537373953759669,10.0,0.005644389520075455
48,2.0,0.25,right,160,1.0672061410888237e-36,8.041384211225301e+35,,,1.0009676302455033,1.068238802029128e-36,6.120698567808062e-37,1.068238802029128e-36,0.537373953759669,11.0,0.0028216052238976695
48,2.0,0.25,center_block,160,4.47520178666906e-18,8.927054713375018e+17,,,1.0373916938472558,4.642537161780882e-18,2.6600391694378025e-18,4.642537161780882e-18,0.537373953759669,5.0,0.21913663484956233
56,2.0,0.0,charge_density_wave,160,0.9117558165223345,0.4504853914168049,0.9117558165223345,1.1701863376340761e-160,1.0,,,,,,
56,2.0,0.0,left,160,7.957208826654843e-37,1.1602461976370458e+36,,,1.0402970331970902,8.277860734898733e-37,5.203353110667064e-37,8.277860734898733e-37,0.4504853914168049,12.0,4.591037166556815e-06
56,2.0,0.0,right,160,6.476326717113544e-40,1.5417636614749277e+39,,,1.0007817575549947,6.481389634453261e-40,4.074115281221896e-40,6.481389634453261e-40,0.4504853914168049,13.0,2.332897076692552e-06
56,2.0,0.0,center_block,160,1.1272300826050658e-19,8.817925432685914e+18,,,1.020020513590738,1.1497978077937493e-19,7.227476024812548e-20,1.1497978077937493e-19,0.4504853914168049,6.0,0.000326433024115663
56,2.0,0.25,charge_density_wave,160,0.8807308600843782,0.4035489344006048,0.8807308600843782,1.1104571147645897e-160,1.0,,,,,,
56,2.0,0.25,left,160,4.621570903423785e-34,9.369558074537308e+35,,,1.0638970066087123,4.916875449982488e-34,2.8160825338481985e-34,4.916875449982488e-34,0.5377546261306677,12.0,0.003921015521181083
56,2.0,0.25,right,160,8.135376014828325e-43,1.071894852707169e+42,,,1.0006524471629579,8.140683917828796e-43,4.662480884004952e-43,8.140683917828796e-43,0.5377546261306677,13.0,0.0019924311904209176
56,2.0,0.25,center_block,160,4.252273317933027e-21,1.409249696172749e+21,,,1.0341919764715624,4.397666947170446e-21,2.5187119758448083e-21,4.397666947170446e-21,0.5377546261306677,6.0,0.27879298462389257
64,2.0,0.0,charge_density_wave,160,0.9116821222387469,0.45070119870373865,0.9116821222387469,1.1702809276690371e-160,1.0,,,,,,
64,2.0,0.0,left,160,2.27307779540383e-42,4.08466579611522e+41,,,1.0373853911614288,2.3580576979253602e-42,1.4819034052821772e-42,2.3580576979253602e-42,0.45070119870373865,14.0,1.205441549757388e-06
64,2.0,0.0,right,160,1.3279652614932072e-45,7.52214577637856e+44,,,1.000562714118827,1.328712526295161e-45,8.350192699229742e-46,1.328712526295161e-45,0.45070119870373865,15.0,6.201339463768767e-07
64,2.0,0.0,center_block,160,1.7506248016356946e-22,5.684965616902347e+21,,,1.0180835312131795,1.78228227987864e-22,1.1200617279424347e-22,1.78228227987864e-22,0.45070119870373865,7.0,0.0001559608509518909
64,2.0,0.25,charge_density_wave,160,0.880639552264522,0.4037649581750975,0.880639552264522,1.2115333645976874e-160,1.0,,,,,,
64,2.0,0.25,left,160,3.369335920214686e-39,3.290438329033043e+41,,,1.0605573997436333,3.573374142405709e-39,2.0460651284900614e-39,3.573374142405709e-39,0.5380031461481747,14.0,0.002798519849342754
64,2.0,0.25,right,160,6.1788057028097934e-49,1.4291048224451618e+48,,,1.0004517665181187,6.181597080348284e-49,3.5394978864322324e-49,6.181597080348284e-49,0.5380031461481747,15.0,0.0014396858632724494
64,2.0,0.25,center_block,160,3.998771560247691e-24,2.2709772775197987e+24,,,1.0318509855733018,4.12613637552407e-24,2.362569218030586e-24,4.12613637552407e-24,0.5380031461481747,7.0,0.36207440932917645
