family_key,kind,level,coefficients,predicted_time,training_sizes,actual_time,signed_error
L320_g0,left,0.3,"[0.5378674169071017, -3.0515856862067894]",169.06598772406576,"[128.0, 160.0, 192.0, 224.0, 256.0]",169.1558296084404,0.08984188437463558
L320_g0,left,0.1,"[0.5378883584775029, -2.628212387561757]",169.4960623252392,"[128.0, 160.0, 192.0, 224.0, 256.0]",169.5848883986473,0.08882607340811433
L320_g0,left,0.05,"[0.5379010153375565, -2.369519174098937]",169.75880573391916,"[128.0, 160.0, 192.0, 224.0, 256.0]",169.84702056646347,0.08821483254430973
L320_g0,left,0.01,"[0.5379298808239398, -1.7715476393699037]",170.3660142242908,"[128.0, 160.0, 192.0, 224.0, 256.0]",170.45283740758896,0.08682318329815075
L320_g0,right,0.3,"[0.5378521729819477, -2.444792582988745]",169.6679027712345,"[128.0, 160.0, 192.0, 224.0, 256.0]",169.75850361585617,0.09060084462166174
L320_g0,right,0.1,"[0.5378733344189822, -2.0214807772635996]",170.0979862368107,"[128.0, 160.0, 192.0, 224.0, 256.0]",170.1875577569008,0.08957152009008951
L320_g0,right,0.05,"[0.5378861196152862, -1.7628234553336566]",170.3607348215579,"[128.0, 160.0, 192.0, 224.0, 256.0]",170.44968527555466,0.08895045399674473
L320_g0,right,0.01,"[0.5379152669571339, -1.1649317622184605]",170.96795366406437,"[128.0, 160.0, 192.0, 224.0, 256.0]",171.0554959177971,0.08754225373272106
L320_g0,block1,0.3,"[0.4079838062636554, -2.6107070517539888]",127.94411095261574,"[128.0, 160.0, 192.0, 224.0, 256.0]",128.00478154420853,0.060670591592781875
L320_g0,block1,0.1,"[0.40800177866592996, -2.1862076020240737]",128.3743615710735,"[128.0, 160.0, 192.0, 224.0, 256.0]",128.43415647745132,0.05979490637781737
L320_g0,block1,0.05,"[0.40801261557266116, -1.9268242049217252]",128.63721277832985,"[128.0, 160.0, 192.0, 224.0, 256.0]",128.69648081064224,0.05926803231238864
L320_g0,block1,0.01,"[0.40803721545264116, -1.3272429442405376]",129.24466600060464,"[128.0, 160.0, 192.0, 224.0, 256.0]",129.30274707078934,0.05808107018469855
L320_g0,block3,0.3,"[0.4079941806755959, -1.6330471110343583]",128.92509070515632,"[128.0, 160.0, 192.0, 224.0, 256.0]",128.98526817560196,0.06017747044563748
L320_g0,block3,0.1,"[0.40801199859008175, -1.2085033392906]",129.35533620953558,"[128.0, 160.0, 192.0, 224.0, 256.0]",129.41464775800705,0.05931154847147013
L320_g0,block3,0.05,"[0.4080227410607038, -0.9490926051139373]",129.61818453431127,"[128.0, 160.0, 192.0, 224.0, 256.0]",129.6769751906395,0.05879065632822744
L320_g0,block3,0.01,"[0.408047133665532, -0.3494512152672169]",130.22563155770303,"[128.0, 160.0, 192.0, 224.0, 256.0]",130.28324764966965,0.05761609196662221
L320_g0p25,left,0.3,"[0.4951526794768868, -2.6278632664680237]",155.82099416613576,"[128.0, 160.0, 192.0, 224.0, 256.0]",155.8738780617714,0.052883895635631006
L320_g0p25,left,0.1,"[0.4951674865745006, -2.1978169322013508]",156.25577877163883,"[128.0, 160.0, 192.0, 224.0, 256.0]",156.3078882098198,0.05210943818096325
L320_g0p25,left,0.05,"[0.49517640957608794, -1.9350516724586038]",156.52139939188953,"[128.0, 160.0, 192.0, 224.0, 256.0]",156.57304233312607,0.0516429412365369
L320_g0p25,left,0.01,"[0.49519667556509367, -1.3276819491386351]",157.13525423169136,"[128.0, 160.0, 192.0, 224.0, 256.0]",157.18584221601486,0.05058798432349931
L320_g0p25,right,0.3,"[0.583140511345118, -3.024544732570632]",183.58041889786713,"[128.0, 160.0, 192.0, 224.0, 256.0]",183.71404749155045,0.13362859368331215
L320_g0p25,right,0.1,"[0.5831675956211981, -2.603982627391781]",184.00964797139162,"[128.0, 160.0, 192.0, 224.0, 256.0]",184.1420152783394,0.13236730694777066
L320_g0p25,right,0.05,"[0.5831839834339917, -2.347000677585601]",184.27187402129172,"[128.0, 160.0, 192.0, 224.0, 256.0]",184.40348106622696,0.13160704493523667
L320_g0p25,right,0.01,"[0.5832214459963141, -1.7529738640784733]",184.87788885474203,"[128.0, 160.0, 192.0, 224.0, 256.0]",185.00776368379593,0.1298748290539038
L320_g0p25,block1,0.3,"[0.3743980200774967, -2.3532433247565954]",117.45412310004235,"[128.0, 160.0, 192.0, 224.0, 256.0]",117.49814587831497,0.04402277827261969
L320_g0p25,block1,0.1,"[0.37441341316327437, -1.9235317301749868]",117.88876048207281,"[128.0, 160.0, 192.0, 224.0, 256.0]",117.9319948554039,0.043234373331088705
L320_g0p25,block1,0.05,"[0.3744226625747978, -1.6609614872932121]",118.15429053664208,"[128.0, 160.0, 192.0, 224.0, 256.0]",118.1970528960228,0.04276235938071693
L320_g0p25,block1,0.01,"[0.37444356394931666, -1.0540101885795226]",118.7679302752018,"[128.0, 160.0, 192.0, 224.0, 256.0]",118.80963426828384,0.04170399308203798
L320_g0p25,block3,0.3,"[0.4454719777218997, -1.9692494845390283]",140.58178338646889,"[128.0, 160.0, 192.0, 224.0, 256.0]",140.6614207625389,0.07963737607002486
L320_g0p25,block3,0.1,"[0.445492865052074, -1.5442218279838107]",141.01349498867987,"[128.0, 160.0, 192.0, 224.0, 256.0]",141.09214240312576,0.0786474144458964
L320_g0p25,block3,0.05,"[0.4455054899491368, -1.2845169568061405]",141.27723982691765,"[128.0, 160.0, 192.0, 224.0, 256.0]",141.3552911877632,0.07805136084556352
L320_g0p25,block3,0.01,"[0.4455342522822318, -0.6841993308066743]",141.8867613995075,"[128.0, 160.0, 192.0, 224.0, 256.0]",141.96346205472946,0.07670065522196978
L384_g0,left,0.3,"[0.5378674169071017, -3.0515856862067894]",203.4895024061203,"[128.0, 160.0, 192.0, 224.0, 256.0]",203.67662065029145,0.18711824417115963
L384_g0,left,0.1,"[0.5378883584775029, -2.628212387561757]",203.92091726779938,"[128.0, 160.0, 192.0, 224.0, 256.0]",204.1060340166092,0.18511674880980422
L384_g0,left,0.05,"[0.5379010153375565, -2.369519174098937]",204.18447071552276,"[128.0, 160.0, 192.0, 224.0, 256.0]",204.36838252544402,0.18391180992125555
L384_g0,left,0.01,"[0.5379298808239398, -1.7715476393699037]",204.79352659702298,"[128.0, 160.0, 192.0, 224.0, 256.0]",204.97469465732576,0.181168060302781
L384_g0,right,0.3,"[0.5378521729819477, -2.444792582988745]",204.09044184207914,"[128.0, 160.0, 192.0, 224.0, 256.0]",204.27904608249665,0.18860424041750434
L384_g0,right,0.1,"[0.5378733344189822, -2.0214807772635996]",204.52187963962558,"[128.0, 160.0, 192.0, 224.0, 256.0]",204.70845758914948,0.18657794952389395
L384_g0,right,0.05,"[0.5378861196152862, -1.7628234553336566]",204.78544647693624,"[128.0, 160.0, 192.0, 224.0, 256.0]",204.97080237865447,0.1853559017182249
L384_g0,right,0.01,"[0.5379152669571339, -1.1649317622184605]",205.39453074932095,"[128.0, 160.0, 192.0, 224.0, 256.0]",205.57711079120637,0.18258004188541577
L384_g0,block1,0.3,"[0.4079838062636554, -2.6107070517539888]",154.05507455348967,"[128.0, 160.0, 192.0, 224.0, 256.0]",154.18133203983308,0.1262574863434054
L384_g0,block1,0.1,"[0.40800177866592996, -2.1862076020240737]",154.48647540569303,"[128.0, 160.0, 192.0, 224.0, 256.0]",154.61100947856903,0.12453407287600271
L384_g0,block1,0.05,"[0.40801261557266116, -1.9268242049217252]",154.75002017498016,"[128.0, 160.0, 192.0, 224.0, 256.0]",154.87351791858674,0.12349774360657761
L384_g0,block1,0.01,"[0.40803721545264116, -1.3272429442405376]",155.35904778957365,"[128.0, 160.0, 192.0, 224.0, 256.0]",155.4802057027817,0.12115791320803737
L384_g0,block3,0.3,"[0.4079941806755959, -1.6330471110343583]",155.03671826839448,"[128.0, 160.0, 192.0, 224.0, 256.0]",155.16200029850006,0.1252820301055806
L384_g0,block3,0.1,"[0.40801199859008175, -1.2085033392906]",155.4681041193008,"[128.0, 160.0, 192.0, 224.0, 256.0]",155.59168145656585,0.12357733726506126
L384_g0,block3,0.05,"[0.4080227410607038, -0.9490926051139373]",155.7316399621963,"[128.0, 160.0, 192.0, 224.0, 256.0]",155.85419175624847,0.12255179405215699
L384_g0,block3,0.01,"[0.408047133665532, -0.3494512152672169]",156.3406481122971,"[128.0, 160.0, 192.0, 224.0, 256.0]",156.46088325977325,0.1202351474761656
L384_g0p25,left,0.3,"[0.4951526794768868, -2.6278632664680237]",187.51076565265652,"[128.0, 160.0, 192.0, 224.0, 256.0]",187.6192676782608,0.10850202560428102
L384_g0p25,left,0.1,"[0.4951674865745006, -2.1978169322013508]",187.94649791240687,"[128.0, 160.0, 192.0, 224.0, 256.0]",188.05348827838898,0.10699036598211364
L384_g0p25,left,0.05,"[0.49517640957608794, -1.9350516724586038]",188.21268960475916,"[128.0, 160.0, 192.0, 224.0, 256.0]",188.31877133846282,0.10608173370366103
L384_g0p25,left,0.01,"[0.49519667556509367, -1.3276819491386351]",188.82784146785735,"[128.0, 160.0, 192.0, 224.0, 256.0]",188.93186752796174,0.10402606010438831
L384_g0p25,right,0.3,"[0.583140511345118, -3.024544732570632]",220.9014116239547,"[128.0, 160.0, 192.0, 224.0, 256.0]",221.18174879550935,0.2803371715546632
L384_g0p25,right,0.1,"[0.5831675956211981, -2.603982627391781]",221.3323740911483,"[128.0, 160.0, 192.0, 224.0, 256.0]",221.61021373271942,0.27783964157111996
L384_g0p25,right,0.05,"[0.5831839834339917, -2.347000677585601]",221.5956489610672,"[128.0, 160.0, 192.0, 224.0, 256.0]",221.87198202610017,0.27633306503295785
L384_g0p25,right,0.01,"[0.5832214459963141, -1.7529738640784733]",222.20406139850613,"[128.0, 160.0, 192.0, 224.0, 256.0]",222.47695705890655,0.27289566040042246
L384_g0p25,block1,0.3,"[0.3743980200774967, -2.3532433247565954]",141.41559638500212,"[128.0, 160.0, 192.0, 224.0, 256.0]",141.50635993480682,0.09076354980470569
L384_g0p25,block1,0.1,"[0.37441341316327437, -1.9235317301749868]",141.85121892452236,"[128.0, 160.0, 192.0, 224.0, 256.0]",141.94044291973114,0.08922399520878344
L384_g0p25,block1,0.05,"[0.3744226625747978, -1.6609614872932121]",142.11734094142915,"[128.0, 160.0, 192.0, 224.0, 256.0]",142.2056404352188,0.08829949378966262
L384_g0p25,block1,0.01,"[0.37444356394931666, -1.0540101885795226]",142.73231836795807,"[128.0, 160.0, 192.0, 224.0, 256.0]",142.81854321956635,0.08622485160827864
L384_g0p25,block3,0.3,"[0.4454719777218997, -1.9692494845390283]",169.09198996067045,"[128.0, 160.0, 192.0, 224.0, 256.0]",169.2589000940323,0.16691013336185279
L384_g0p25,block3,0.1,"[0.445492865052074, -1.5442218279838107]",169.52503835201261,"[128.0, 160.0, 192.0, 224.0, 256.0]",169.68999831676484,0.16495996475222796
L384_g0p25,block3,0.05,"[0.4455054899491368, -1.2845169568061405]",169.7895911836624,"[128.0, 160.0, 192.0, 224.0, 256.0]",169.95337336063386,0.16378217697146624
L384_g0p25,block3,0.01,"[0.4455342522822318, -0.6841993308066743]",170.40095354557033,"[128.0, 160.0, 192.0, 224.0, 256.0]",170.56206400394439,0.16111045837405413
