family_key,length,skin,role,initial,t05,width_90_to_10,width_30_to_01,uniform_width_upper,relative_width_90_to_10,relative_width_30_to_01
L128_g0,128,0,development,left,66.50067572593689,1.1280925750732393,1.2872637748718319,1.4656994320360752,0.016963625749042664,0.019357153304380148
L128_g0,128,0,development,right,67.10565571784973,1.1279921531677246,1.2871534347534208,1.4656994320360752,0.016809196499180994,0.01918099780092075
L128_g0p25,128,0.25,development,left,61.45906090736389,1.1438488960266113,1.3052058219909668,2.5197211219337543,0.018611558314415407,0.021236995859052896
L128_g0p25,128,0.25,development,right,72.328120470047,1.1225656509399329,1.280989265441903,2.5197211219337543,0.015520459312983492,0.017710805384088403
L160_g0,160,0,development,left,83.68322962522507,1.1310497522354126,1.2905361652374268,1.4656994320360752,0.013515847288648077,0.015421682110227899
L160_g0,160,0,development,right,84.28741616010666,1.1309877634048462,1.2904695272445679,1.4656994320360752,0.01341822795061719,0.015310346265607188
L160_g0p25,160,0.25,development,left,77.28606289625168,1.146052598953247,1.3076233863830566,2.5197211219337543,0.014828709808800855,0.016919265096197254
L160_g0p25,160,0.25,development,right,90.94590765237808,1.1262905597686768,1.2851322889328003,2.5197211219337543,0.012384180760212866,0.014130732455218904
L192_g0,192,0,development,left,100.89013831615448,1.1329989910125846,1.2927051544189396,1.4656994320360752,0.011230027135676644,0.01281299813831212
L192_g0,192,0,development,right,101.49380786418915,1.132956218719471,1.2926605224609347,1.4656994320360752,0.011162811235100194,0.012736348646911238
L192_g0p25,192,0.25,development,left,93.12833211421966,1.1474374294281091,1.3091557502746696,2.5197211219337543,0.012321034892161546,0.01405754533077025
L192_g0p25,192,0.25,development,right,109.59885985851288,1.1288035869598474,1.2879388332366943,2.5197211219337543,0.010299409942923506,0.011751388973383159
L224_g0,224,0,new_size,left,118.11376438736916,1.134379017353055,1.294248831272128,1.4656994320360752,0.009604122121048605,0.010957646113347754
L224_g0,224,0,new_size,right,118.71706975102424,1.1343486428260832,1.294215202331543,1.4656994320360752,0.009555059312069118,0.010901677450814752
L224_g0p25,224,0.25,new_size,left,108.98064205050468,1.148380589485157,1.3102019667625342,2.5197211219337543,0.01053747315007527,0.01202233664723089
L224_g0p25,224,0.25,new_size,right,128.27644216418267,1.1306180000305233,1.289972531795513,2.5197211219337543,0.008813917668401113,0.010056192002460286
L256_g0,256,0,new_size,left,135.3495707988739,1.135407257080061,1.2954016685486067,1.4656994320360752,0.008388702308980705,0.009570785196456525
L256_g0,256,0,new_size,right,135.95260806083678,1.13538494110108,1.295375633239729,1.4656994320360752,0.008351328873316001,0.00952814110531861
L256_g0p25,256,0.25,new_size,left,124.8399968624115,1.1490571975708121,1.3109559059143123,2.5197211219337543,0.009204239237823833,0.010501088904697278
L256_g0p25,256,0.25,new_size,right,146.97229056358339,1.131991672515852,1.2915186882019043,2.5197211219337543,0.007702075460449656,0.008787497855884374
