length,initial,skin,log_delta,log_ratio_to_zero,log_ratio_lower,log_ratio_upper,finite_response_passed
224,left,-0.25,-380.09768777169484,-26.853086297211064,,,
224,left,0.0,-353.2446014744838,0.0,,,
224,left,0.008928571428571428,-352.2931890146913,0.9514124597924933,,,
224,left,0.017857142857142856,-351.34237328011034,1.9022281943734356,,,
224,left,0.25,-326.8559776886485,26.38862378583525,,,
224,right,-0.25,-337.85835302444923,27.524207615231944,27.506347031625005,27.75,True
224,right,0.0,-365.3825606396812,0.0,0.0,0.0,True
224,right,0.008928571428571428,-366.3680211325518,-0.9854604928706294,-0.9910714285714285,-0.985189213138375,True
224,right,0.017857142857142856,-367.35360695591083,-1.9710463162296605,-1.982142857142857,-1.970516026253814,True
224,right,0.25,-393.01384358503935,-27.63128294535818,-27.75,-27.626759486382266,True
256,left,-0.25,-435.66415975730473,-30.769633782352003,,,
256,left,0.0,-404.8945259749527,0.0,,,
256,left,0.0078125,-403.94051175454376,0.9540142204089648,,,
256,left,0.015625,-402.9870189431694,1.9075070317833251,,,
256,left,0.25,-374.65578637200946,30.23873960294327,,,
256,right,-0.25,-386.27711555810174,31.51896107486766,31.506347031625005,31.75,True
256,right,0.0,-417.7960766329694,0.0,0.0,0.0,True
256,right,0.0078125,-418.78326998529377,-0.9871933523243683,-0.9921875,-0.9870329531997668,True
256,right,0.015625,-419.7705624449203,-1.974485811950899,-1.984375,-1.9741716432319896,True
256,right,0.25,-449.4258328921889,-31.629756259219505,-31.75,-31.626759486382266,True
320,left,-0.25,-546.8804733503902,-38.62096950680399,,,
320,left,0.0,-508.2595038435862,0.0,,,
320,left,0.00625,-507.30136764777853,0.95813619580764,,,
320,left,0.0125,-506.34364769715046,1.915856146435715,,,
320,left,0.25,-470.3024203469752,37.95708349661095,,,
320,right,-0.25,-483.11057307796403,39.51270524705643,39.506347031625005,39.75,True
320,right,0.0,-522.6232783250205,0.0,0.0,0.0,True
320,right,0.00625,-523.6129559614004,-0.9896776363799518,-0.99375,-0.9896178160749155,True
320,right,0.0125,-524.6026995007803,-1.9794211757598532,-1.9875,-1.979303652690991,True
320,right,0.25,-562.2513913684454,-39.628113043424946,-39.75,-39.62675948638227,True
384,left,-0.25,-658.1758519040038,-46.490708784712524,,,
384,left,0.0,-611.6851431192913,0.0,,,
384,left,0.005208333333333333,-610.7238525760251,0.9612905432661591,,,
384,left,0.010416666666666666,-609.7629083705025,1.92223474878881,,,
384,left,0.25,-565.9915180732985,45.6936250459928,,,
384,right,-0.25,-579.940962664712,47.50958667335624,47.506347031625005,47.75,True
384,right,0.0,-627.4505493380682,0.0,0.0,0.0,True
384,right,0.005208333333333333,-628.4419165206813,-0.9913671826130894,-0.9947916666666666,-0.9913434183526295,True
384,right,0.010416666666666666,-629.4333303648115,-1.9827810267432824,-1.9895833333333333,-1.982734235819291,True
384,right,0.25,-675.0779387652112,-47.627389427143044,-47.75,-47.62675948638227,True
512,left,-0.25,-880.9196515204442,-62.26862781942248,,,
512,left,0.0,-818.6510237010217,0.0,,,
512,left,0.00390625,-817.6851455541938,0.9658781468278903,,,
512,left,0.0078125,-816.7195266152876,1.9314970857341223,,,
512,left,0.25,-757.4465396590896,61.20448404193212,,,
512,right,-0.25,-773.5979190730774,63.50720870826876,63.506347031625005,63.75,True
512,right,0.0,-837.1051277813461,0.0,0.0,0.0,True
512,right,0.00390625,-838.0986351303,-0.9935073489538127,-0.99609375,-0.9935030880844232,True
512,right,0.0078125,-839.0921691498594,-1.9870413685132462,-1.9921875,-1.9870329531997668,True
512,right,0.25,-900.7320328493255,-63.62690506797935,-63.75,-63.62675948638227,True
