case_id,family_key,length,skin,initial,level,duration,distance_to_G,cdw_distance_mp,direct_memory,entropy,gain_entropy,absolute_entropy_error,actual_slope,theoretical_slope_upper,root_side_correct,slope_bound_passed,precision_change_mp
L224_g0_block_cell14_d0p05_o0p08,L224_g0,224,0,block_cell14,0.05,89.5436058151722,0.04042859140292309,0.0000000000000000000000000000000000000000000000000000000000000000000000000000000000000000000000000000000375671578449807226065750547412102108876564695330100009415174317083555814365458890819706041450269738523290807957572513168855365562877418151271967763176678505548014771248944098605144924782171504083090086946241551645705600531913607709315118868820360233630296557439044391846608897255433492406906901503194142806095584434538513925110511263088745936437982309567097109,0.04042859140292309,0.26706631702032024,0.25494570375163744,0.0121206132686828,-0.10742427902234736,-0.10188976502802806,True,True,1.0488684547391e-193
L224_g0_block_cell14_d0p05_om0p08,L224_g0,224,0,block_cell14,0.05,89.3836058151722,0.06182336873124324,0.0000000000000000000000000000000000000000000000000000000000000000000000000000000000000000000000000000000573686341361019223877233598137653806305953322074962906049795077970798965075709490239680442627981296187415481948088943503909074984283601111853960933901768715077704829144575717610339023151333790290739818170011395756729374826044905308282639504173007622772925584038002860556716435358926365521144798487143317490048369882658369785371279908970707319392292882707305639,0.06182336873124324,0.2800381109216421,0.25494570375163744,0.02509240717000466,-0.16391560330240387,-0.15149962329922878,True,True,1.00904138842115e-193
L224_g0_block_cell14_d0p1_o0p08,L224_g0,224,0,block_cell14,0.1,89.28175678133964,0.08096225692113544,0.0000000000000000000000000000000000000000000000000000000000000000000000000000000000000000000000000000000751131039390907769884385158873396422221003488403371725216557379430100539633730155508147856266816551352602011008491093937203070384757744201177406451114801267742116214338946553270132144439466142860368505676390046716002159891649644560664503545618342752130459043086168525865950758470117342044260244209037504176564324734761454148863770682915065518750327904260663389,0.08096225692113544,0.2944340462027357,0.25494570375163744,0.03948834245109828,-0.21407273932419127,-0.19320179592025896,True,True,4.97763132543812e-194
L224_g0_block_cell14_d0p1_om0p08,L224_g0,224,0,block_cell14,0.1,89.12175678133964,0.12340234625942718,0.000000000000000000000000000000000000000000000000000000000000000000000000000000000000000000000000000000114704875904910397979165001613024516011228118527396528903925997402800663206167790588790167682719738363081480726680454032646630339790646242939966953822755964881943407972617817262404399984700069696246410354910838399931196078839504857929088086022998553740326880278978905264709759729356853199848601727448200946095988874488120850471438784553769568076920418223660936,0.12340234625942718,0.33378112967464235,0.25494570375163744,0.07883542592300491,-0.3234450165563024,-0.2761848166302941,True,True,2.25434701375846e-194
L224_g0_block_cell14_d0p3_o0p08,L224_g0,224,0,block_cell14,0.3,88.85316895127296,0.24633743461304927,0.000000000000000000000000000000000000000000000000000000000000000000000000000000000000000000000000000000233471152856031933120335149287296984940015829164955974295785351432394760797698516896257961361840359370203620487890927186672348626012671992236400557681462365656615212668117265776986934282521755248028642974972363459822456643182802267607792850310477226554698664290279985208483719927591807131164695926194349919210616591703251258924913707384465626024672708610965516,0.24633743461304927,0.483786026614511,0.25494570375163744,0.22884032286287354,-0.6158790878306724,-0.4357616813346497,True,True,3.54412060854232e-194
L224_g0_block_cell14_d0p3_om0p08,L224_g0,224,0,block_cell14,0.3,88.69316895127297,0.3626282693091268,0.000000000000000000000000000000000000000000000000000000000000000000000000000000000000000000000000000000356532724801825955152905884202612674317944476552172450128850695383519990725740710260152545711952471631851722975943199774779507019212466771448727043680608782000147143311005929406623453126675546949801016163646970815334112327328066516633544354298421139351551408316222432354653683617630653131418569981665540467161662805333152160348512006008442724389729738117799135,0.3626282693091268,0.6441725430516029,0.25494570375163744,0.38922683929996543,-0.8382835274201522,-0.46561479486972446,True,True,3.91016436147648e-194
L224_g0_block_cell42_d0p05_o0p08,L224_g0,224,0,block_cell42,0.05,90.5236399281025,0.04042881455171745,0.00000000000000000000000000000000000000000000000000000000000000000000000000000000000000000000000000000000280924000397722427343891319353523478232889809060689726555817355085941536040396375098603971751013096141926529792506081860286125469123887321672026967704998122862646608113774927603346250064178536205316436678515176458195342205326516336977267955934381724665093937639499864133170738722050012927877228722118224750210744917845289839649742708722717221680286216578897337,0.04042881455171745,0.2670664327633999,0.25494570375163744,0.012120729011762477,-0.10742258060176119,-0.10189029848810109,True,True,4.406883086389e-193
L224_g0_block_cell42_d0p05_om0p08,L224_g0,224,0,block_cell42,0.05,90.3636399281025,0.061823149061880495,0.00000000000000000000000000000000000000000000000000000000000000000000000000000000000000000000000000000000428997750252228558635399902059284433938699169857353652450146351096199417295487349325651274229800909167232797769530980289551828835802205763023635324771211901756672647407460325299261651146253245352276403263758547809538598266220542552265186989942850004479874835845524720244452850791136791951847334602626461540978271973380612307980299653970947842036562940490328123,0.061823149061880495,0.2800379598184622,0.25494570375163744,0.025092256066824747,-0.16391151662790412,-0.15149912994502204,True,True,3.86480025767698e-192
L224_g0_block_cell42_d0p1_o0p08,L224_g0,224,0,block_cell42,0.1,90.26178547024726,0.08096266378370333,0.00000000000000000000000000000000000000000000000000000000000000000000000000000000000000000000000000000000561697442679142021526495347218199939521484733719513187714127333606049209072603254071693961399363482471852253102979326858109450097790348232864569428316788767705935331252072292889227025753621706088816796232526322596799634920241539566731773942427737775677016472953803677423632873222563629693382843181145206004924181542995121751566267950059195601806151606956238789,0.08096266378370333,0.2944343769875884,0.25494570375163744,0.039488673235950955,-0.21406920574348404,-0.19320265486432864,True,True,3.84567877507948e-192
L224_g0_block_cell42_d0p1_om0p08,L224_g0,224,0,block_cell42,0.1,90.10178547024726,0.12340184767866806,0.00000000000000000000000000000000000000000000000000000000000000000000000000000000000000000000000000000000857765583896817023116486650564069901821063728716984637803179633234330606984722632855269884226554128764649584648604624430891930134631542664557306470392996772607680150417160229146972080737073590405483710827065128474920790749094124592758663020670756785944602580131599443930392333851432154358623818432012530950953685154293872652781155327467894786122199753070548998,0.12340184767866806,0.3337806166335504,0.25494570375163744,0.07883491288191297,-0.3234367766105239,-0.27618392127412106,True,True,2.55813411046591e-192
L224_g0_block_cell42_d0p3_o0p08,L224_g0,224,0,block_cell42,0.3,89.83318787693977,0.2463389184378607,0.0000000000000000000000000000000000000000000000000000000000000000000000000000000000000000000000000000000174594751832381065638277237215572946522140347229481839935235523307557058922689848295101226589974844580301686557679434957053494936238190703944937601884253849092520747904753912701254256353322823662416877021099987605052505007906267676274480543573257355335907239647964930631011433774262807145624574880478876515563816550702592879156190895182022238095396315912813674,0.2463389184378607,0.48378802929241066,0.25494570375163744,0.22884232554077322,-0.6158689411909555,-0.4357628355842256,True,True,7.75961905459722e-193
L224_g0_block_cell42_d0p3_om0p08,L224_g0,224,0,block_cell42,0.3,89.67318787693978,0.36262736925138517,0.0000000000000000000000000000000000000000000000000000000000000000000000000000000000000000000000000000000266622843316675579740606529083708335960036445644324162210606302989103907155866257030423999396385916744178729571414222905933511839637519634460525844669372372085011445471682773529020067358568974167387076557722357397862157245714234532018108696822288737319371456099443299228349210376621916184443759584473502035174729410348630649107511570515855848215651952201752286,0.36262736925138517,0.6441713107233328,0.25494570375163744,0.38922560697169534,-0.8382637881608929,-0.4656150398262778,True,True,5.67471087456698e-193
L224_g0_left_d0p05_o0p08,L224_g0,224,0,left,0.05,118.19376438736916,0.040419477787532666,4.47806059360545321577434935683202840582655703093470819636005589194454792226770790128554490298185891360430586299777283449907550616737186853187016841798818245153998238505745003588372839705229918262990775090605176285642696046444340704757578191767776852256570558987226127363637540862343555048607430929942300894192193678629298845213199126654597757169553064357669002e-137,0.040419477787532666,0.2670615902758404,0.25494570375163744,0.012115886524202979,-0.10751365002113071,-0.1018679777146662,True,True,2.53557885916979e-146
L224_g0_left_d0p05_om0p08,L224_g0,224,0,left,0.05,118.03376438736916,0.06183716531998771,6.83842575725143916119490197186059031515068290265863086731845557060958478175278351303163631284244004005002493703899500932839264946630633014326529376725083220967147627408137724850979719305355554025215874313756484093376615893080797422943138463387802751761096790481800274149044087884645070732413262234661041935659153177235603380867195741020779557195372256340035006e-137,0.06183716531998771,0.28004760165606707,0.25494570375163744,0.025101897904429626,-0.16412498793589633,-0.15153060831321788,True,True,4.75717891754366e-146
L224_g0_left_d0p1_o0p08,L224_g0,224,0,left,0.1,117.93219089388847,0.08094423660660204,8.94706709539779760039438353689657035081890669426740303993243150884643431868151547863989943689813898671638241684813987187496208427144382934999257055840641313307122207490711064933807004253000948563127631389225676352713499404112643458688674121599710850671620136652225766003935373412160569277539216285425391571225235298282992547996566405861204801975266256056994622e-137,0.08094423660660204,0.2944193962018782,0.25494570375163744,0.03947369245024074,-0.2142515043278738,-0.19316375131343366,True,True,1.45987519436655e-145
L224_g0_left_d0p1_om0p08,L224_g0,224,0,left,0.1,117.77219089388848,0.12342968268321158,1.36630250524953486060435659632882168755558065452840043588979710042843444626396518997423805462056679225941707965859183843179851294521595355766891087919720893201354740296217909211512597956377406418839239780939679906080382157749892939893345013774635359782025908133680891145701553745600243007888704548363537344117133631752518654956626760969245693568976561292283214e-136,0.12342968268321158,0.33380925997041866,0.25494570375163744,0.07886355621878122,-0.323855352415603,-0.27623390472304754,True,True,8.24053025584724e-146
L224_g0_left_d0p3_o0p08,L224_g0,224,0,left,0.3,117.50405325770377,0.24628606491565566,2.77767139678758839987490264809105213122984816901701323331889897484331561863791499200815930783667774150179491467640289589820837182650558703280911618976182608668058260214864225326032880929834206814317842100867985477842630066990311668949077732669612069690674085409335301233929944037967205447378125672227726149548849463587559389208002934241384782781743544545988549e-136,0.24628606491565566,0.48371669402098283,0.25494570375163744,0.2287709902693454,-0.616414820470282,-0.43572170955011985,True,True,1.83508727241294e-146
L224_g0_left_d0p3_om0p08,L224_g0,224,0,left,0.3,117.34405325770378,0.36269931777015746,4.24176922753044389285010238439988468542269898607487302243028570370163941289815814308941766885127837082481652367005933522527249121042913284177507420676490717617614169375587847668512212194735233098742116807223541348733293645774865632448761054934693032732242052725509442321588471489709728646480960993003892999561329775952158718357457018561273923480683015428714863e-136,0.36269931777015746,0.6442698115681772,0.25494570375163744,0.38932410781653976,-0.8392786768985749,-0.4655954351387699,True,True,2.65035634967441e-146
L224_g0_right_d0p05_o0p08,L224_g0,224,0,right,0.05,118.79706975102424,0.040419299377675855,9.07388818135926954397765974268067612430063615743775493838883552574545294671834710584521559982152983657594990545730475848119150402808640408287171674107483381067505615999446981837456612628816231493731449962495614308929298611037503061366219734652765510642978028299715232551060735040987868253112677046671066546913834932615084502706584900254651768040956868674304491e-138,0.040419299377675855,0.26706149775227284,0.25494570375163744,0.012115794000635394,-0.10751597839802311,-0.10186755119662247,True,True,1.29602605789631e-146
L224_g0_right_d0p05_om0p08,L224_g0,224,0,right,0.05,118.63706975102424,0.06183757859012352,1.38566929501655065359818635892085294677993805659569009045326007472882486441845669616498610981702528401464717835368583347685415233573727263279466761353504306807516768753441568181223872175868957607803268734701499353479553763160807013073918857042961578431997896416742928475743388488744849310144106402809600046812732390641746870200302142310016465373710609215646099e-137,0.06183757859012352,0.28004788596990876,0.25494570375163744,0.02510218221827132,-0.16413037024252883,-0.15153153643401251,True,True,1.34135562283855e-146
L224_g0_right_d0p1_o0p08,L224_g0,224,0,right,0.1,118.5355038511753,0.08094371917456773,1.81290657957126071234240482571696703511032321105006482449297635146893064843851428878619941889087414311430549546513467073889793581005622906373341146682349904515940338997759124159195672195557459457846353469116867808189542155464521332832806188189157633688932175435347649766691659267757319832305155535963089513323957131665525311368591305083441940215210289739624316e-137,0.08094371917456773,0.2944189755775146,0.25494570375163744,0.039473271825877176,-0.21425577229331072,-0.19316265887314105,True,True,1.15107566845323e-147
L224_g0_right_d0p1_om0p08,L224_g0,224,0,right,0.1,118.37550385117531,0.12343026239948666,2.76848130794245396882197665599850011833647845417190888823920945858000950905708204233482205830247410569849613399131281435291012651636376852461878568643258505497436777630185413420817316900851114062783946124104784661455814861869188313552379281535703985251753820522072300078665913429498635738421456063837305972191498207316138239048246118213370465625971552204479162e-137,0.12343026239948666,0.33380985656400053,0.25494570375163744,0.07886415281236309,-0.32386535530954913,-0.2762349456590225,True,True,2.90190475503499e-146
L224_g0_right_d0p3_o0p08,L224_g0,224,0,right,0.3,118.10737706303597,0.246284848874514,5.62811718494835821313442445885633003433666543765975539353376713451505457737991587071630789911973984250358017766649317496512122574969010699261398659940533666425358243095553719262210435756127387823547552918752080995246105662055672423302851600771639078638543377767037099602004947132537498133493069138935033046690006684971521766387417180001414707150741594163675551e-137,0.246284848874514,0.4837150528272737,0.25494570375163744,0.22876934907563623,-0.6164285140081707,-0.435720763043756,True,True,3.01788533052582e-146
L224_g0_right_d0p3_om0p08,L224_g0,224,0,right,0.3,117.94737706303597,0.3627012298719982,8.59467189375225205825017607174515029840196019420719116303913910925306539937934790087194129818425027559656694625740238057937683875622952485180035037753828469933116968183203414697725267494420657118247015596218106689173561349732577571072375597793520061923635368207208605139340665537842170099555988735483901413457160821505749444709326144910598677305474831724637163e-137,0.3627012298719982,0.64427242934602,0.25494570375163744,0.3893267255943826,-0.8393041054268812,-0.4655949134777788,True,True,9.52160412440231e-147
L224_g0p25_block_cell14_d0p05_o0p08,L224_g0p25,224,0.25,block_cell14,0.05,82.28654661059379,0.04052047599601552,0.0000000000000000000000000000000000000000000000000000000000000000000000000000000000000000000000518368505632054389410992818608941883691592629035408701532904992607961487875493560007418702451908007305214379177576694714608036639242958543839969443400517011385208217024773296023082318206376211581212141666874219335448966325655964098397089243563040024510147717018664544780583742582820687808386848846951471261599528536131202597666969627034176731050940053940761597,0.04052047599601552,0.1929564704130471,0.1807881606881332,0.012168309724913895,-0.10651780553312899,-0.06353347789827063,True,True,4.43584987448304e-197
L224_g0p25_block_cell14_d0p05_om0p08,L224_g0p25,224,0.25,block_cell14,0.05,82.12654661059379,0.06168347494461406,0.0000000000000000000000000000000000000000000000000000000000000000000000000000000000000000000000788598886596828549701858103927166405798320065355370006117823155853949503841290539612535037389628781168251949285918524931157688723132737652441078725543466324711637656422476953018610907716163686862286376273695131122658162249480731880911932181550151052010903353017879066441228885671130206836987904448976976510996966342293329664781453917704001542117112395038667613,0.06168347494461406,0.20578441055555513,0.1807881606881332,0.024996249867421938,-0.1618007698454552,-0.09250724949198354,True,True,7.33878065473088e-197
L224_g0p25_block_cell14_d0p1_o0p08,L224_g0p25,224,0.25,block_cell14,0.1,82.02187057614326,0.08114540322034834,0.000000000000000000000000000000000000000000000000000000000000000000000000000000000000000000000103768960129472746976997636226068976819449522605180137853279747553101094651295728627384902680980716815310431083544810618494555684705083997505970920436157621929925094858043316893678789667021870356564191586659990035026719463220554212873027652958309782175536831222384953217518299997998127209274279005973583677603534512759543074548029899017030854984858536883750227,0.08114540322034834,0.22042550624353277,0.1807881606881332,0.03963734555539958,-0.2122589909343064,-0.1165125670498648,True,True,6.46710146156714e-197
L224_g0p25_block_cell14_d0p1_om0p08,L224_g0p25,224,0.25,block_cell14,0.1,81.86187057614326,0.12312627785691686,0.000000000000000000000000000000000000000000000000000000000000000000000000000000000000000000000157864682172310293780612859789811135260802981344543405998174095852110266768834844211707938634532925781057997178336273224951319020561832897778312835452193051847341487615668054558317501245234685220802526122720295197969435025043924826122343108729004293509669560745118816053342932557740311964592878060603088180767188010340808918761124128353461488680683229041657968,0.12312627785691686,0.25933967933161356,0.1807881606881332,0.07855151864348037,-0.3192961851521593,-0.1594221677251474,True,True,2.19006818129515e-197
L224_g0p25_block_cell14_d0p3_o0p08,L224_g0p25,224,0.25,block_cell14,0.3,81.58865496993064,0.24686428575563948,0.000000000000000000000000000000000000000000000000000000000000000000000000000000000000000000000323176004591749282711710825001580546567773490035878240773692052570075537755902900358899293936405197447764017969184105606276028503175822256398669939851620579990887484513605923945357832996062350228172349961962867180311696524971247292711181642747999017772478555437352379696078671407160526831022525875219709180457223726320905382999840949726580045921051560675824502,0.24686428575563948,0.41033974527406275,0.1807881606881332,0.22955158458592956,-0.6104336472167935,-0.21199275884662044,True,True,5.63076163696553e-197
L224_g0p25_block_cell14_d0p3_om0p08,L224_g0p25,224,0.25,block_cell14,0.3,81.42865496993065,0.36191222185777827,0.000000000000000000000000000000000000000000000000000000000000000000000000000000000000000000000491650586365858764071520353203578279182946755768114150074431882900192268717783761453569477835236219969901859270969478156853919465351346543077822838829260894817885841276375928029943835420781311071661834939093940361232790749128228080184257128244706518669323956911672956325609751406104014762453412235519785122163734007776220359247350602846619736132840232466511349,0.36191222185777827,0.5690344582282135,0.1807881606881332,0.38824629754008033,-0.8281837943233281,-0.15902936711363974,True,True,2.36049956186372e-196
L224_g0p25_block_cell42_d0p05_o0p08,L224_g0p25,224,0.25,block_cell42,0.05,98.58291425585746,0.04045236553551244,0.0000000000000000000000000000000000000000000000000000000000000000000000000000000000000000000000000000000000000000142968027795182347371084420133988524738624534588624900241030837230760894035150291009608022124450468930644674282305706204048663139622598941073215973377241792039576885544939122802530202305900324014010680700503836215807217630070728701381123959343198062943338834026114273466092859308638230598856050039950565268295636444682656151573436592615218384707444810066923963,0.04045236553551244,0.1929211076447805,0.1807881606881332,0.012132946956647295,-0.1071896172714518,-0.06343548123038138,True,True,8.40995677253043e-181
L224_g0p25_block_cell42_d0p05_om0p08,L224_g0p25,224,0.25,block_cell42,0.05,98.42291425585746,0.06178703326496598,0.0000000000000000000000000000000000000000000000000000000000000000000000000000000000000000000000000000000000000000217499831499443386673069191261933161624561257064486714568200408563054686750732225257366554935937663467066829892044754682615699341610898325911604483827697393813592229743406265063092155289432194675075125493233668269585832495162123040961974117461010769626923579179537106933984131862260984454932777338256775330053742434274184770769162808774703902883260025019417772,0.06178703326496598,0.20585557870489943,0.1807881606881332,0.025067418016766235,-0.16336649454348193,-0.09264173246125161,True,True,3.70235475768607e-180
L224_g0p25_block_cell42_d0p1_o0p08,L224_g0p25,224,0.25,block_cell42,0.1,98.32033840298652,0.08100961084490164,0.00000000000000000000000000000000000000000000000000000000000000000000000000000000000000000000000000000000000000002846295492072595846961801191460696578827739094605691186592531199127617055668349830640802333074837494515597532794478397787839351396499912552297193183094325456625253303662423417840961315200617353764201738268768941072678563249315322012371510515237859257403569558927590247502313115980812023884201030424219436917731931104031647144289989398606263974408395060233104,0.08100961084490164,0.22031500932597373,0.1807881606881332,0.039526848637840534,-0.21360342294516146,-0.11635397213495395,True,True,2.7177226747848e-181
L224_g0p25_block_cell42_d0p1_om0p08,L224_g0p25,224,0.25,block_cell42,0.1,98.16033840298653,0.12333066715271321,0.0000000000000000000000000000000000000000000000000000000000000000000000000000000000000000000000000000000000000000433012009670266824438054153792319188330386528340195179697060837118525351877119161699586798813918755817207297032484462519752906930526489051635010692734110011503700054742772357259312087026582154999481450006150659029541125724109003223717125043546098409031870358227956178836153060190966237823283372742779652758690036262166151825821813919435753518688510071509727659,0.12333066715271321,0.25954983989785524,0.1807881606881332,0.07876167920972205,-0.3223683816019465,-0.15960084328610147,True,True,1.9146938274333e-180
L224_g0p25_block_cell42_d0p3_o0p08,L224_g0p25,224,0.25,block_cell42,0.3,97.89056054234504,0.2464741608703765,0.0000000000000000000000000000000000000000000000000000000000000000000000000000000000000000000000000000000000000000878502642908660780236186211792054978845219418859508942459332082334084379556853493530753527212204596805073849637555417131647942360518040570991428222479966466593493541759004102803572371220154684352112825849174174443606756481339246213673885942025784645802231173663210147550662058972874114580826534375548986816883455960092181326851728403720757762033951152828902789,0.2464741608703765,0.4098130310713879,0.1807881606881332,0.2290248703832547,-0.6144722452531476,-0.21200505215388626,True,True,2.45763056645552e-180
L224_g0p25_block_cell42_d0p3_om0p08,L224_g0p25,224,0.25,block_cell42,0.3,97.73056054234505,0.36244337685077155,0.000000000000000000000000000000000000000000000000000000000000000000000000000000000000000000000000000000000000000133648152903588113396478774081062923560511403892642303147568333662296374758676056536185598750939526523488069826932486377984168622327683276517418950724127556011642093810249269697063522828067804166792186192406970928228030412189397178476341132641270270675713892417988064076667865742127471829934270218809299645223363334189048340467167202274205742820822056398537988,0.36244337685077155,0.569761843786865,0.1807881606881332,0.3889736830987318,-0.8356678752901892,-0.15855981072048672,True,True,5.47329181808861e-181
L224_g0p25_left_d0p05_o0p08,L224_g0p25,224,0.25,left,0.05,109.06064205050468,0.04052429883275081,1.66862916250756198714058775671884649153375290212058047767112731008932534659238569661514635483318751065440858081587230429038878203091089973722711174760172899014186915475906624780106675713958974435402208271676179112742691053512138737533396087350668953864409729380899702661952786231501797420600710727281226209777859016842754710088189530731258167340260636639396173e-125,0.04052429883275081,0.19295845616556986,0.1807881606881332,0.012170295477436671,-0.10647939945771458,-0.06353897726385384,True,True,2.82706286333085e-152
L224_g0p25_left_d0p05_om0p08,L224_g0p25,224,0.25,left,0.05,108.90064205050469,0.06167746905781693,2.53852568915270023730055666059942361629473164325821601343193446056180618458463051897895679456490859379169201511911015960621057657554448742980429028840941566388673136047902055544393530372926968396175366273917395875534366892657625153215753500980477402633962464077489660147168499034585375601164500799648467178408887387855335450335608075315401589726345746077145704e-125,0.06167746905781693,0.2057802848816209,0.1807881606881332,0.024992124193487703,-0.16171102906578372,-0.09249944792477957,True,True,4.42418497702269e-153
L224_g0p25_left_d0p1_o0p08,L224_g0p25,224,0.25,left,0.1,108.79584451794624,0.08115309862969354,3.34144235241928975601792936095018292202292255653971774138048598365762893910957716595698372819200501678334622120978305307550895982274544562716177431497927712425795029590339758818441487227631186080179104084173227677685805504006703699019857805369161365393682805599224371863060218843650700554436920978877642672510819638957890976604312898670131155476237975566161546e-125,0.08115309862969354,0.22043177043811155,0.1807881606881332,0.039643609749978354,-0.2121811277978969,-0.11652155091817254,True,True,1.11947288629902e-152
L224_g0p25_left_d0p1_om0p08,L224_g0p25,224,0.25,left,0.1,108.63584451794624,0.12311424413976481,5.08341610755254171288388099252226143431756736941551717182072382127176834206657913561762437523490461488341859602624429935752126295530150374987299195503712329464097272120599675231224097166072396719113959464471292231089941051895490697694405607572690849933257745442698011434918299643657762534545146296399963293338170640856880787843212247735434333485310686736955059e-125,0.12311424413976481,0.2593273090726197,0.1807881606881332,0.0785391483844865,-0.31911782233974023,-0.1594116387002849,True,True,8.00189415977801e-152
L224_g0p25_left_d0p3_o0p08,L224_g0p25,224,0.25,left,0.3,108.36242496848106,0.2468878291046062,1.04123598969298585379236779351968302536540591392142431022568051666773584193168302495635942958560613287000101789960791136836173312677126671530935667239070157573989682202059414814376075197068475380804642779671619123347239530312889002091960096888682841683560138952621572073621697418060544691181916990447698195197821770162027530790501064706041683380350452798699105e-124,0.2468878291046062,0.4103715281086401,0.1807881606881332,0.2295833674205069,-0.6101973278319346,-0.21199198058841262,True,True,1.8711725428043e-151
L224_g0p25_left_d0p3_om0p08,L224_g0p25,224,0.25,left,0.3,108.20242496848107,0.3618816304137559,1.58405692470322699594430382384732740477703748115987910401345815850480868394279072454186968440703899744870140407924385336185051268515359768223349847557027909295917763207633996137655877573908122234841706968181638400465918120480824678136903183037331734656890119925570090716565749528733023854036826170766661627124424715620297977763107975765268499540720277473312212e-124,0.3618816304137559,0.568992537033231,0.1807881606881332,0.38820437634509786,-0.8277425666546615,-0.15905634920398562,True,True,2.28737848933905e-152
L224_g0p25_right_d0p05_o0p08,L224_g0p25,224,0.25,right,0.05,128.35644216418268,0.04039102169954851,1.7637421857276969007216896266795908087596576012402396528715017358518401004895375193969429809508334269918047946305253402487674101266389191042394404155907428723224386127856430416453280915051576346012391158270600706908929133642704961847029773087556922323355952438265037390287756282566154169744155799286432894730228977148305465307924768176405118764245162256185197e-147,0.04039102169954851,0.19288929339054425,0.1807881606881332,0.01210113270241106,-0.1077940967172233,-0.06334719447966058,True,True,1.07364358610837e-125
L224_g0p25_right_d0p05_om0p08,L224_g0p25,224,0.25,right,0.05,128.19644216418266,0.06188074634217083,2.68324539701762801295925947059788041342555430175391164270460584189642467137619723125840446347489668806433191090827001804952319971348302769065973582697519321708605848909302421523523975557628803979389304415947084297532283932788119992391589532130628256208593776109210555823569950435160315433222135597761010517395929534249673648711661699961750785976246911390209997e-147,0.06188074634217083,0.20592004731566418,0.1807881606881332,0.02513188662753099,-0.16478424172910586,-0.09276336841553826,True,True,8.83353743600654e-126
L224_g0p25_right_d0p1_o0p08,L224_g0p25,224,0.25,right,0.1,128.09573434472085,0.080887202152398,3.49427695992257265358682761205721902388079935612812496211352544748933670661819405129534602220469136278197934532756650670382280981972806765481031449285149842173880711431834521002603751607569473205914834351748846274589649223472654758302134560949830433080667549139436420422270330183387131725796613079671387950520316551150572679221292986645243661278621913476163997e-147,0.080887202152398,0.22021549907044757,0.1807881606881332,0.03942733838231438,-0.21481263425378921,-0.11621090041086808,True,True,8.00322756278887e-126
L224_g0p25_right_d0p1_om0p08,L224_g0p25,224,0.25,right,0.1,127.93573434472084,0.12351539614991379,5.31597051703271796512565931345891464921791024210225346576863655707668777546028510204456824050317541725785274845770397778067447626024057170643323766928969622573847080358800245906689652776492120967084775270510734537443093306692526254312955924407628449711427844349774474399271957752125057947124479165259228914397508374537507609043174341944409941413812386886815926e-147,0.12351539614991379,0.25973994125938626,0.1807881606881332,0.07895178057125307,-0.3251489619047152,-0.1597620768761951,True,True,7.18036393932621e-126
L224_g0p25_right_d0p3_o0p08,L224_g0p25,224,0.25,right,0.3,127.66901346325874,0.24612195763398198,1.06992410210902467916869100232060244584313832804928197498467589643567100754457692541024504711190437955413360052374550482018577234560956382317038366763887517930333071800836985282400755909060467379862817975264611552276771964913398232123498668984423061694762235349744905544455630671853149372749611747884332045044287752691613675339329146116918186519980882981665257e-146,0.24612195763398198,0.40933768445074353,0.1807881606881332,0.22854952376261034,-0.618104506663955,-0.21201517391504338,True,True,5.52407436426291e-126
L224_g0p25_right_d0p3_om0p08,L224_g0p25,224,0.25,right,0.3,127.50901346325874,0.3629223210713886,1.62771410178237279698201948883251607987699337594360874779109125338385371140579253684932089133462734353166894722724706662418102650638362122543167735756162994206006950419031159041595504383434611149403248839577857558883188859216569574618873113292880087185390026496357912864754411267586575613402460166471259381379981817871513855185737032617004919461490767313070803e-146,0.3629223210713886,0.5704175516629569,0.1807881606881332,0.38962939097482374,-0.8424308843030509,-0.1581346755902799,True,True,3.25320136533643e-126
L256_g0_block_cell16_d0p05_o0p08,L256_g0,256,0,block_cell16,0.05,102.61545727729798,0.04043507672522139,0.0000000000000000000000000000000000000000000000000000000000000000000000000000000000000000000000000000000000000000000000359910493498959039920377510261726128268477230699220217083924487866153985153074575997143478319222415669439662693681773972617385232050673492138867399910232851622054024469485711525050540501089604747914563184157925101623046899722517926827978390329917538434403003299425779495241113098376057061442924578274672616622077868381529160695414775888762613541602132359520927,0.04043507672522139,0.2670696810173691,0.25494570375163744,0.012123977265731667,-0.10736034279739518,-0.1019052687216698,True,True,2.42046447634687e-175
L256_g0_block_cell16_d0p05_om0p08,L256_g0,256,0,block_cell16,0.05,102.45545727729798,0.06181341843449575,0.0000000000000000000000000000000000000000000000000000000000000000000000000000000000000000000000000000000000000000000000549611584135114348286909416141772074592277619738220807786474724896536020857618725338963446508958997509345250504741796535298491608447200221605293908770686701787557054770195519832071900320680602547657720229747162713856044060052026409607934227193612311112854904453580257856238775364769108500556730008307740860343212084615102693568899747164815890337153163081234698,0.06181341843449575,0.2800312668189725,0.25494570375163744,0.02508556306733506,-0.16376511421546552,-0.151477275648163,True,True,1.17950281153435e-174
L256_g0_block_cell16_d0p1_o0p08,L256_g0,256,0,block_cell16,0.1,102.35340941429138,0.0809752312219381,0.0000000000000000000000000000000000000000000000000000000000000000000000000000000000000000000000000000000000000000000000719983429606649281925755517052137067882321979215249638510185298817844383744490501132165653563263345602250735412333256318402228659498283666072844715168914160372168792327360387895793293161422444716781648156877540146747780008201088436157967270151763219940071167007103592141900959135536542448125509428304445826683263992078886847350455450328389860138179514670691084,0.0809752312219381,0.2944445949966003,0.25494570375163744,0.039498891244962864,-0.21394370837911358,-0.1932291859086417,True,True,4.34631012953948e-175
L256_g0_block_cell16_d0p1_om0p08,L256_g0,256,0,block_cell16,0.1,102.19340941429138,0.12338248614722422,0.00000000000000000000000000000000000000000000000000000000000000000000000000000000000000000000000000000000000000000000010994712308889310177904056530857593863946680114332358627565219512813747018989403387365275412407599885673029562760436179272876958679666224016146843537729573728052849435188750669954735985491054799412249026839469202399118329489661241992140434818311250433125171326821481866566054906356781391362150851649440817458302159307950061734872657890335452332689165331367619,0.12338248614722422,0.3337606944642829,0.25494570375163744,0.07881499071264547,-0.32314738325100106,-0.276149150170802,True,True,4.97861575699221e-175
L256_g0_block_cell16_d0p3_o0p08,L256_g0,256,0,block_cell16,0.3,101.92449133872985,0.24637591453982033,0.000000000000000000000000000000000000000000000000000000000000000000000000000000000000000000000000000000000000000000000223978666127414011214684449243417829168933629792145267346848497628764745768997676731328501964590254000026753552386748324701165700339499618449191635455729385596727625322735378902400293270845775550601950298902512381515458203282220975245966246988252299996987477013846900351057069118961680843684633530215327949781511757860122456158718522634352585791792396214899711,0.24637591453982033,0.48383796284602015,0.25494570375163744,0.2288922590943827,-0.6154883068387454,-0.4357916081638825,True,True,4.33031782559587e-175
L256_g0_block_cell16_d0p3_om0p08,L256_g0,256,0,block_cell16,0.3,101.76449133872985,0.36257706491156955,0.000000000000000000000000000000000000000000000000000000000000000000000000000000000000000000000000000000000000000000000342033010224287708191064165142107333993740870973612015864946379863538298633331691930738177412620079379486186384246039487427256345155738182410753717725421104872188334979148777153287614760468053243290568626326505651466588262734008237858486608135951664873809390883435271792548511796774272626121000045296542116878233860912765521613433822798141349003159572345058586,0.36257706491156955,0.6441024361887043,0.25494570375163744,0.3891567324370669,-0.8375521525065301,-0.46562871867186356,True,True,2.88728675674403e-175
L256_g0_block_cell48_d0p05_o0p08,L256_g0,256,0,block_cell48,0.05,103.59568293571472,0.040435176259986993,2.69019842573000535201675189451229352051005022264065487827975667871937184918834433606949742992514564246651403981835342703532755416663312561540525232656098911828551165085981921807797174270585278839214551734780791184578240197710447033461300668977392832419801426032843682697190071389202999087097298520537085073572183579302622745411029900081674203675378888345032603e-120,0.040435176259986993,0.26706973264973527,0.25494570375163744,0.012124028898097827,-0.10735884595849585,-0.10190550666550485,True,True,1.31968869993905e-173
L256_g0_block_cell48_d0p05_om0p08,L256_g0,256,0,block_cell48,0.05,103.43568293571472,0.061813139825272874,4.10814423338711411884319311313225762748286631624113115092754508458399462721004560868098865409947877777191967573604902902329349232001004359912195921000509555377244054100246987283374290887974226626544707734999567967255948281682350733581069971539514453731297702313780298456594648273371772693176759765506203695592744325369908058429862439197348897081639428978838053e-120,0.061813139825272874,0.280031075193667,0.25494570375163744,0.025085371442029547,-0.16376168630765361,-0.15147664990203083,True,True,5.27120563350775e-175
L256_g0_block_cell48_d0p1_o0p08,L256_g0,256,0,block_cell48,0.1,103.33363011360169,0.08097556841042516,5.38168166642244291011368809173490354234580662721659807726362372966165117340505707914470765317231277103286310020326062651202592867635278937656965153965493065460384347104144727210276319038184486646426245050414221706255489897295815651812205833279341987959093839379252140146570106408216998670131924097116622344675908259453325342649148710306577296423418659051266493e-120,0.08097556841042516,0.29444486916221124,0.25494570375163744,0.0394991654105738,-0.21394105749640538,-0.1932298977296641,True,True,3.74736303920598e-173
L256_g0_block_cell48_d0p1_om0p08,L256_g0,256,0,block_cell48,0.1,103.17363011360169,0.12338214069955346,8.21825048010692620357722471834927784561232369986713482706718690776341225205648854479220837685903964109445527611307267133762435835876994480151608363485758931195268600007413215275264392714495100206500201766986899766813695299114241652244684600528817492663631680390286568729914221798917186036421032247352328455387426601694017078546911292059440665119079262900290516e-120,0.12338214069955346,0.33376033902730134,0.25494570375163744,0.0788146352756639,-0.32314115394534376,-0.27614852976001664,True,True,4.15070117592888e-174
L256_g0_block_cell48_d0p3_o0p08,L256_g0,256,0,block_cell48,0.3,102.9047058391571,0.24637632134488938,0.0000000000000000000000000000000000000000000000000000000000000000000000000000000000000000000000000000000000000000000000167420749223469585129006177125615069527305743636727588633729435851415844851017433443008689809881947758570179080036556509564614891548517641228471244002320810319138135733426501272394774359909902960952768269908962026401218371200423018268520374491323288248532108031809137303966296429726699671159696491089803331587092693933299622669830788018910540919891889346487933,0.24637632134488938,0.4838385119122166,0.25494570375163744,0.22889280816057916,-0.6154789303219409,-0.43579192447724996,True,True,4.15887767881081e-174
L256_g0_block_cell48_d0p3_om0p08,L256_g0,256,0,block_cell48,0.3,102.7447058391571,0.36257537994991773,0.0000000000000000000000000000000000000000000000000000000000000000000000000000000000000000000000000000000000000000000000255664630123002987000546050030103411528281529479046431111646250897486420238921374969563787751554354466293995696850969299548003606155601876983000095881779205445853484177892311482631366575175325864624438108802592865949444852365046771154448225436825153710993687215237817057425382937255972247028899406174783132911941453132045509426528258356676783094408993334077764,0.36257537994991773,0.6441001291820462,0.25494570375163744,0.38915442543040873,-0.8375354203163,-0.46562917644809776,True,True,5.4562718027619e-174
L256_g0_left_d0p05_o0p08,L256_g0,256,0,left,0.05,135.42957079887393,0.04042717758378802,7.05335280260951295694116615123532274689479206755336685944691772904299152756227676783619754908194030750460268444911606678580526136627106891821955078756498678058837744066944126767103957294020793152968654171264888093119425952239894878999541405136936613013424939655806302653397566773063613800122260270992515225718445338590994475035210274395084395797346290435000324e-157,0.04042717758378802,0.267065583667864,0.25494570375163744,0.01211987991622654,-0.1074386546057828,-0.10188638514077096,True,True,1.89850624361153e-119
L256_g0_left_d0p05_om0p08,L256_g0,256,0,left,0.05,135.2695707988739,0.061825577349255346,1.07710235664956594123857644566343866403940537741362791848014229274791222887495125387074300279288949227937488456466239559148754869946803259434220143967554672042867434553504566332259257257544070391054409795125805312337240819498154489134119153013311542049332709620427603195774443035424248049738054117264697816379406701437406452496515084849037162628951751287882207e-156,0.061825577349255346,0.2800396300756384,0.25494570375163744,0.02509392632400098,-0.16394833837734202,-0.15150458360366933,True,True,7.61433187300383e-120
L256_g0_left_d0p1_o0p08,L256_g0,256,0,left,0.1,135.16776469230652,0.08095950049393963,1.41008661191295728384749256581295064715498701865508113566171668993128202412761783346813042479968890932541795339731462297723881644800771822231112221229222463909882100755354610507785919343944758772462482698390819745477438448090298274818161484493371412697882952678048784980136095288170385486003656533336305607767488154365387030681824625016830937582886493050286239e-156,0.08095950049393963,0.2944318050548229,0.25494570375163744,0.03948610130318547,-0.21410009867971255,-0.19319597668375849,True,True,1.33835352863442e-119
L256_g0_left_d0p1_om0p08,L256_g0,256,0,left,0.1,135.0077646923065,0.12340641831234295,2.15331297792093739550230447582262061972516248851255178733447281865647537567714274556951475705386395754003433433188023545950981236145206155410946214039451252932631911739359405685430881948245742094325117483375330507272683633290536276955464761532883507081025484801788009970073076288699983944614602221340955972947776515787037654545453826870529852295394975971287236e-156,0.12340641831234295,0.33378531949423573,0.25494570375163744,0.07883961574259829,-0.32350611276038793,-0.2761921291910073,True,True,3.87011446787406e-120
L256_g0_left_d0p3_o0p08,L256_g0,256,0,left,0.3,134.739242105484,0.24633032522901913,4.38203127137482317429250213045171492547912912881309572608367133809079426702000357897235120220502563459521700087721202913291981446226322459992196594969856500658202074048272364988956866361043370751085522198747019629958840871727264523866752132943277737510975635294966859100830699367408396414361375806166905462989896765593415944003800159611309682499577551605904019e-156,0.24633032522901913,0.483776429879168,0.25494570375163744,0.22883072612753058,-0.6159555380536101,-0.4357561507618122,True,True,9.06533249405874e-121
L256_g0_left_d0p3_om0p08,L256_g0,256,0,left,0.3,134.57924210548398,0.3626383047935393,6.69170583323661546101712243060613124031859934866790129708813424471750103240588377485782879115075540058714195765609071894509578316846758962146569260203240773924693867916509697767762758346805721450921861974116596404527578569495654487939631704836717427132142164024577967801615481412123594779300686541495205413544425934454227188285400101173738275722372806726677422e-156,0.3626383047935393,0.6441862797022122,0.25494570375163744,0.38924057595057476,-0.8384209720678436,-0.46561206314450154,True,True,4.10590911920083e-120
L256_g0_right_d0p05_o0p08,L256_g0,256,0,right,0.05,136.0326080608368,0.04042696292485294,1.4302937971786923382595875305862829167809006838295360281963899398511275874745726170826217946465278320554471107207680384450579213000809071881096383232375927468234033958289768020846493823489567221135718950603141465685293033771562667643181617181243228004811316680535739249106536756001387768373423486917467176466351290981411023708463721441742014713456931854798509e-157,0.04042696292485294,0.26706547233089817,0.25494570375163744,0.012119768579260726,-0.1074402052542193,-0.10188587197425956,True,True,3.12113835484314e-121
L256_g0_right_d0p05_om0p08,L256_g0,256,0,right,0.05,135.87260806083677,0.06182576812830208,2.18417093651187215709728904167014741104539801671333204405540354564852153722337676767711991503891206754961710920519351652205878446113965875351993514206745257720064502814295703672034829452131505230133937802385168545487704782128753522696460133582284825901633338685774111177096523490928418418229994145566094363121466926627151907781215717586737872666992768603555028e-157,0.06182576812830208,0.28003976130836655,0.25494570375163744,0.02509405755672911,-0.16395208575974096,-0.15150501207009187,True,True,2.70122179165686e-120
L256_g0_right_d0p1_o0p08,L256_g0,256,0,right,0.1,135.77080691337588,0.08095911981232042,2.85936593107224747984707217279150862879511176029598202546154335811876792472542819600956213602220495864987072636242068681860195853970164658013909260930097072164689879037342885411675869851666196315278064912737777750775427610281318248147625455042203078781350633040219034460057755859714027096592840978293728709965376536612972687656813270525825857935139910983171739e-157,0.08095911981232042,0.2944314955607373,0.25494570375163744,0.039485791809099835,-0.21410335277042702,-0.19319517300275693,True,True,1.05855177297093e-120
L256_g0_right_d0p1_om0p08,L256_g0,256,0,right,0.1,135.61080691337585,0.12340687180683246,4.36647629726101385674752668621751024872697063761953548245141022774031712394217661540348126733630543985759122451650779971666080597430412331121775385261592001800113578870773370399626352968416544479006406718417483575311243392704112795839800104159162633965077464625634714121989693313359477427692192418188275579550651291064828806334927504355639783656600091494831614e-157,0.12340687180683246,0.33378578614597937,0.25494570375163744,0.07884008239434193,-0.3235137056107311,-0.27619294356497437,True,True,6.32531654435194e-121
L256_g0_right_d0p3_o0p08,L256_g0,256,0,right,0.3,135.34229300498964,0.2463291457527786,8.88565503837460285388259695716969509012698575109236959830600919160173656366408648942437674304673005289944286632988692177205897262024337564991325711438967231905500189196421621793991883153729833043332062408519349323947213294264108849880043488153910203487174671401040053741654340844120894040039852882486987544238150457121419616123572863797718323994559016524654222e-157,0.2463291457527786,0.48377483796962645,0.25494570375163744,0.228829134217989,-0.6159653056823122,-0.43575523317399334,True,True,1.6643882324671e-120
L256_g0_right_d0p3_om0p08,L256_g0,256,0,right,0.3,135.18229300498962,0.36263939071108603,1.35690929548671496977355576969350332072880622344529078857312991047635907759313522442932134757985595910230477567104391207393542583482346381622350191525206660054890982951203219848113546087411592385601356192656681267714359119528926289848472066845926632718410079655597226722896629919547480147968061474694980562781893686960244258685398004981302016807871005011079252e-156,0.36263939071108603,0.6441877664412393,0.25494570375163744,0.3892420626896019,-0.8384395734599943,-0.4656117674952064,True,True,7.19113592112513e-122
L256_g0p25_block_cell16_d0p05_o0p08,L256_g0p25,256,0.25,block_cell16,0.05,94.27934935569763,0.040525600145382076,0.00000000000000000000000000000000000000000000000000000000000000000000000000000000000000000000000000000000000114871095221351114640005036448538900406965813876231556107800076173778216462258834357612540963876903516679199392762855835174438018165676303952772335755479579460118181060204297532587525626845628469536859160891404106615388465204708369241763335872260020932935795089610468494499679552277021392512778874242906859396172511850022616737366755230274710483152791699035504,0.040525600145382076,0.19295913240415433,0.1807881606881332,0.012170971716021134,-0.10646643098936948,-0.06354084925354399,True,True,5.14297181380457e-178
L256_g0p25_block_cell16_d0p05_om0p08,L256_g0p25,256,0.25,block_cell16,0.05,94.11934935569764,0.061675466085473404,0.00000000000000000000000000000000000000000000000000000000000000000000000000000000000000000000000000000000000174751832834682652645404040534953728834734866951158453860906472759822341753198095939924298567135024670705987294370923241543440236033965201794596877734882909743607664253093398996265232751709859003308904634464117138208699917770476559400587784975089690854161846912604606288323290399371376664438613415499660456372068158684696150209928491675837533214481535369769881,0.061675466085473404,0.2057789095794925,0.1807881606881332,0.0249907488913593,-0.16168094772583658,-0.09249684603669989,True,True,3.69693828774143e-178
L256_g0p25_block_cell16_d0p1_o0p08,L256_g0p25,256,0.25,block_cell16,0.1,94.01451075553894,0.0811557631492029,0.00000000000000000000000000000000000000000000000000000000000000000000000000000000000000000000000000000000000230045572810006125736463736399746803472928787310531883869230282854465551034056840248860924912212820767461172667002842865992493257164890468579654767871476044981222280914246295884885319783394539799690779853923001018017802158806649092595084856927686079409051980618349632549993963619951870390453035016471904597834261109281526068762095327485808264865919117073677175,0.0811557631492029,0.22043394045099018,0.1807881606881332,0.03964577976285699,-0.21215536878993177,-0.11652466146966389,True,True,9.02281287238443e-178
L256_g0p25_block_cell16_d0p1_om0p08,L256_g0p25,256,0.25,block_cell16,0.1,93.85451075553894,0.12311039908537785,0.00000000000000000000000000000000000000000000000000000000000000000000000000000000000000000000000000000000000349965176048653487149421397490214849110715219365588657524400608687101457950816796564431303521880921820426411596590077550535693887303961039840369774066603866256355765822778079289800782510924015796925167330906347054422445000357041766738639009138721029642400084224599088909349021903289898293449450883270553755357000852262095285249940279716561113318628473700901424,0.12311039908537785,0.2593233587362942,0.1807881606881332,0.078535198048161,-0.319059086992275,-0.15940827421368337,True,True,2.03605847276632e-178
L256_g0p25_block_cell16_d0p3_o0p08,L256_g0p25,256,0.25,block_cell16,0.3,93.58102534294129,0.24689500348239712,0.00000000000000000000000000000000000000000000000000000000000000000000000000000000000000000000000000000000000716927149960431076947272209666903498197755828724879735216691827383149821158793258550573301496750165386567805118305643681690856441790322196163693736484118775712554243316337195757151952687395919782648780449252520829650846956408390547496443888908738456587919852636856961893846539950511794062451142347214600933888947995902553948930765880009090008870207855794981597,0.24689500348239712,0.41038122179989495,0.1807881606881332,0.22959306111176175,-0.6101189261985182,-0.2119917426061599,True,True,6.76084914732354e-178
L256_g0p25_block_cell16_d0p3_om0p08,L256_g0p25,256,0.25,block_cell16,0.3,93.42102534294129,0.36187099865144967,0.0000000000000000000000000000000000000000000000000000000000000000000000000000000000000000000000000000000000109065133704153424457614002984311481843343843299198853101862039325211669584507831855190239279222464671081275263219348436159993657703108122734121847447072389864119247371756002172942544782871068476790539527035901486011440401511571967405110422983654907210858997596180738048533567183442621401732393735463660687327347822225399179996929722729175932745401876884232343,0.36187099865144967,0.5689779871614731,0.1807881606881332,0.3881898264733399,-0.8275983121620859,-0.15906572499801916,True,True,3.24105617187025e-178
L256_g0p25_block_cell48_d0p05_o0p08,L256_g0p25,256,0.25,block_cell48,0.05,112.85924418449402,0.04046005687616674,7.96101795160233439517110150884291230376655942286961055430501063181543933425011948656886284727283524162248570649086305993175862669385335431667171407748807201109393286241231931805497466694036310394098069589168418736677183080847121126140637573192452090613798047269205223149914548388302893173306856552040532406506565025387567190424934695804905476357166656110861047e-130,0.04046005687616674,0.1929250988825328,0.1807881606881332,0.012136938194399594,-0.10711372855539754,-0.06344654896842002,True,True,2.7412706395957e-159
L256_g0p25_block_cell48_d0p05_om0p08,L256_g0p25,256,0.25,block_cell48,0.05,112.69924418449402,0.061775254936574084,1.21110426966984050893616632336664275443878666428912537161869186733229050325248189004679523527918559999625295239526126451049469824845093588085306823520262429564407941695349178126136006422308473250946436414160057382058561395511304858106986745241808298784967609157167787993574538272758311628779424589257423792357208266216938706248122830281062518992835257637522204e-129,0.061775254936574084,0.20584748038109357,0.1807881606881332,0.02505931969296038,-0.1631884533813686,-0.09262644049360791,True,True,2.45947840247972e-159
L256_g0p25_block_cell48_d0p1_o0p08,L256_g0p25,256,0.25,block_cell48,0.1,112.59643137931823,0.08102501650577526,1.58587121926040420992677770848447273876010109872090475790261931275865261182138674842732402156688136994336918727452629042324090292348921819726084010846614502469938630190740436002558922497914580522595207639740224560385865840425548626185442522413464170577827252877940918074232486340491450371530252927438864619172427632941273804985941047510815667103069372447204558e-129,0.08102501650577526,0.22032753949788073,0.1807881606881332,0.03953937880974753,-0.21345057210631233,-0.11637197107892851,True,True,8.00024573021846e-160
L256_g0p25_block_cell48_d0p1_om0p08,L256_g0p25,256,0.25,block_cell48,0.1,112.43643137931824,0.12330724657253134,2.41257498322976701362579243772099886493732946836918115778607499103737457337681309750827792404947119925490411532632461141005417790799003326769871852181151252783556926692545643356177905764640478401528417433601228095603558748840231963971135132129441643791753070033979755685232687205423537456090939033948603656591683543291854182101231670957454129083396772177846808e-129,0.12330724657253134,0.25952574859976063,0.1807881606881332,0.07873758791162744,-0.3220168450666052,-0.15958038423393558,True,True,2.81681332338412e-159
L256_g0p25_block_cell48_d0p3_o0p08,L256_g0p25,256,0.25,block_cell48,0.3,112.16626236915589,0.24651886413604016,4.89956503718905147792706528856766352689679148161854009313005369590436135389162668775040900160008892367712751816744158900258277125429764610638692701158787893085843286137981093338707239134050328091689031098591626685807421406093885457619257065440545461824837486689340576692314099051555043769334882324190285402674448680383936832236836121791195258224250339402245147e-129,0.24651886413604016,0.4098733750203099,0.1807881606881332,0.2290852143321767,-0.6140084142015574,-0.21200370117840542,True,True,1.63301455658733e-160
L256_g0p25_block_cell48_d0p3_om0p08,L256_g0p25,256,0.25,block_cell48,0.3,112.00626236915589,0.362381909207675,7.45367378536097782110759901409331647375806365266977117209089416556754574103207301407102076292779715169597597004350385974562346936627730930501050549563643788600219176794042417696719955703399376375975849766525599621048631729066572756925948766689893695396353331081825500324338538852984576424048204689017704052353095618130231118181504197166802100115341328364680509e-129,0.362381909207675,0.569677676387474,0.1807881606881332,0.3888895156993408,-0.8348034547345103,-0.1586142534258022,True,True,9.16712299308743e-160
L256_g0p25_left_d0p05_o0p08,L256_g0p25,256,0.25,left,0.05,124.9199968624115,0.04052928415830826,1.46473440751332207691626701911202008126091694235226477214431950746943068554132679348292917478454098182786020242673135957338982604845368290922463696223472560357363727357008837505788400253077653067143079747416515907432006298749867291628738909708091522004199782604319187031943841251296367897764044310205499959430981682393089051744743636234776416171967513624645792e-143,0.04052928415830826,0.19296104626448743,0.1807881606881332,0.012172885576354237,-0.1064313484054211,-0.06354614879209135,True,True,9.02664263093073e-128
L256_g0p25_left_d0p05_om0p08,L256_g0p25,256,0.25,left,0.05,124.7599968624115,0.0616701586041099,2.22829771951396479165099115888012215605620252755450614536253423133569557175774378598979466849003583932127781004110958185748314106205212348656040380508496193284923671047288375550193370515367039565099179069941921432038578353909266596731943227387411273465844333261977628520697221973050926903397609061399958386741884632215327671260857658628051278045472057423849305e-143,0.0616701586041099,0.20577526403670077,0.1807881606881332,0.024987103348567574,-0.16159879034249544,-0.09248995141720465,True,True,7.43131153683102e-127
L256_g0p25_left_d0p1_o0p08,L256_g0p25,256,0.25,left,0.1,124.65504668235779,0.08116303773077276,2.93423318155306629389071663449898904928279127914325751153535053985004590889561871337303350024772683860189689496568081247794020701506146582769108502732920122608142438828306732703205282056141743368762155993259641418392016005424132138111712508402761412159348975400090954521148326921574205648012105159148101411475152236728643324111904975025810400613395296275542319e-143,0.08116303773077276,0.2204398627240423,0.1807881606881332,0.03965170203590912,-0.2120840535610893,-0.11653315354586263,True,True,6.02538349108394e-127
L256_g0p25_left_d0p1_om0p08,L256_g0p25,256,0.25,left,0.1,124.4950466823578,0.12309959615386688,4.46384313268734496261871323390689864280628427272801940462347518103322999412378488121835335776235766992471918607819456430668444110828845292676835588685552929048131993773699436930144356904915809764291562293300189966428593507251124696841443241421444443367918170688309708722622471942802403776034098237608185737912199691187979521792177489834066039925648300231562926e-143,0.12309959615386688,0.2593122547327183,0.1807881606881332,0.0785240940445851,-0.3188956316382762,-0.15939882090730187,True,True,1.00208661644087e-126
L256_g0p25_left_d0p3_o0p08,L256_g0p25,256,0.25,left,0.3,124.22137530326843,0.24691606863885687,9.14906309432264091264079920017540350331164975024558565012816321905923300381426337578299973138249355550094251463995335755930557279837258311562284681783745682132595890816125364827973134233598424814127473421618140170080056574036606018914239977711838755605411580885704058356348724669447576926467567319835371528792986066469765370835198348623255779070399156361685204e-143,0.24691606863885687,0.4104096612487675,0.1807881606881332,0.2296215005606343,-0.6099006266748314,-0.2119910416289689,True,True,9.89548533673974e-127
L256_g0p25_left_d0p3_om0p08,L256_g0p25,256,0.25,left,0.3,124.06137530326843,0.3618421827726193,1.39184499092625521561187014624249304113841810854019325385726423133674996227933078220766728486794490104795156442200235386215905894306818671568659446628791093550423876056062339971626323054764253104403623588266574430167238828349527241527615946275346380496623997683345899194105973234336953188535814722676317974764599752638842150143248588178278546540240490065974477e-142,0.3618421827726193,0.5689385021524213,0.1807881606881332,0.38815034146428806,-0.8271924452444945,-0.1590911326760747,True,True,1.11886417083921e-126
L256_g0p25_right_d0p05_o0p08,L256_g0p25,256,0.25,right,0.05,147.0522905635834,0.04040134338769763,9.12918132866599067854670155298661015572910505632334470811830432134446871050787407608319489604351431418088022443346604249976624813327438787414033229386462065536601368539138921685353158400132701831128941090522440495895541229500715275640400587831525060598239536781404217935326936796251074639132790166476624733253618607345727938949773197534155737851721251174557844e-169,0.04040134338769763,0.19289464411936202,0.1807881606881332,0.012106483431228832,-0.10769288661876202,-0.06336205128465286,True,True,1.84755403481313e-97
L256_g0p25_right_d0p05_om0p08,L256_g0p25,256,0.25,right,0.05,146.89229056358337,0.061865013697778845,1.38882981792664024862703807626288457304441886582103182234493054263427731135238557520550740471377415235741697998542409200818413933085643727299591225043641426735303053797846229997955721401129725750636359704681151630550709399587234204865906949516295077721292624327517640924572550401153444378637125241635197181731938031953011284081532424364219622694021549615778935e-168,0.061865013697778845,0.2059092198986997,0.1807881606881332,0.02512105921056651,-0.16454546761199476,-0.09274295215095911,True,True,1.58472410965444e-97
L256_g0p25_right_d0p1_o0p08,L256_g0p25,256,0.25,right,0.1,146.79126923561097,0.08090803741866552,1.81008061354685891134884084023017527625021301788612922270666661755781275394770765056138570105437889889985976110991933323979507688681359983733481547783696467855180648663817742469945004343175391980965945887091541025876040116050849685381030136507749486027853939356022144329880822349413185352027712819224901390358367502893888440116648236743099105568900258522880745e-168,0.08090803741866552,0.22023243040886836,0.1807881606881332,0.03944426972073517,-0.21460953904257335,-0.1162352599705227,True,True,1.4982519458491e-97
L256_g0p25_right_d0p1_om0p08,L256_g0p25,256,0.25,right,0.1,146.63126923561094,0.12348444191469031,2.75369020385123933740532971336245269161145263258261736675217360205386925792970026550731202453489323705407834625840704431582396448828182811714613836524356677536639119218358543666079547844151019217070864036886822425090144123882275207943382474271606643385211037860085991097336087633538727386199868480593197208862742636317516197153928137346749527656271006465548132e-168,0.12348444191469031,0.25970807661946654,0.1807881606881332,0.07891991593133335,-0.3246789192506122,-0.1597350765577042,True,True,1.3301470041642e-97
L256_g0p25_right_d0p3_o0p08,L256_g0p25,256,0.25,right,0.3,146.36403353691102,0.2461820895097331,5.54955739645924961165752179549050546486318540491200605611824572939255012678951259898803992714441460037754344464143626334822203136365987421736430949221636051233897006843538781207924220924900638886351048698694434608650600907771228482246516984450679552009822208689149613414270747812736076495362000282338385056919270029022420065517654236046686519169521436392395224e-168,0.2461820895097331,0.4094188299165628,0.1807881606881332,0.22863066922842962,-0.6174884171472778,-0.21201351142168437,True,True,8.97271439043562e-98
L256_g0p25_right_d0p3_om0p08,L256_g0p25,256,0.25,right,0.3,146.204033536911,0.3628410221058633,8.44258517741570482234278984054902571789753167558565107564792724430688170370594593080858160303941914615849097447706660449563417662370182447008567238256472759375493670936872238705656246417585814071598225460654895332272836097539608390104815629480526521051183612860680679192998521561792565938424395537560703567451026622705255345532027108555256112727803257348967737e-168,0.3628410221058633,0.5703062611293409,0.1807881606881332,0.3895181004412077,-0.8412776469189293,-0.15820695654838232,True,True,6.16418831761824e-98
