family_key,initial,level,predicted_time,abs_time_gate,root_time,absolute_error,passed
L224_g0,left,0.9,116.68334306478499,0.15,116.71781187653542,0.03446881175042904,True
L224_g0,left,0.5,117.16211245457332,0.15,117.19605229496956,0.033939840396243426,True
L224_g0,left,0.3,117.39036452372869,0.15,117.42405325770378,0.033688733975083096,True
L224_g0,left,0.1,117.81896325349807,0.15,117.85219089388848,0.03322764039040749,True
L224_g0,left,0.05,118.08081047932306,0.15,118.11376438736916,0.0329539080460961,True
L224_g0,left,0.01,118.68597426811857,0.15,118.7183020889759,0.03232782085733277,True
L224_g0,right,0.9,117.28632174730302,0.15,117.32115520834923,0.03483346104620466,True
L224_g0,right,0.5,117.76508814096454,0.15,117.79938152432442,0.034293383359880636,True
L224_g0,right,0.3,117.99333638747534,0.15,118.02737706303597,0.034040675560632394,True
L224_g0,right,0.1,118.42193119128547,0.15,118.45550385117531,0.033572659889841816,True
L224_g0,right,0.05,118.68377872705462,0.15,118.71706975102424,0.03329102396962469,True
L224_g0,right,0.01,119.2889379700025,0.15,119.32159226536751,0.0326542953650204,True
L224_g0,block_cell14,0.9,88.0426828344663,0.15,88.06618664860726,0.023503814140951818,True
L224_g0,block_cell14,0.5,88.52188779910408,0.15,88.544927161932,0.023039362827915966,True
L224_g0,block_cell14,0.3,88.7503443280856,0.15,88.77316895127296,0.022824623187361226,True
L224_g0,block_cell14,0.1,89.17933131456375,0.15,89.20175678133964,0.02242546677588564,True
L224_g0,block_cell14,0.05,89.44141905705136,0.15,89.4636058151722,0.02218675812083859,True
L224_g0,block_cell14,0.01,90.04713217020037,0.15,90.06878355145454,0.02165138125417343,True
L224_g0,block_cell42,0.9,89.02291562159859,0.15,89.04619038701057,0.023274765411983367,True
L224_g0,block_cell42,0.5,89.50212368567789,0.15,89.52494174838066,0.022818062702768316,True
L224_g0,block_cell42,0.3,89.73058383067448,0.15,89.75318787693978,0.022604046265300326,True
L224_g0,block_cell42,0.1,90.1595756729444,0.15,90.18178547024726,0.022209797302863876,True
L224_g0,block_cell42,0.05,90.42166537841163,0.15,90.4436399281025,0.021974549690867207,True
L224_g0,block_cell42,0.01,91.02738427718481,0.15,91.04883068203927,0.02144640485445848,True
L224_g0p25,left,0.9,107.54603797992071,0.15,107.56746392846108,0.021425948540368722,True
L224_g0p25,left,0.5,108.03060828447342,0.15,108.05161002278328,0.02100173830986307,True
L224_g0p25,left,0.3,108.26162278254826,0.15,108.28242496848107,0.02080218593280847,True
L224_g0p25,left,0.1,108.69540615479154,0.15,108.71584451794624,0.02043836315469605,True
L224_g0p25,left,0.05,108.96042317946751,0.15,108.98064205050468,0.020218871037172903,True
L224_g0p25,left,0.01,109.57290103038154,0.15,109.5926269352436,0.01972590486205661,True
L224_g0p25,right,0.9,126.83520001967749,0.15,126.88511634469032,0.0499163250128305,True
L224_g0p25,right,0.5,127.31249521176018,0.15,127.36176752448083,0.04927231272064603,True
L224_g0p25,right,0.3,127.54004339774451,0.15,127.58901346325874,0.04897006551422578,True
L224_g0p25,right,0.1,127.96732455492025,0.15,128.01573434472084,0.04840978980058708,True
L224_g0p25,right,0.05,128.22836871544519,0.15,128.27644216418267,0.048073448737483204,True
L224_g0p25,right,0.01,128.8316797614098,0.15,128.87898599505425,0.047306233644462736,True
L224_g0p25,block_cell14,0.9,80.7763492226601,0.15,80.7940367281437,0.017687505483593213,True
L224_g0p25,block_cell14,0.5,81.26069275140763,0.15,81.27794850468635,0.01725575327871809,True
L224_g0p25,block_cell14,0.3,81.49159721930823,0.15,81.50865496993065,0.017057750622413437,True
L224_g0p25,block_cell14,0.1,81.92518233060838,0.15,81.94187057614326,0.016688245534879798,True
L224_g0p25,block_cell14,0.05,82.19007692734404,0.15,82.20654661059379,0.01646968324975262,True
L224_g0p25,block_cell14,0.01,82.80227613846462,0.15,82.81825595498086,0.0159798165162357,True
L224_g0p25,block_cell42,0.9,97.0716172893842,0.15,97.10161908268928,0.030001793305075353,True
L224_g0p25,block_cell42,0.5,97.5522021253904,0.15,97.58168631196023,0.02948418656983165,True
L224_g0p25,block_cell42,0.3,97.78131862878801,0.15,97.81056054234504,0.029241913557029875,True
L224_g0p25,block_cell42,0.1,98.21154435873035,0.15,98.24033840298652,0.02879404425617338,True
L224_g0p25,block_cell42,0.05,98.47439032793048,0.15,98.50291425585746,0.028523927926983106,True
L224_g0p25,block_cell42,0.01,99.08185855150226,0.15,99.1097723543644,0.02791380286213041,True
L256_g0,left,0.9,133.87507038116453,0.15,133.95235743522645,0.07728705406191239,True
L256_g0,left,0.5,134.3548855225245,0.15,134.4310339450836,0.07614842255910048,True
L256_g0,left,0.3,134.58363071282704,0.15,134.659242105484,0.0756113926569526,True
L256_g0,left,0.1,135.01314377784726,0.15,135.0877646923065,0.07462091445924557,True
L256_g0,left,0.05,135.27554177443184,0.15,135.3495707988739,0.07402902444206916,True
L256_g0,left,0.01,135.88196114699048,0.15,135.9546437740326,0.07268262704212702,True
L256_g0,right,0.9,134.4773575782776,0.15,134.5554219722748,0.07806439399718101,True
L256_g0,right,0.5,134.957182431221,0.15,135.03408856391906,0.07690613269804203,True
L256_g0,right,0.3,135.18592906792958,0.15,135.26229300498963,0.07636393706005151,True
L256_g0,right,0.1,135.61544905503592,0.15,135.69080691337587,0.07535785833994169,True
L256_g0,right,0.05,135.87785480022433,0.15,135.95260806083678,0.07475326061245369,True
L256_g0,right,0.01,136.4842841943105,0.15,136.55766863822936,0.07338444391885446,True
L256_g0,block_cell16,0.9,101.08431373437247,0.15,101.13695826530457,0.05264453093209909,True
L256_g0,block_cell16,0.5,101.56442559560142,0.15,101.61607365608215,0.051648060480729896,True
L256_g0,block_cell16,0.3,101.79330674807233,0.15,101.84449133872985,0.05118459065752745,True
L256_g0,block_cell16,0.1,102.22307975292206,0.15,102.27340941429138,0.050329661369318046,True
L256_g0,block_cell16,0.05,102.48564078013104,0.15,102.53545727729798,0.04981649716694392,True
L256_g0,block_cell16,0.01,103.09242506027223,0.15,103.14108939170838,0.048664331436143016,True
L256_g0,block_cell48,0.9,102.06500864823661,0.15,102.11715912818909,0.05215047995247346,True
L256_g0,block_cell48,0.5,102.54511400063838,0.15,102.59628319740295,0.051169196764575986,True
L256_g0,block_cell48,0.3,102.7739950497945,0.15,102.8247058391571,0.05071078936261131,True
L256_g0,block_cell48,0.1,103.20376578172049,0.15,103.25363011360169,0.04986433188119577,True
L256_g0,block_cell48,0.05,103.46632381280264,0.15,103.51568293571472,0.049359122912079556,True
L256_g0,block_cell48,0.01,104.07310365041097,0.15,104.12132496833802,0.04822131792704454,True
L256_g0p25,left,0.9,123.37847824891408,0.15,123.42598948478698,0.04751123587290351,True
L256_g0p25,left,0.5,123.86381659507751,0.15,123.91042351722717,0.04660692214966389,True
L256_g0p25,left,0.3,124.09519155820209,0.15,124.14137530326843,0.04618374506634382,True
L256_g0p25,left,0.1,124.52964069048566,0.15,124.5750466823578,0.0454059918721299,True
L256_g0p25,left,0.05,124.7950587828954,0.15,124.8399968624115,0.044938079516100515,True
L256_g0p25,left,0.01,125.40844477017723,0.15,125.45233120918274,0.043886439005518696,True
L256_g0p25,right,0.9,145.46674748261768,0.15,145.5792775630951,0.11253008047742696,True
L256_g0p25,right,0.5,145.9453704754511,0.15,146.0565122127533,0.11114173730217658,True
L256_g0p25,right,0.3,146.17354505856832,0.15,146.284033536911,0.11048847834268827,True
L256_g0p25,right,0.1,146.60199098587043,0.15,146.71126923561096,0.10927824974052669,True
L256_g0p25,right,0.05,146.86373840967812,0.15,146.97229056358339,0.10855215390526496,True
L256_g0p25,right,0.01,147.468656206131,0.15,147.57555222511292,0.10689601898192791,True
L256_g0p25,block_cell16,0.9,92.74661228656772,0.15,92.78595442771912,0.03934214115139412,True
L256_g0p25,block_cell16,0.5,93.23175299167633,0.15,93.27017397880554,0.03842098712921427,True
L256_g0p25,block_cell16,0.3,93.46302877267203,0.15,93.50102534294129,0.03799657026925729,True
L256_g0p25,block_cell16,0.1,93.89730072021484,0.15,93.93451075553894,0.03721003532409384,True
L256_g0p25,block_cell16,0.05,94.16260661284132,0.15,94.19934935569763,0.036742742856318955,True
L256_g0p25,block_cell16,0.01,94.77573317686718,0.15,94.81142830848694,0.0356951316197609,True
L256_g0p25,block_cell48,0.9,111.3090799887975,0.15,111.37666630744934,0.06758631865183418,True
L256_g0p25,block_cell48,0.5,111.79070189793906,0.15,111.85717768669129,0.06647578875222848,True
L256_g0p25,block_cell48,0.3,112.02030656337739,0.15,112.08626236915589,0.06595580577850058,True
L256_g0p25,block_cell48,0.1,112.4514379501343,0.15,112.51643137931823,0.0649934291839287,True
L256_g0p25,block_cell48,0.05,112.71483097076418,0.15,112.77924418449402,0.06441321372983566,True
L256_g0p25,block_cell48,0.01,113.32354300022128,0.15,113.38664422035217,0.06310122013088915,True
