length,time,skin,site,auxiliary,signal,witness,singular_ratio,direct_memory,cdw_occupation,cdw_success,cdw_distance_to_W,cdw_distance_to_nominal_G,left_occupation,left_success,left_distance_to_W,left_distance_to_nominal_G,right_occupation,right_success,right_distance_to_W,right_distance_to_nominal_G
4,0.3,0.15,0,0,0.992095002630495,-0.992095002630495,0.3074062413377422,0.9999999999643626,0.9922825794454689,0.7891191966384379,0.061097041360553175,0.1015024086238902,0.9987623822941746,0.09875787714585531,0.8679549136397613,0.9275568916183593,0.000187576814973936,0.07276540328632053,0.9999998055875312,0.9999904697622498
4,0.3,0.15,1,0,0.007903375885894019,-0.007903375885894019,0.3074062413377422,0.9999999999643626,0.030600726535025994,0.7891191966384379,0.061097041360553175,0.1015024086238902,0.6655872106633818,0.09875787714585531,0.8679549136397613,0.9275568916183593,0.022697350649131975,0.07276540328632053,0.9999998055875312,0.9999904697622498
4,0.3,0.15,2,0,-0.007903375885893626,0.007903375885893626,0.3074062413377422,0.9999999999643626,0.969399273464974,0.7891191966384379,0.061097041360553175,0.1015024086238902,0.3344127893366178,0.09875787714585531,0.8679549136397613,0.9275568916183593,0.9773026493508676,0.07276540328632053,0.9999998055875312,0.9999904697622498
4,0.3,0.15,3,0,-0.9920950026304945,0.9920950026304945,0.3074062413377422,0.9999999999643626,0.007717420554531449,0.7891191966384379,0.061097041360553175,0.1015024086238902,0.0012376177058258532,0.09875787714585531,0.8679549136397613,0.9275568916183593,0.999812423185026,0.07276540328632053,0.9999998055875312,0.9999904697622498
4,0.4,0.15,0,0,0.9893277547406084,-0.9893277547406084,0.2114822760666509,0.9999993411728463,0.9898263689173603,0.7100603419228874,0.05074206934137051,0.07244413681195541,0.9964517009141483,0.06301789708165305,0.7084653267756061,0.7781692518607055,0.0004986141767519187,0.02986217486024434,0.9999976695094408,0.9999954565946327
4,0.4,0.15,1,0,0.010626587610131247,-0.010626587610131247,0.2114822760666509,0.9999993411728463,0.040386551133422786,0.7100603419228874,0.05074206934137051,0.07244413681195541,0.37613344193960024,0.06301789708165305,0.7084653267756061,0.7781692518607055,0.02975996352329154,0.02986217486024434,0.9999976695094408,0.9999954565946327
4,0.4,0.15,2,0,-0.010626587610131022,0.010626587610131022,0.2114822760666509,0.9999993411728463,0.9596134488665772,0.7100603419228874,0.05074206934137051,0.07244413681195541,0.6238665580603996,0.06301789708165305,0.7084653267756061,0.7781692518607055,0.9702400364767082,0.02986217486024434,0.9999976695094408,0.9999954565946327
4,0.4,0.15,3,0,-0.9893277547406079,0.9893277547406079,0.2114822760666509,0.9999993411728463,0.010173631082639993,0.7100603419228874,0.05074206934137051,0.07244413681195541,0.003548299085852032,0.06301789708165305,0.7084653267756061,0.7781692518607055,0.9995013858232479,0.02986217486024434,0.9999976695094408,0.9999954565946327
4,0.5,0.15,0,0,0.9868486961653361,-0.9868486961653361,0.14710297257677388,0.9999901396423921,0.9879158519656239,0.6327149169604487,0.040160001892408884,0.05194990059456524,0.9935143333958049,0.04941562698914872,0.5239694370321988,0.5893631609290445,0.001067155800287773,0.012186534242884605,0.9999834573738061,0.9999998088459844
4,0.5,0.15,1,0,0.012887627977084967,-0.012887627977084967,0.14710297257677388,0.9999901396423921,0.048038173199742504,0.6327149169604487,0.040160001892408884,0.05194990059456524,0.1546502548732591,0.04941562698914872,0.5239694370321988,0.5893631609290445,0.03515054522265754,0.012186534242884605,0.9999834573738061,0.9999998088459844
4,0.5,0.15,2,0,-0.012887627977084315,0.012887627977084315,0.14710297257677388,0.9999901396423921,0.9519618268002579,0.6327149169604487,0.040160001892408884,0.05194990059456524,0.845349745126741,0.04941562698914872,0.5239694370321988,0.5893631609290445,0.9648494547773422,0.012186534242884605,0.9999834573738061,0.9999998088459844
4,0.5,0.15,3,0,-0.9868486961653361,0.9868486961653361,0.14710297257677388,0.9999901396423921,0.01208414803437616,0.6327149169604487,0.040160001892408884,0.05194990059456524,0.006485666604195169,0.04941562698914872,0.5239694370321988,0.5893631609290445,0.9989328441997123,0.012186534242884605,0.9999834573738061,0.9999998088459844
4,0.6,0.15,0,0,0.9844190321408688,-0.9844190321408688,0.10333072363312615,0.9999338651203056,0.9864757103721891,0.5596255446818738,0.030872970386693257,0.03738771829145334,0.9909261928690469,0.043621932010460704,0.366860600453063,0.4209993211947645,0.002056678231320316,0.0049546207380444345,0.9999158909062074,0.99996717527377
4,0.6,0.15,1,0,0.0147066832670672,-0.0147066832670672,0.10333072363312615,0.9999338651203056,0.05384190680743066,0.5596255446818738,0.030872970386693257,0.03738771829145334,0.0483882626937653,0.043621932010460704,0.366860600453063,0.4209993211947645,0.03913522354036346,0.0049546207380444345,0.9999158909062074,0.99996717527377
4,0.6,0.15,2,0,-0.01470668326706659,0.01470668326706659,0.10333072363312615,0.9999338651203056,0.9461580931925695,0.5596255446818738,0.030872970386693257,0.03738771829145334,0.9516117373062343,0.043621932010460704,0.366860600453063,0.4209993211947645,0.9608647764596361,0.0049546207380444345,0.9999158909062074,0.99996717527377
4,0.6,0.15,3,0,-0.9844190321408692,0.9844190321408692,0.10333072363312615,0.9999338651203056,0.013524289627810585,0.5596255446818738,0.030872970386693257,0.03738771829145334,0.009073807130952754,0.043621932010460704,0.366860600453063,0.4209993211947645,0.9979433217686798,0.0049546207380444345,0.9999158909062074,0.99996717527377
4,0.7,0.15,0,0,0.9815657627009374,-0.9815657627009374,0.07317879874846982,0.9996979311791118,0.9854083488879453,0.49224572142941514,0.02330347012073167,0.026979892933251728,0.9889610442077784,0.04014617437807697,0.25259201730472086,0.2947272718633864,0.003842586187007812,0.002010270698703215,0.9996600984907832,0.9997658889536862
4,0.7,0.15,1,0,0.016143893930007876,-0.016143893930007876,0.07317879874846982,0.9996979311791118,0.058172393731275425,0.49224572142941514,0.02330347012073167,0.026979892933251728,0.015194149926700734,0.04014617437807697,0.25259201730472086,0.2947272718633864,0.04202849980126755,0.002010270698703215,0.9996600984907832,0.9997658889536862
4,0.7,0.15,2,0,-0.01614389393000859,0.01614389393000859,0.07317879874846982,0.9996979311791118,0.9418276062687242,0.49224572142941514,0.02330347012073167,0.026979892933251728,0.9848058500732997,0.04014617437807697,0.25259201730472086,0.2947272718633864,0.9579715001987328,0.002010270698703215,0.9996600984907832,0.9997658889536862
4,0.7,0.15,3,0,-0.9815657627009373,0.9815657627009373,0.07317879874846982,0.9996979311791118,0.014591651112054684,0.49224572142941514,0.02330347012073167,0.026979892933251728,0.011038955792221541,0.04014617437807697,0.25259201730472086,0.2947272718633864,0.996157413812992,0.002010270698703215,0.9996600984907832,0.9997658889536862
4,0.8,0.15,0,0,0.9772971628081875,-0.9772971628081875,0.052163889832848295,0.9989025394010536,0.9846248777017889,0.43121166236559333,0.017382986569335186,0.0195080573147288,0.9875023555869189,0.03709981362610711,0.1741786316116126,0.2060325208078988,0.007327714893601388,0.0008155136112601908,0.9988349980985548,0.999016058605864
4,0.8,0.15,1,0,0.017293898586821163,-0.017293898586821163,0.052163889832848295,0.9989025394010536,0.06137308195523319,0.43121166236559333,0.017382986569335186,0.0195080573147288,0.013206982351890396,0.03709981362610711,0.1741786316116126,0.2060325208078988,0.044079183368412024,0.0008155136112601908,0.9988349980985548,0.999016058605864
4,0.8,0.15,2,0,-0.01729389858682051,0.01729389858682051,0.052163889832848295,0.9989025394010536,0.9386269180447672,0.43121166236559333,0.017382986569335186,0.0195080573147288,0.9867930176481097,0.03709981362610711,0.1741786316116126,0.2060325208078988,0.9559208166315877,0.0008155136112601908,0.9988349980985548,0.999016058605864
4,0.8,0.15,3,0,-0.9772971628081865,0.9772971628081865,0.052163889832848295,0.9989025394010536,0.015375122298211514,0.43121166236559333,0.017382986569335186,0.0195080573147288,0.012497644413081389,0.03709981362610711,0.1741786316116126,0.2060325208078988,0.9926722851063979,0.0008155136112601908,0.9988349980985548,0.999016058605864
8,0.3,0.15,0,0,0.9922825798093594,-0.9922825798093594,0.3099121630732211,0.9999999999968759,0.992282581463203,0.5982356454492985,0.07176317219241538,0.13103286367883002,0.9999999730147882,0.007478451623512813,0.999999999969491,0.999999792692613,1.6538436372072613e-09,0.005509988015213035,1.000000000000001,0.9999999999860752
8,0.3,0.15,1,0,0.03059896237222045,-0.03059896237222045,0.3099121630732211,0.9999999999968759,0.030599889984637713,0.5982356454492985,0.07176317219241538,0.13103286367883002,0.9999754494777938,0.007478451623512813,0.999999999969491,0.999999792692613,9.27612417263501e-07,0.005509988015213035,1.000000000000001,0.9999999999860752
8,0.3,0.15,2,0,0.9691320668696374,-0.9691320668696374,0.3099121630732211,0.9999999999968759,0.9693170348321177,0.5982356454492985,0.07176317219241538,0.13103286367883002,0.9987821356524007,0.007478451623512813,0.999999999969491,0.999999792692613,0.00018496796248033094,0.005509988015213035,1.000000000000001,0.9999999999860752
8,0.3,0.15,3,0,0.007984835380367695,-0.007984835380367695,0.3099121630732211,0.9999999999968759,0.03068213060345212,0.5982356454492985,0.07176317219241538,0.13103286367883002,0.6655706417104317,0.007478451623512813,0.999999999969491,0.999999792692613,0.022697295223084425,0.005509988015213035,1.000000000000001,0.9999999999860752
8,0.4,0.15,0,0,0.9898263536837684,-0.9898263536837684,0.21531072709083965,0.9999999999993473,0.9898263669610156,0.46950635260106893,0.06052765872012098,0.09604068662866802,0.9999997465960203,0.0020192340092745754,0.9999999994571284,0.9999998058308186,1.3277247182565138e-08,0.0009566466962887051,0.9999999999999969,0.9999999999031872
8,0.4,0.15,1,0,0.04038158581409945,-0.04038158581409945,0.21531072709083965,0.9999999999993473,0.040385434600635164,0.46950635260106893,0.06052765872012098,0.09604068662866802,0.9998589086960139,0.0020192340092745754,0.9999999994571284,0.9999998058308186,3.848786535715295e-06,0.0009566466962887051,0.9999999999999969,0.9999999999031872
8,0.4,0.15,2,0,0.9589247725724337,-0.9589247725724337,0.21531072709083965,0.9999999999993473,0.9594111129126515,0.46950635260106893,0.06052765872012098,0.09604068662866802,0.9965539682260384,0.0020192340092745754,0.9999999994571284,0.9999998058308186,0.00048634034021777066,0.0009566466962887051,0.9999999999999969,0.9999999999031872
8,0.4,0.15,3,0,0.010828804120210003,-0.010828804120210003,0.21531072709083965,0.9999999999993473,0.04058776817980105,0.46950635260106893,0.06052765872012098,0.09604068662866802,0.37609277493914683,0.0020192340092745754,0.9999999994571284,0.9999998058308186,0.02975896405959105,0.0009566466962887051,0.9999999999999969,0.9999999999031872
8,0.5,0.15,0,0,0.9879157357174086,-0.9879157357174086,0.1518707862756149,0.9999999999973639,0.9879158033671176,0.3590106150773501,0.0488336458217215,0.0708659257859235,0.9999988346191726,0.000670224914011223,0.9999999938824389,0.999999814632077,6.76497089669669e-08,0.00016515987263419744,0.9999999999999524,0.9999999848067238
8,0.5,0.15,1,0,0.048027302106900226,-0.048027302106900226,0.1518707862756149,0.9999999999973639,0.04803869168247103,0.3590106150773501,0.0488336458217215,0.0708659257859235,0.9995479076108023,0.000670224914011223,0.9999999938824389,0.999999814632077,1.1389575570807795e-05,0.00016515987263419744,0.9999999999999524,0.9999999848067238
8,0.5,0.15,2,0,0.9505684650292457,-0.9505684650292457,0.1518707862756149,0.9999999999973639,0.9515934809006306,0.3590106150773501,0.0488336458217215,0.0708659257859235,0.9938106501835425,0.000670224914011223,0.9999999938824389,0.999999814632077,0.0010250158713847898,0.00016515987263419744,0.9999999999999524,0.9999999848067238
8,0.5,0.15,3,0,0.013261158512694673,-0.013261158512694673,0.1518707862756149,0.9999999999973639,0.04840698596139917,0.3590106150773501,0.0488336458217215,0.0708659257859235,0.1546899646007494,0.000670224914011223,0.9999999938824389,0.999999814632077,0.035145827448704495,0.00016515987263419744,0.9999999999999524,0.9999999848067238
8,0.6,0.15,0,0,0.986475233565606,-0.986475233565606,0.10859311885550321,0.9999999999895317,0.9864755055252149,0.2691136885248396,0.03840931750603596,0.05256253401940942,0.9999965350624719,0.0002505679226835094,0.9999999496003815,0.9999998820054248,2.719596089961088e-07,2.840553466488213e-05,0.999999999999553,0.9999999887424706
8,0.6,0.15,1,0,0.05381911050112149,-0.05381911050112149,0.10859311885550321,0.9999999999895317,0.053847365874953874,0.2691136885248396,0.03840931750603596,0.05256253401940942,0.9989835041924512,0.0002505679226835094,0.9999999496003815,0.9999998820054248,2.8255373832385044e-05,2.840553466488213e-05,0.999999999999553,0.9999999887424706
8,0.6,0.15,2,0,0.9436646676974307,-0.9436646676974307,0.10859311885550321,0.9999999999895317,0.9455959920215615,0.2691136885248396,0.03840931750603596,0.05256253401940942,0.9915301296608919,0.0002505679226835094,0.9999999496003815,0.9999998820054248,0.0019313243241307972,2.840553466488213e-05,0.999999999999553,0.9999999887424706
8,0.6,0.15,3,0,0.015287689942216798,-0.015287689942216798,0.10859311885550321,0.9999999999895317,0.054409249029062565,0.2691136885248396,0.03840931750603596,0.05256253401940942,0.0487198715006441,0.0002505679226835094,0.9999999496003815,0.9999998820054248,0.03912155908684577,2.840553466488213e-05,0.999999999999553,0.9999999887424706
8,0.7,0.15,0,0,0.985406829811816,-0.985406829811816,0.07854820776123973,0.9999999999663842,0.9854078079181912,0.19873448370541164,0.029756592955272936,0.039141861107344904,0.9999920385126508,9.77296932731676e-05,0.9999996775459715,0.9999999967365477,9.781063751298596e-07,4.874718219198399e-06,0.9999999999974432,0.9999999950678913
8,0.7,0.15,1,0,0.05812197716914313,-0.05812197716914313,0.07854820776123973,0.9999999999663842,0.05818668897913244,0.19873448370541164,0.029756592955272936,0.039141861107344904,0.9981315351430964,9.77296932731676e-05,0.9999996775459715,0.9999999967365477,6.471180998931528e-05,4.874718219198399e-06,0.9999999999974432,0.9999999950678913
8,0.7,0.15,2,0,0.9375747159239918,-0.9375747159239918,0.07854820776123973,0.9999999999663842,0.9410617330673265,0.19873448370541164,0.029756592955272936,0.039141861107344904,0.9899688096894154,9.77296932731676e-05,0.9999996775459715,0.9999999967365477,0.003487017143334785,4.874718219198399e-06,0.9999999999974432,0.9999999950678913
8,0.7,0.15,3,0,0.01695185672287841,-0.01695185672287841,0.07854820776123973,0.9999999999663842,0.05895198114844314,0.19873448370541164,0.029756592955272936,0.039141861107344904,0.01603418104246936,9.77296932731676e-05,0.9999996775459715,0.9999999967365477,0.04200012442556473,4.874718219198399e-06,0.9999999999974432,0.9999999950678913
8,0.8,0.15,0,0,0.9846204180190996,-0.9846204180190996,0.05735130850034048,0.9999999999147491,0.9846237760245435,0.14513585604544943,0.02284043606651572,0.029235982042732162,0.9999843961586362,3.830774728377232e-05,0.9999983344315,0.9999996125471333,3.3580054439467933e-06,8.360925832650237e-07,0.9999999999906164,0.9999999959060734
8,0.8,0.15,1,0,0.06125502080414265,-0.06125502080414265,0.05735130850034048,0.9999999999147491,0.06139986400724569,0.14513585604544943,0.02284043606651572,0.029235982042732162,0.9969488155592635,3.830774728377232e-05,0.9999983344315,0.9999996125471333,0.0001448432031030369,8.360925832650237e-07,0.9999999999906164,0.9999999959060734
8,0.8,0.15,2,0,0.9313343178548168,-0.9313343178548168,0.05735130850034048,0.9999999999147491,0.9376610647256896,0.14513585604544943,0.02284043606651572,0.029235982042732162,0.9889978568169685,3.830774728377232e-05,0.9999983344315,0.9999996125471333,0.006326746870872749,8.360925832650237e-07,0.9999999999906164,0.9999999959060734
8,0.8,0.15,3,0,0.01832766135330132,-0.01832766135330132,0.05735130850034048,0.9999999999147491,0.062364521117494603,0.14513585604544943,0.02284043606651572,0.029235982042732162,0.014765628057000123,3.830774728377232e-05,0.9999983344315,0.9999996125471333,0.04403685976419328,8.360925832650237e-07,0.9999999999906164,0.9999999959060734
