case_id,length,gamma,skin,steps,dt,physical_time,boundary,t1,t2,groups,initial,reference_dps,entropy,W_entropy,entropy_error,distance_to_W,restricted_trace_distance,binary_entropy_bound,graph_identity_error,alpha,overlap_condition,ratio,eta,eta_sharp,graph_norm,graph_distance,bound_distance,reference_status,W_double_projector_error,W_double_entropy_error,double_sigma_next_relative_error,double_step_projector_error,double_step_entropy_error,double_step_orthogonality,double_half_projector_error,double_half_entropy_error,double_half_orthogonality,actual_double_status,W_double_status,controlled,sufficient_bound_certified,entropy_close_only,observed_reference_entropy_change,observed_reference_projector_change,entropy_bound_from_overlap,both_tolerances_bound_certified
L16_gamma0p5_g0p0_T100,16,0.5,0.0,100,0.05,5.0,open,0.5,1.0,['time'],charge_density_wave,80,2.9744916672475914,2.158743160525066,0.8157485067225253,0.9765727451101213,2.356059616898026,4.849107165304669,0.0,0.14809634859123513,6.752332730202029,0.8046049994856597,5.432983372915374,5.373073526872455,4.538240391830596,0.9765727451101213,0.9831182548031039,converged,2.85221780545231e-15,7.549516567451064e-15,6.14361256918746e-16,8.17453147854149e-15,5.773159728050814e-15,6.785613987797222e-16,2.1325468318268016e-14,3.1086244689504383e-15,7.527645787976698e-16,reference_validated,reference_validated,False,False,False,0.0,1.7563746853384343e-59,5.545177444479562,False
L16_gamma0p5_g0p0_T100,16,0.5,0.0,100,0.05,5.0,open,0.5,1.0,['time'],left,80,1.461688030417401,2.158743160525066,0.6970551301076652,0.991684015743853,2.959193314305384,5.271215939287552,5.271098971615262e-81,0.07035699681623159,14.213223218882035,0.8046049994856597,11.436033882845248,11.407693972244664,7.705596524108683,0.991684015743853,0.9961798526395631,converged,2.85221780545231e-15,7.549516567451064e-15,6.14361256918746e-16,2.205796574272194e-15,1.7541523789077473e-14,8.856361481904338e-16,4.6939240516153714e-15,1.5765166949677223e-14,8.782581668767273e-16,reference_validated,reference_validated,False,False,False,0.0,1.7563746853384343e-59,5.545177444479562,False
L16_gamma0p5_g0p0_T300,16,0.5,0.0,300,0.05,15.0,open,0.5,1.0,['time'],charge_density_wave,80,3.1784226645492324,1.48451841831853,1.6939042462307026,0.9861256983309119,3.3687936442921216,5.44515452074464,1.792173650349189e-80,0.1280482115309729,7.8095249884034414,0.766984865988195,5.98981318690791,5.940504711672315,5.940504711672315,0.9861256983309119,0.9861256983309119,converged,4.1281451374603184e-14,1.9984014443252818e-15,5.595241378561881e-15,1.9054615052533978e-14,2.220446049250313e-15,3.579292548070329e-16,5.3013689705619676e-14,1.9095836023552692e-14,1.09572905147033e-15,reference_validated,reference_validated,False,False,False,0.0,2.5166574312963896e-59,5.545177444479562,False
L16_gamma0p5_g0p0_T300,16,0.5,0.0,300,0.05,15.0,open,0.5,1.0,['time'],left,80,1.5965931859541282,1.48451841831853,0.11207476763559807,0.9999976281069001,2.7390220961502574,5.140800402824008,1.6867516709168837e-80,0.0011399849745950357,877.2044612182768,0.766984865988195,672.8026097542697,672.8021725785162,459.1310601834679,0.9999976281069001,0.9999988954267681,converged,4.1281451374603184e-14,1.9984014443252818e-15,5.595241378561881e-15,6.215019067771831e-15,1.7763568394002505e-15,5.970624131406929e-16,1.7324571366362226e-14,1.5543122344752192e-15,2.8268187848908346e-16,reference_validated,reference_validated,False,False,False,0.0,2.5166574312963896e-59,5.545177444479562,False
L16_gamma0p5_g0p25_T100,16,0.5,0.25,100,0.05,5.0,open,0.5,1.0,['time'],charge_density_wave,80,1.989449948772214,1.2604341079349415,0.7290158408372722,0.9836475563784829,1.797912023271971,4.262726831288316,1.1596417737553576e-80,0.061330555984520176,16.305083565748756,0.7732898503173237,12.608557641520516,12.584822152376315,5.46155021899253,0.9836475563784829,0.9968578626892701,converged,1.904829841539112e-15,7.105427357601002e-15,2.2874480264237497e-16,6.1617771018704155e-15,4.218847493575595e-15,5.448512301846518e-16,1.0656260465846766e-14,3.774758283725532e-15,5.05288684579012e-16,reference_validated,reference_validated,False,False,False,0.0,1.490385179212619e-59,5.545177444479562,False
L16_gamma0p5_g0p25_T100,16,0.5,0.25,100,0.05,5.0,open,0.5,1.0,['time'],left,80,1.234362679897689,1.2604341079349415,0.02607142803725251,0.9992864000818129,2.3269888978392768,4.8234563905809305,3.162659382969157e-81,0.015034385156393541,66.51419223480383,0.7732898503173237,51.43475055835413,51.42893726111309,26.45605441675953,0.9992864000818129,0.9998110130671728,converged,1.904829841539112e-15,7.105427357601002e-15,2.2874480264237497e-16,1.955015722262783e-15,5.995204332975845e-15,4.0339319758384995e-16,3.2987652667536794e-15,2.2870594307278225e-14,5.827576710363653e-16,reference_validated,reference_validated,False,False,True,0.0,1.490385179212619e-59,5.545177444479562,False
L16_gamma0p5_g0p25_T300,16,0.5,0.25,300,0.05,15.0,open,0.5,1.0,['time'],charge_density_wave,80,2.748008518226643,1.4275630805445536,1.3204454376820893,0.8756110232175506,1.7878430060036317,4.250222352887522,3.162659382969157e-81,0.06153170377228264,16.25178194651705,0.6703271873626795,10.894013106535052,10.873370361908949,1.8127957920827868,0.8756110232175506,0.9957976009159988,converged,3.3493002353562554e-14,1.3322676295501878e-15,1.5243623578572045e-15,1.763862859797493e-14,0.0,9.991894917121621e-16,3.667642012549857e-14,3.9968028886505635e-15,6.976010828631964e-16,reference_validated,reference_validated,False,False,False,0.0,3.62446091939223e-59,5.545177444479562,False
L16_gamma0p5_g0p25_T300,16,0.5,0.25,300,0.05,15.0,open,0.5,1.0,['time'],left,80,1.7784959570916814,1.4275630805445536,0.3509328765471278,0.7863523385399176,0.862678232598416,2.7357147019228716,3.478925321266073e-80,0.3734292459009201,2.6778834441686863,0.6703271873626795,1.7950580858911453,1.6652011871259347,1.27287146161014,0.7863523385399176,0.8572931482675871,converged,3.3493002353562554e-14,1.3322676295501878e-15,1.5243623578572045e-15,6.678182039794671e-15,8.881784197001252e-16,6.176176910615921e-16,1.4198379992928806e-14,7.771561172376096e-15,5.427686310015165e-16,reference_validated,reference_validated,False,False,False,0.0,3.62446091939223e-59,5.545177444479562,False
L16_gamma1p6_g0p0_T100,16,1.6,0.0,100,0.05,5.0,open,0.5,1.0,['controls'],charge_density_wave,80,0.3772889599157062,0.37720057554498,8.838437072625724e-05,0.00020803007904185596,0.000290416105287591,0.003259519777625829,9.073857140834768e-81,0.8327013675540688,1.2009102179913231,0.00031284079003903744,0.0003756938588415662,0.0002080300835432644,0.0002080300835432644,0.00020803007904185596,0.00020803007904185596,converged,2.186095563568836e-15,1.6042722705833512e-14,2.3494755744265437e-13,1.2633704073070292e-15,2.4424906541753444e-14,7.283091111451277e-16,1.3887508883101528e-15,2.986499936241671e-14,9.382900110297618e-16,reference_validated,reference_validated,True,True,False,0.0,1.6030485413326153e-58,0.015773213142683453,True
L16_gamma1p6_g0p0_T100,16,1.6,0.0,100,0.05,5.0,open,0.5,1.0,['controls'],left,80,0.7232225669391452,0.37720057554498,0.3460219913941653,0.9999253241127882,1.151297469682688,3.2960172944990793,1.9808789935330153e-78,9.225369712838981e-08,10839673.976516046,0.00031284079003903744,3391.092170578874,3391.0921705788596,81.82207370039204,0.9999253241127882,0.9999999565198746,converged,2.186095563568836e-15,1.6042722705833512e-14,2.3494755744265437e-13,2.3672787612891694e-15,1.1324274851176597e-14,7.172278687306334e-16,7.798319584513286e-15,1.8318679906315083e-14,9.347873724236643e-16,reference_validated,reference_validated,False,False,False,0.0,1.6030485413326153e-58,5.545177444479562,False
L16_gamma1p6_g0p0_T300,16,1.6,0.0,300,0.05,15.0,open,0.5,1.0,['controls'],charge_density_wave,80,0.37751747588419854,0.3775174754900379,3.9416064183660283e-10,9.144334136873849e-10,9.282638750661247e-10,2.2164292644266547e-08,1.2575740171421297e-78,0.8322872611491102,1.2015077335800817,1.3729209356702233e-09,1.6495758132530815e-09,9.144334136873849e-10,9.144334136873849e-10,9.144334136873849e-10,9.144334136873849e-10,converged,1.1487163808594907e-11,1.2225220835659911e-12,0.000122087462421477,1.4275289271039474e-15,2.4702462297909733e-14,9.797279631224655e-16,1.198372111007581e-15,3.219646771412954e-15,5.082140087964118e-16,reference_validated,reference_validated,True,True,False,0.0,1.4206673254165965e-54,1.5957021420917357e-07,True
L16_gamma1p6_g0p0_T300,16,1.6,0.0,300,0.05,15.0,open,0.5,1.0,['controls'],left,80,0.3775113039387986,0.3775174754900379,6.171551239270933e-06,1.6726025457590428e-05,1.3561974869255108e-05,0.00019376917528367478,2.854114272200493e-72,2.46502395515347e-07,4056755.7078273543,1.3729209356702233e-09,0.0055696048421758505,0.005569604842175681,1.6726025459930065e-05,1.6726025457590428e-05,0.005569518458227224,converged,1.1487163808594907e-11,1.2225220835659911e-12,0.000122087462421477,1.4696037167299832e-15,1.865174681370263e-14,8.249548953151413e-16,1.3650732723212233e-15,2.9476421303797906e-14,7.963362142799308e-16,reference_validated,reference_validated,True,True,False,0.0,1.4206673254165965e-54,0.27569814732038467,False
L16_gamma1p6_g0p25_T100,16,1.6,0.25,100,0.05,5.0,open,0.5,1.0,['controls'],charge_density_wave,80,0.28168099559902904,0.2815627127144838,0.0001182828845452461,0.0002796343124363766,0.00037540292295378794,0.004117017099654184,1.4607224171633426e-80,0.7811620233261489,1.28014413648657,0.0003528827066384985,0.0004517407350858424,0.0002820345494640411,0.0002796343233694285,0.0002796343124363766,0.00028203453824703604,converged,2.211791701443067e-15,2.042810365310288e-14,1.3723344578572762e-12,1.2104563196619177e-15,1.1435297153639112e-14,6.109998464638298e-16,9.633782795844951e-16,3.6637359812630166e-15,4.702711069451688e-16,reference_validated,reference_validated,True,True,False,0.0,1.9220296614197548e-58,0.02069758966146327,True
L16_gamma1p6_g0p25_T100,16,1.6,0.25,100,0.05,5.0,open,0.5,1.0,['controls'],left,80,0.36191591894968744,0.2815627127144838,0.08035320623520364,0.9980331054880566,1.0594025319311353,3.1277701193991407,3.7825406220311117e-78,5.046454243924521e-07,1981589.3529677999,0.0003528827066384985,699.2686143213082,699.268614321219,15.920366935595197,0.9980331054880566,0.9999989774577388,converged,2.211791701443067e-15,2.042810365310288e-14,1.3723344578572762e-12,5.605159576272037e-15,1.8318679906315083e-14,6.143710426106023e-16,5.100671223030216e-15,7.716050021144838e-15,6.159625097149053e-16,reference_validated,reference_validated,False,False,False,0.0,1.9220296614197548e-58,5.545177444479562,False
L16_gamma1p6_g0p25_T300,16,1.6,0.25,300,0.05,15.0,open,0.5,1.0,['controls'],charge_density_wave,80,0.2819237005406704,0.2819236999758603,5.648100700036959e-10,1.4175625034562842e-09,1.2704895314310332e-09,2.993693244851134e-08,1.2015110289282938e-77,0.7806462642919613,1.2809899048372793,2.0436923328791513e-09,2.617949289404159e-09,1.6361479549303337e-09,1.4175625034562842e-09,1.4175625034562842e-09,1.6361479549303337e-09,converged,1.1540885805464711e-11,1.0318967902378517e-12,0.0018438354953323403,1.5029074162129059e-15,9.603429163007604e-15,6.100909116483879e-16,1.3319092002224593e-15,5.051514762044462e-15,7.236516460087276e-16,reference_validated,reference_validated,True,True,False,0.0,3.0490084665962703e-55,2.778954259637122e-07,True
L16_gamma1p6_g0p25_T300,16,1.6,0.25,300,0.05,15.0,open,0.5,1.0,['controls'],left,80,0.28191796864112273,0.2819236999758603,5.731334737606596e-06,1.2186980099816601e-05,1.2150478236155921e-05,0.00017493751658890865,2.5038070859973036e-72,1.2090299291576316e-06,827109.3840470357,2.0436923328791513e-09,0.0016903571066293243,0.001690357106628089,1.2186980100721622e-05,1.2186980099816601e-05,0.0016903546916985424,converged,1.1540885805464711e-11,1.0318967902378517e-12,0.0018438354953323403,1.474102169549372e-15,1.432187701766452e-14,7.05090885108532e-16,1.8162859774577645e-15,3.9968028886505635e-15,5.242341797995211e-16,reference_validated,reference_validated,True,True,False,0.0,3.0490084665962703e-55,0.09982519777450911,False
L16_gamma2p0_g0p0_T100,16,2.0,0.0,100,0.05,5.0,open,0.5,1.0,"['controls', 'time']",charge_density_wave,80,0.2549455287105752,0.2549454177919246,1.1091865059338445e-07,2.773176584194428e-07,4.824995109321791e-07,8.503439871230994e-06,2.529857661754815e-81,0.9150368289409005,1.0928518941573975,6.290891238583258e-07,6.875014250371301e-07,2.773176584194535e-07,2.773176584194535e-07,2.773176584194428e-07,2.773176584194428e-07,converged,1.56445479616106e-15,3.47499806707674e-14,1.1897699507657476e-10,1.027022828993303e-15,1.9095836023552692e-14,9.02287646453224e-16,1.3488344759367422e-15,3.6137759451548845e-14,9.035805592382935e-16,reference_validated,reference_validated,True,True,False,0.0,1.0916764782694775e-58,3.571430376363568e-05,True
L16_gamma2p0_g0p0_T100,16,2.0,0.0,100,0.05,5.0,open,0.5,1.0,"['controls', 'time']",left,80,0.2797372172621451,0.2549454177919246,0.024791799470220532,0.9995117417755564,1.0058752655049477,3.025574336841041,5.150063997029032e-76,1.9746204536522444e-09,506426436.609834,6.290891238583258e-07,318.5873633055744,318.5873633055744,31.989034862214204,0.9995117417755564,0.9999950738264961,converged,1.56445479616106e-15,3.47499806707674e-14,1.1897699507657476e-10,6.6908415863012815e-15,8.992806499463768e-15,6.566322580198117e-16,8.610991071517961e-15,2.1149748619109232e-14,5.214234477503333e-16,reference_validated,reference_validated,False,False,True,0.0,1.0916764782694775e-58,5.545177444479562,False
L16_gamma2p0_g0p0_T150,16,2.0,0.0,150,0.05,7.5,open,0.5,1.0,['time'],charge_density_wave,80,0.25494569014835544,0.2549456900285761,1.1977933536245207e-10,3.2606001671545764e-10,4.647582257577436e-10,1.1418619441154291e-08,4.566437327601027e-81,0.9150365515820349,1.0928522254142843,7.396587339075336e-10,8.083379102492844e-10,3.2606001671545764e-10,3.2606001671545764e-10,3.2606001671545764e-10,3.2606001671545764e-10,converged,4.0946556818919876e-15,7.932543510946743e-14,1.9150894682999928e-08,8.604656620203757e-16,9.992007221626409e-15,3.595941993015697e-16,9.828125337163616e-16,2.4702462297909733e-14,7.101047178805074e-16,reference_validated,reference_validated,True,True,False,0.0,3.2757501537388665e-58,5.958796275558713e-08,True
L16_gamma2p0_g0p0_T150,16,2.0,0.0,150,0.05,7.5,open,0.5,1.0,['time'],left,80,0.257534164943444,0.2549456900285761,0.002588474914867926,0.0177011941616756,0.0012745097103020375,0.012419530729499861,2.3346891488706624e-72,2.1270005726939056e-09,470145618.5944849,7.396587339075336e-10,0.3477473130017709,0.3477473130017709,0.017703967991256602,0.0177011941616756,0.32845425062822997,converged,4.0946556818919876e-15,7.932543510946743e-14,1.9150894682999928e-08,1.0419335239410131e-15,2.831068712794149e-15,9.158104684132048e-16,2.086896327860971e-15,8.548717289613705e-15,3.7795235889211347e-16,reference_validated,reference_validated,True,False,False,0.0,3.2757501537388665e-58,5.064628412028328,False
L16_gamma2p0_g0p0_T20,16,2.0,0.0,20,0.05,1.0,open,0.5,1.0,['time'],charge_density_wave,80,0.24159850871945998,0.23211183233928726,0.009486676380172724,0.01321126668223086,0.05212662509258831,0.3143368911689921,4.183934808719614e-81,0.9280989342636323,1.0774710688345672,0.0329339874611733,0.03548542751781481,0.013212419764349323,0.013212419764349323,0.01321126668223086,0.01321126668223086,converged,2.477027880904632e-15,6.802891583390647e-14,1.737279216719809e-16,6.720222273480224e-16,5.218048215738236e-15,6.695558117437691e-16,7.038448248050836e-16,1.2323475573339238e-14,4.461994830784279e-16,reference_validated,reference_validated,True,True,False,0.0,1.2013132922062537e-59,0.5622768325809622,False
L16_gamma2p0_g0p0_T20,16,2.0,0.0,20,0.05,1.0,open,0.5,1.0,['time'],left,80,0.10928727754964675,0.23211183233928726,0.12282455478964051,1.0,3.040580326539665,5.312797021001912,2.1084395886461046e-80,8.885000350944544e-12,112549235847.09734,0.0329339874611733,3706695122.1529403,3706695122.1529403,2843888137.287048,1.0,1.0,converged,2.477027880904632e-15,6.802891583390647e-14,1.737279216719809e-16,1.0947115820908771e-15,3.046174423815273e-14,1.1865553624467777e-15,7.027818779192239e-16,1.3281042932078435e-14,5.843548809424504e-16,reference_validated,reference_validated,False,False,False,0.0,1.2013132922062537e-59,5.545177444479562,False
L16_gamma2p0_g0p0_T200,16,2.0,0.0,200,0.05,10.0,open,0.5,1.0,['time'],charge_density_wave,80,0.2549456903245745,0.25494569032443803,1.3644564778212337e-13,3.8336937174070457e-13,4.853643965073228e-13,1.5256613418748275e-11,3.246201440120893e-81,0.9150365512559263,1.0928522258037643,8.696635250037714e-13,9.504139739665278e-13,3.8336937174070457e-13,3.8336937174070457e-13,3.8336937174070457e-13,3.8336937174070457e-13,converged,7.49677747416434e-15,5.723199691942682e-14,0.0007543934203420845,7.613729743471115e-16,2.6478819137309983e-14,4.846239842466422e-16,1.2607945510518355e-15,6.34492458573277e-14,7.023572609523214e-16,reference_validated,reference_validated,True,True,False,0.0,5.240693558820678e-58,9.0750515138069e-11,True
L16_gamma2p0_g0p0_T200,16,2.0,0.0,200,0.05,10.0,open,0.5,1.0,['time'],left,80,0.2549450513517906,0.25494569032443803,6.389726474493029e-07,1.3663764541818358e-05,2.2677995544884716e-06,3.645746756526124e-05,6.266237865707902e-72,2.1280623843551047e-09,469911036.1386531,8.696635250037714e-13,0.00040866448812651565,0.00040866448812651565,1.366376454309386e-05,1.3663764541818358e-05,0.00040866445400167354,converged,7.49677747416434e-15,5.723199691942682e-14,0.0007543934203420845,5.708283764753379e-16,3.880229471064922e-14,4.856625248848548e-16,1.0257680587613981e-15,2.6645352591003757e-15,8.977390067231267e-16,reference_validated,reference_validated,True,True,False,0.0,5.240693558820678e-58,0.02877786244627315,True
L16_gamma2p0_g0p0_T300,16,2.0,0.0,300,0.05,15.0,open,0.5,1.0,"['controls', 'time']",charge_density_wave,80,0.25494569032477626,0.25494569032477626,1.859321731164871e-19,5.29977150909923e-19,5.907180217473122e-19,2.6613258525407505e-17,2.5917866683424433e-79,0.9150365512555425,1.0928522258042228,1.2022394880891167e-18,1.3138704529775304e-18,5.29977150909923e-19,5.29977150909923e-19,5.29977150909923e-19,5.29977150909923e-19,converged,9.567297369497779e-14,5.440092820663267e-15,0.999993639628666,8.749732925667463e-16,1.2712053631958042e-14,5.076337720470022e-16,9.840276824897294e-16,1.965094753586527e-14,4.786585167720697e-16,reference_validated,reference_validated,True,True,False,0.0,1.217089073185849e-56,1.8265748599308233e-16,True
L16_gamma2p0_g0p0_T300,16,2.0,0.0,300,0.05,15.0,open,0.5,1.0,"['controls', 'time']",left,80,0.25494569032293374,0.25494569032477626,1.842500131231323e-12,1.1813064011448595e-11,4.8255218410584555e-12,1.40599028359595e-10,1.2339862293679062e-71,2.128065441506963e-09,469910361.07041067,1.2022394880891167e-18,5.649447919410625e-10,5.649447919410625e-10,1.1813064011448595e-11,1.1813064011448595e-11,5.649447919410625e-10,converged,9.567297369497779e-14,5.440092820663267e-15,0.999993639628666,9.211586877345303e-16,8.43769498715119e-15,8.632291058602754e-16,1.0309517666717607e-15,1.2490009027033011e-14,8.183187463406326e-16,reference_validated,reference_validated,True,True,False,0.0,1.217089073185849e-56,1.0076035822680887e-07,True
L16_gamma2p0_g0p0_T40,16,2.0,0.0,40,0.05,2.0,open,0.5,1.0,['time'],charge_density_wave,80,0.2542380846023896,0.25373100220691086,0.0005070823954787311,0.0009079773220827493,0.002634794204144242,0.023761172362716167,5.79306131118732e-81,0.9159448517186203,1.091768494811932,0.002072386932230961,0.0022625673678305707,0.0009079776963615918,0.0009079776963615918,0.0009079773220827493,0.0009079773220827493,converged,1.6892522082615813e-15,5.834221994405198e-14,4.596077721094341e-15,5.596743090047824e-16,9.769962616701378e-15,5.673237722956001e-16,9.469778177699528e-16,3.147482274812319e-14,6.807198664737117e-16,reference_validated,reference_validated,True,True,False,0.0,2.1003991675092487e-59,0.05813842009747722,False
L16_gamma2p0_g0p0_T40,16,2.0,0.0,40,0.05,2.0,open,0.5,1.0,['time'],left,80,0.6872775650469432,0.25373100220691086,0.43354656284003235,0.9999999999999648,2.8365380246245535,5.201825544929913,4.2168791772922093e-81,2.416751097001029e-10,4137786473.919098,0.002072386932230961,8575094.616911964,8575094.616911964,3768969.9686641647,0.9999999999999648,0.9999999999999932,converged,1.6892522082615813e-15,5.834221994405198e-14,4.596077721094341e-15,1.0898425185778786e-15,2.3203661214665772e-14,1.003940817673081e-15,1.809415323114155e-15,1.6653345369377348e-14,1.1908873170726948e-15,reference_validated,reference_validated,False,False,False,0.0,2.1003991675092487e-59,5.545177444479562,False
L16_gamma2p0_g0p0_T60,16,2.0,0.0,60,0.05,3.0,open,0.5,1.0,['time'],charge_density_wave,80,0.2549043545080791,0.25487533133745394,2.9023170625178418e-05,6.119097817541636e-05,0.00014163100706601466,0.0016913175625717194,5.684447846049544e-81,0.9150978193573411,1.0927790566048083,0.0001388673070551118,0.00015175132550598376,6.119097828997614e-05,6.119097828997614e-05,6.119097817541636e-05,6.119097817541636e-05,converged,1.2992939828785473e-15,1.3600232051658168e-14,8.646424194826065e-13,8.500356032215968e-16,3.952393967665557e-14,5.702640613441923e-16,1.1860366157240166e-15,2.0317081350640365e-14,4.0440138040586067e-16,reference_validated,reference_validated,True,True,False,0.0,2.550608048056687e-59,0.0052386723302340725,True
L16_gamma2p0_g0p0_T60,16,2.0,0.0,60,0.05,3.0,open,0.5,1.0,['time'],left,80,0.27930064987958264,0.25487533133745394,0.024425318542128698,0.9999999998978325,2.0169033354267114,4.5171563060524695,3.162659382969157e-81,4.832916272868126e-10,2069144060.3140087,0.0001388673070551118,287336.46356488625,287336.46356488625,69956.60675451266,0.9999999998978325,0.999999999993944,converged,1.2992939828785473e-15,1.3600232051658168e-14,8.646424194826065e-13,1.624382948918174e-15,3.7414515929867775e-14,1.1667003741998678e-15,2.0683823923529345e-15,2.9254376698872875e-14,7.236939672346102e-16,reference_validated,reference_validated,False,False,True,0.0,2.550608048056687e-59,5.545177444479562,False
L16_gamma2p0_g0p0_T80,16,2.0,0.0,80,0.05,4.0,open,0.5,1.0,['time'],charge_density_wave,80,0.25494314580660593,0.25494138402789157,1.7617787143575435e-06,4.119527637758473e-06,8.096487502338563e-06,0.00011985652493430479,5.569818172979078e-83,0.915040676228286,1.0928472992630969,9.345301043531689e-06,1.0212989746042947e-05,4.119527637793428e-06,4.119527637793428e-06,4.119527637758473e-06,4.119527637758473e-06,converged,1.2005540689958174e-15,5.2458037913538647e-14,6.947436934863331e-12,1.0350840597706145e-15,1.454392162258955e-14,1.1183112092642497e-15,1.0142203251271692e-15,3.708144902248023e-14,6.757272952182555e-16,reference_validated,reference_validated,True,True,False,0.0,8.086542005520336e-59,0.00044160578258766034,True
L16_gamma2p0_g0p0_T80,16,2.0,0.0,80,0.05,4.0,open,0.5,1.0,['time'],left,80,0.8957291202393506,0.25494138402789157,0.640787736211459,0.9999994383102974,1.6562646333433455,4.079992795710542,2.3930789331133288e-79,1.4731989697895897e-09,678794935.7192569,9.345301043531689e-06,6343.543021121197,6343.543021121197,943.4884503542062,0.9999994383102974,0.9999999875747191,converged,1.2005540689958174e-15,5.2458037913538647e-14,6.947436934863331e-12,9.34302941221449e-15,4.884981308350689e-15,1.0823715126426787e-15,1.0616066564465645e-14,2.1760371282653068e-14,6.899730750355964e-16,reference_validated,reference_validated,False,False,False,0.0,8.086542005520336e-59,5.545177444479562,False
L16_gamma2p0_g0p25_T100,16,2.0,0.25,100,0.05,5.0,open,0.5,1.0,"['controls', 'time']",charge_density_wave,80,0.1807880127258462,0.18078788754990735,1.2517593882329985e-07,3.5583199497160953e-07,6.145849189736625e-07,1.0682567701820116e-05,2.3838198443298605e-81,0.8848107700358611,1.1301851463628896,6.769467383089496e-07,7.650751564444827e-07,3.5648717859331796e-07,3.5583199497163203e-07,3.5583199497160953e-07,3.564871785932953e-07,converged,1.3054746564390308e-15,5.44286837822483e-14,2.426760714715794e-10,1.0989156691146704e-15,7.827072323607354e-15,9.06534979450332e-16,1.0523382720561214e-15,4.005129561335252e-14,7.042475427763414e-16,reference_validated,reference_validated,True,True,False,0.0,1.0084786158417758e-58,4.519392553634298e-05,True
L16_gamma2p0_g0p25_T100,16,2.0,0.25,100,0.05,5.0,open,0.5,1.0,"['controls', 'time']",left,80,0.2930350812765565,0.18078788754990735,0.11224719372664911,0.9882964194265625,0.979898233145866,2.9748128144951975,2.2065695297610773e-75,1.0731503890198504e-08,93183584.5405916,6.769467383089496e-07,63.08032361868975,63.08032361868974,6.478691226469608,0.9882964194265625,0.9998743679833951,converged,1.3054746564390308e-15,5.44286837822483e-14,2.426760714715794e-10,1.4572123924892216e-14,1.354472090042691e-14,7.114853917057654e-16,4.0619506614418915e-14,2.2926105458509483e-14,5.358417724500103e-16,reference_validated,reference_validated,False,False,False,0.0,1.0084786158417758e-58,5.545177444479562,False
L16_gamma2p0_g0p25_T150,16,2.0,0.25,150,0.05,7.5,open,0.5,1.0,['time'],charge_density_wave,80,0.1807881461864646,0.1807881460502335,1.3623111646107497e-10,4.3744716656554727e-10,6.120172674867252e-10,1.4868165213471813e-08,3.1613254389291064e-81,0.8848104238320353,1.1301855885756062,8.366505997012486e-10,9.455704602549652e-10,4.4058968363583836e-10,4.3744716656554727e-10,4.3744716656554727e-10,4.4058968363583836e-10,converged,2.3995340510573827e-15,6.2450045135165055e-15,2.607195067097099e-07,7.063614891312882e-16,1.6486811915683575e-14,3.63919678170281e-16,1.1549634770487235e-15,3.3084646133829665e-14,8.325256326086486e-16,reference_validated,reference_validated,True,True,False,0.0,2.2532111826473833e-58,7.945737844515587e-08,True
L16_gamma2p0_g0p25_T150,16,2.0,0.25,150,0.05,7.5,open,0.5,1.0,['time'],left,80,0.18084906075004764,0.1807881460502335,6.0914699814154915e-05,0.0044114270436001095,0.000615398641054746,0.006444850505280295,1.8896336968026432e-73,1.1464854252459643e-08,87223088.75278221,8.366505997012486e-10,0.07297524951281047,0.07297524951281047,0.004411469968930531,0.0044114270436001095,0.0727817114454633,converged,2.3995340510573827e-15,6.2450045135165055e-15,2.607195067097099e-07,7.509269315600872e-16,2.942091015256665e-15,6.84414699480684e-16,1.5771113871811549e-15,2.881028748902281e-14,5.553170210130908e-16,reference_validated,reference_validated,True,False,False,0.0,2.2532111826473833e-58,2.0862052242074864,False
L16_gamma2p0_g0p25_T20,16,2.0,0.25,20,0.05,1.0,open,0.5,1.0,['time'],charge_density_wave,80,0.17043106996877486,0.1592421153608664,0.011188954607908443,0.015814657671633984,0.06297007722849947,0.36778247734656294,2.306105800081677e-81,0.9002903599524354,1.1107527479295212,0.032713963433321475,0.036337125097118485,0.015817182328308144,0.015816635692479195,0.015814657671633984,0.015815204102395456,converged,2.0243803816113213e-15,9.270362255620057e-15,1.7554105328784265e-16,8.511240720402749e-16,1.3877787807814457e-14,8.97847497529368e-16,9.042519000343532e-16,1.3766765505351941e-14,1.0018616515024185e-15,reference_validated,reference_validated,True,True,False,0.0,1.374125145919158e-59,0.6501736551883999,False
L16_gamma2p0_g0p25_T20,16,2.0,0.25,20,0.05,1.0,open,0.5,1.0,['time'],left,80,0.07520899100247014,0.1592421153608664,0.08403312435839627,1.0,3.0259777709994116,5.305596263853805,0.0,2.040130155849775e-11,49016480499.180214,0.032713963433321475,1603523350.6802967,1603523350.6802967,1223558289.6651552,1.0,1.0,converged,2.0243803816113213e-15,9.270362255620057e-15,1.7554105328784265e-16,1.2353793417182764e-15,8.50569614740948e-14,1.1683673848939506e-15,8.072562493283953e-16,2.9504176879413535e-14,8.083204499784395e-16,reference_validated,reference_validated,False,False,False,0.0,1.374125145919158e-59,5.545177444479562,False
L16_gamma2p0_g0p25_T200,16,2.0,0.25,200,0.05,10.0,open,0.5,1.0,['time'],charge_density_wave,80,0.18078814633422371,0.1807881463340676,1.5612474764620144e-13,5.340758436532519e-13,6.52829053384327e-13,2.0327074668044595e-11,5.950075918280575e-81,0.8848104234155424,1.1301855891076007,1.0313844819956647e-12,1.165655890461052e-12,5.431387532344593e-13,5.340758436532519e-13,5.340758436532519e-13,5.431387532344593e-13,converged,6.668260619639799e-15,1.124100812432971e-14,0.001171906294503633,1.0443657199072744e-15,3.802513859341161e-15,8.074303483125772e-16,1.103617541676483e-15,1.2240208846492351e-14,6.248177222197493e-16,reference_validated,reference_validated,True,True,False,0.0,2.293894965404529e-58,1.270571506131124e-10,True
L16_gamma2p0_g0p25_T200,16,2.0,0.25,200,0.05,10.0,open,0.5,1.0,['time'],left,80,0.1807876763606432,0.1807881463340676,4.699734243995016e-07,4.137063550143724e-06,1.3100413699327292e-06,2.177929799496301e-05,1.224777774111979e-72,1.1469909987857679e-08,87184642.34319396,1.0313844819956647e-12,8.99208871811124e-05,8.99208871811124e-05,4.137063550179129e-06,4.137063550143724e-06,8.992088681757277e-05,converged,6.668260619639799e-15,1.124100812432971e-14,0.001171906294503633,1.0337519927602077e-15,2.2426505097428162e-14,6.359657510801412e-16,1.1701206704948318e-15,2.6645352591003757e-15,6.795056236988795e-16,reference_validated,reference_validated,True,True,False,0.0,2.293894965404529e-58,0.007421376058858689,True
L16_gamma2p0_g0p25_T300,16,2.0,0.25,300,0.05,15.0,open,0.5,1.0,"['controls', 'time']",charge_density_wave,80,0.18078814633439422,0.18078814633439422,2.1416267161823522e-19,7.794030330648044e-19,8.129516095982477e-19,3.636581061525724e-17,3.437661375925034e-79,0.8848104234150442,1.130185589108237,1.5524606465241919e-18,1.754568668542875e-18,8.175433649819479e-19,7.794030330648044e-19,7.794030330648044e-19,8.175433649819479e-19,converged,8.261928875446136e-14,1.96787031114809e-14,0.9999918066340424,1.4047190613170887e-15,4.3076653355456074e-14,1.1503920388375882e-15,9.746511117211643e-16,3.9246383920499284e-14,5.654869676082665e-16,reference_validated,reference_validated,True,True,False,0.0,3.4064877989322845e-57,2.7893260428912786e-16,True
L16_gamma2p0_g0p25_T300,16,2.0,0.25,300,0.05,15.0,open,0.5,1.0,"['controls', 'time']",left,80,0.18078814633297777,0.18078814633439422,1.4164670343553738e-12,5.005777900165475e-12,3.4496852211928524e-12,1.0166974264725631e-10,1.1344130273315446e-71,1.146992455096954e-08,87184531.64676407,1.5524606465241919e-18,1.353505543672442e-10,1.353505543672442e-10,5.005777900165475e-12,5.005777900165475e-12,1.353505543672442e-10,converged,8.261928875446136e-14,1.96787031114809e-14,0.9999918066340424,1.125036814456124e-15,1.3739009929736312e-14,1.0070963871897962e-15,9.07287994005088e-16,5.079270337660091e-15,4.808108032221803e-16,reference_validated,reference_validated,True,True,False,0.0,3.4064877989322845e-57,2.5687535283446816e-08,True
L16_gamma2p0_g0p25_T40,16,2.0,0.25,40,0.05,2.0,open,0.5,1.0,['time'],charge_density_wave,80,0.1802250248503235,0.17964519263790774,0.0005798322124157664,0.0010974518199207723,0.0031774490535020905,0.02805979684928551,2.8373337433147775e-81,0.8858989357295457,1.1287969195322696,0.0020959600268172815,0.002365913246177725,0.001097495810663222,0.0010974524808071281,0.0010974518199207723,0.0010974951496985834,converged,1.9160123989679973e-15,2.581268532253489e-15,8.082169518490287e-15,1.1365155938410282e-15,2.1871393585115584e-14,8.999846562852643e-16,5.467952645766957e-16,9.242606680004428e-15,2.6357066531753894e-16,reference_validated,reference_validated,True,True,False,0.0,3.1432283080208112e-59,0.06860816105264785,False
L16_gamma2p0_g0p25_T40,16,2.0,0.25,40,0.05,2.0,open,0.5,1.0,['time'],left,80,0.8508524889070487,0.17964519263790774,0.671207296269141,0.9999999999999825,2.545110268392011,5.003668456318427,3.162659382969157e-81,1.650797611715103e-10,6057677772.873962,0.0020959600268172815,12696650.467283359,12696650.467283359,5340649.781682692,0.9999999999999825,0.9999999999999969,converged,1.9160123989679973e-15,2.581268532253489e-15,8.082169518490287e-15,1.7134342717594678e-15,4.2521541843143495e-14,1.5056264948392166e-15,1.6335657373972256e-15,1.3322676295501878e-15,1.3866128098697306e-15,reference_validated,reference_validated,False,False,False,0.0,3.1432283080208112e-59,5.545177444479562,False
L16_gamma2p0_g0p25_T60,16,2.0,0.25,60,0.05,3.0,open,0.5,1.0,['time'],charge_density_wave,80,0.18075469549836495,0.18072192432526235,3.277117310260653e-05,7.546134351867133e-05,0.00017380082962926006,0.002039905768760156,3.4823227092751216e-82,0.8848849864717425,1.1300903562894442,0.00014338460272427826,0.00016203755845829016,7.54786463360644e-05,7.546134373352541e-05,7.546134351867133e-05,7.547864612106251e-05,converged,1.8384499558582694e-15,9.43689570931383e-16,1.2404268491510734e-13,9.962995939243719e-16,9.353628982466944e-15,8.986293529170557e-16,8.205410581146484e-16,1.6542323066914832e-14,5.973690712988062e-16,reference_validated,reference_validated,True,True,False,0.0,2.7038402478918345e-59,0.006335148017917079,True
L16_gamma2p0_g0p25_T60,16,2.0,0.25,60,0.05,3.0,open,0.5,1.0,['time'],left,80,0.2183352992059079,0.18072192432526235,0.03761337488064557,0.9999999949276801,2.0050800894983722,4.5042536081129745,2.1084395886461046e-81,3.368140459782857e-09,296899732.0451623,0.00014338460272427826,42570.850128240265,42570.850128240265,9928.4552209046,0.9999999949276801,0.999999999724104,converged,1.8384499558582694e-15,9.43689570931383e-16,1.2404268491510734e-13,1.9319471332927448e-15,5.0931481254679056e-14,8.634858656388946e-16,2.2083495942504864e-15,4.490852134608758e-14,7.720976918606193e-16,reference_validated,reference_validated,False,False,True,0.0,2.7038402478918345e-59,5.545177444479562,False
L16_gamma2p0_g0p25_T80,16,2.0,0.25,80,0.05,4.0,open,0.5,1.0,['time'],charge_density_wave,80,0.18078606176620426,0.1807840771690403,1.984597163958611e-06,5.1838562574810195e-06,1.0131474923915273e-05,0.0001477098585493331,1.681690978361738e-81,0.8848155122244993,1.1301790891101906,9.851823400191753e-06,1.1134324911894295e-05,5.1879443843457e-06,5.183856257550671e-06,5.1838562574810195e-06,5.1879443842758845e-06,converged,1.2396017788802492e-15,5.5039306445792135e-14,5.049547989738873e-12,8.428945412322693e-16,2.831068712794149e-15,5.078430003800787e-16,1.2026172194252268e-15,1.7930101847696278e-14,9.034944195241494e-16,reference_validated,reference_validated,True,True,False,0.0,5.762605489102853e-59,0.0005465673897110138,True
L16_gamma2p0_g0p25_T80,16,2.0,0.25,80,0.05,4.0,open,0.5,1.0,['time'],left,80,0.6005796336962276,0.1807840771690403,0.4197955565271873,0.9999833280006023,1.1553156549024535,3.303174217714633,5.037062177275544e-78,8.279085365402868e-09,120786289.28973956,9.851823400191753e-06,1189.965191246987,1189.9651912469867,173.17521230420445,0.9999833280006023,0.9999996468971206,converged,1.2396017788802492e-15,5.5039306445792135e-14,5.049547989738873e-12,3.523805996849782e-15,9.43689570931383e-15,5.274954870831299e-16,9.203216540451569e-15,5.795364188543317e-14,5.361206204454695e-16,reference_validated,reference_validated,False,False,False,0.0,5.762605489102853e-59,5.545177444479562,False
L32_gamma0p5_g0p05_T300,32,0.5,0.05,300,0.05,15.0,open,0.5,1.0,['pilot'],charge_density_wave,80,5.5643931188324025,3.677055301978186,1.8873378168542163,0.981370268499335,4.470468386354756,9.478236746981333,2.740971465239936e-80,0.09500139781763953,10.526160908747933,0.9714216901183769,10.225341020592928,10.179093225203706,5.107951649547164,0.981370268499335,0.9952090455632902,converged,1.0024680856706611e-13,1.9984014443252818e-14,3.9867510419722107e-16,1.5136495296883607e-14,3.552713678800501e-15,7.296993703521802e-16,4.205813616196978e-14,1.0658141036401503e-14,9.087369573816425e-16,reference_validated,reference_validated,False,False,False,0.0,2.6371443449709824e-59,11.090354888959125,False
L32_gamma0p5_g0p05_T300,32,0.5,0.05,300,0.05,15.0,open,0.5,1.0,['pilot'],left,80,1.4797294963449215,3.677055301978186,2.1973258056332647,0.9991426903148745,5.136397631494854,10.042232800416912,2.1084395886461046e-81,0.02075995272508126,48.16966577682362,0.9714216901183769,46.793058875550706,46.782974454717206,24.134413747302737,0.9991426903148745,0.9997716265824338,converged,1.0024680856706611e-13,1.9984014443252818e-14,3.9867510419722107e-16,9.735051421483896e-15,4.618527782440651e-14,7.594063762201878e-16,3.627325145563616e-14,3.885780586188048e-14,9.21025253965733e-16,reference_validated,reference_validated,False,False,False,0.0,2.6371443449709824e-59,11.090354888959125,False
L32_gamma0p5_g0p0_T100,32,0.5,0.0,100,0.05,5.0,open,0.5,1.0,['time'],charge_density_wave,80,3.101677265161056,2.6051209569223777,0.49655630823867797,0.9999658170529871,4.963094161140312,9.908084930313857,3.162659382969157e-81,0.008168819032454025,122.41671604712292,0.9879680101865778,120.94379937436057,120.93976404109786,120.93976404109786,0.9999658170529871,0.9999658170529871,converged,1.428968528769679e-14,9.725553695716371e-14,4.134005624194734e-16,9.188278186592858e-15,1.6431300764452317e-14,6.36954582766529e-16,2.121188055959855e-14,7.505107646466058e-14,4.061623392626406e-16,reference_validated,reference_validated,False,False,False,0.0,2.0878506750178427e-59,11.090354888959125,False
L32_gamma0p5_g0p0_T100,32,0.5,0.0,100,0.05,5.0,open,0.5,1.0,['time'],left,80,1.464281092173685,2.6051209569223777,1.1408398647486928,0.9999941083689584,6.870155566844234,10.930251594617248,1.0542197943230523e-80,0.001651574241694517,605.482923355461,0.9879680101865778,598.1977589895816,598.1969431377667,291.31665345422044,0.9999941083689584,0.9999986027287754,converged,1.428968528769679e-14,9.725553695716371e-14,4.134005624194734e-16,2.0741703688696245e-15,5.950795411990839e-14,9.934179808700162e-16,4.584732451969522e-15,1.2434497875801753e-13,1.6037345987766918e-15,reference_validated,reference_validated,False,False,False,0.0,2.0878506750178427e-59,11.090354888959125,False
L32_gamma0p5_g0p0_T300,32,0.5,0.0,300,0.05,15.0,open,0.5,1.0,"['pilot', 'time']",charge_density_wave,80,6.118452055669697,3.999505326056383,2.1189467296133144,0.9996771870542727,4.978885684381962,9.920669359672592,4.2168791772922093e-81,0.024501884811696777,40.81318672501202,0.9643490559959791,39.358158093030276,39.3463421346148,39.3463421346148,0.9996771870542727,0.9996771870542727,converged,3.614320313231645e-14,1.865174681370263e-14,5.988639663839836e-16,1.4791092393742735e-14,7.105427357601002e-15,5.191537481503719e-16,4.159437545085048e-14,7.993605777301127e-15,9.85679969350772e-16,reference_validated,reference_validated,False,False,False,0.0,2.1288652230434376e-59,11.090354888959125,False
L32_gamma0p5_g0p0_T300,32,0.5,0.0,300,0.05,15.0,open,0.5,1.0,"['pilot', 'time']",left,80,1.5209155739399487,3.999505326056383,2.4785897521164344,0.9998117922978055,6.413458256819976,10.77361994725918,7.379538560261366e-81,0.009608312870572374,104.07654373049877,0.9643490559959791,100.3661172347453,100.36148424409056,51.53532224882318,0.9998117922978055,0.9999503632295439,converged,3.614320313231645e-14,1.865174681370263e-14,5.988639663839836e-16,1.3601017489371948e-14,4.218847493575595e-14,8.658625466605229e-16,3.870778664891325e-14,3.68594044175552e-14,7.432013390211034e-16,reference_validated,reference_validated,False,False,False,0.0,2.1288652230434376e-59,11.090354888959125,False
L32_gamma0p5_g0p25_T100,32,0.5,0.25,100,0.05,5.0,open,0.5,1.0,['time'],charge_density_wave,80,1.386126864028978,1.1002588219936076,0.28586804203537025,0.9996628265329984,3.8780628660489342,8.860905478063042,3.162659382969157e-81,0.007923348109095622,126.20927242154038,0.7639621480938439,96.41910686933623,96.4160802528124,38.498912358028356,0.9996628265329984,0.9999462181144084,converged,3.068473331694165e-15,9.836575998178887e-14,2.6950707803446973e-16,6.627733484900312e-15,4.596323321948148e-14,9.157928535598125e-16,1.2263333679746513e-14,4.907185768843192e-14,7.690782858414613e-16,reference_validated,reference_validated,False,False,False,0.0,2.027515436002634e-59,11.090354888959125,False
L32_gamma0p5_g0p25_T100,32,0.5,0.25,100,0.05,5.0,open,0.5,1.0,['time'],left,80,1.234822091032352,1.1002588219936076,0.1345632690387445,0.9999999393405737,6.2748708646380456,10.715407932120181,8.433758354584419e-81,0.00013655456984903154,7323.0797116900085,0.7639621480938439,5594.5557072051515,5594.55565504389,2871.0174578798483,0.9999999393405737,0.9999999840250762,converged,3.068473331694165e-15,9.836575998178887e-14,2.6950707803446973e-16,2.050010068305684e-15,1.2656542480726785e-13,1.2173397106172506e-15,4.411831308163349e-15,5.573319583618286e-14,1.2366894007192026e-15,reference_validated,reference_validated,False,False,False,0.0,2.027515436002634e-59,11.090354888959125,False
L32_gamma0p5_g0p25_T300,32,0.5,0.25,300,0.05,15.0,open,0.5,1.0,"['pilot', 'time']",charge_density_wave,80,2.300841330027086,1.5153848288788767,0.7854565011482092,0.9932395267366925,4.265022390060866,9.276978958895176,2.1084395886461046e-81,0.006067979922229354,164.79949057454317,0.7621539888784604,125.60258910653215,125.60027671769511,8.556294006273532,0.9932395267366925,0.999968306648656,converged,6.26403171733154e-14,1.199040866595169e-14,4.174039240960528e-15,4.317528411509193e-14,2.6645352591003757e-15,6.681449900517216e-16,8.620798641148765e-14,6.661338147750939e-15,6.948835581808097e-16,reference_validated,reference_validated,False,False,False,0.0,6.587297668137066e-59,11.090354888959125,False
L32_gamma0p5_g0p25_T300,32,0.5,0.25,300,0.05,15.0,open,0.5,1.0,"['pilot', 'time']",left,80,1.4330671951863854,1.5153848288788767,0.08231763369249134,0.9999859145817254,3.7182652734143558,8.674400077572713,4.2168791772922093e-81,0.0011515928383536219,868.3624676035772,0.7621539888784604,661.8259192789668,661.8254804332837,188.4063517745438,0.9999859145817254,0.9999988584832367,converged,6.26403171733154e-14,1.199040866595169e-14,4.174039240960528e-15,5.659380933550266e-15,6.039613253960852e-14,7.601649059699971e-16,1.6362039933679152e-14,3.9968028886505635e-15,9.72258418977326e-16,reference_validated,reference_validated,False,False,False,0.0,6.587297668137066e-59,11.090354888959125,False
L32_gamma1p6_g0p0_T100,32,1.6,0.0,100,0.05,5.0,open,0.5,1.0,['controls'],charge_density_wave,80,0.3773049603939562,0.3772145461798438,9.041421411244395e-05,0.0002870480518839809,0.0007262295298460375,0.007988677673127696,6.471509401479206e-81,0.8246866937875511,1.2125817083344583,0.00041854486340672114,0.00050751984548758,0.0002870480637098711,0.0002870480637098711,0.0002870480518839809,0.0002870480518839809,converged,3.0107895299641225e-15,2.325917236589703e-14,1.6533759521377201e-12,1.5871596706751941e-15,5.3734794391857577e-14,5.976633432754112e-16,1.429095278488163e-15,9.520162436160717e-14,6.21606014631066e-16,reference_validated,reference_validated,True,True,False,0.0,3.126343826794014e-58,0.042050093447734575,True
L32_gamma1p6_g0p0_T100,32,1.6,0.0,100,0.05,5.0,open,0.5,1.0,['controls'],left,80,0.7141148688115008,0.3772145461798438,0.336900322631657,1.0,5.146367039683312,10.049686300450423,4.2168791772922093e-81,1.3647953829866343e-17,7.327105678007654e+16,0.00041854486340672114,30667224451683.246,30667224451683.246,148092181593.55966,1.0,1.0,converged,3.0107895299641225e-15,2.325917236589703e-14,1.6533759521377201e-12,1.0784685317255796e-14,8.626432901337466e-14,1.229140121136008e-15,4.1156300371987314e-15,3.042011087472929e-14,1.3179424977489507e-15,reference_validated,reference_validated,False,False,False,0.0,3.126343826794014e-58,11.090354888959125,False
L32_gamma1p6_g0p0_T300,32,1.6,0.0,300,0.05,15.0,open,0.5,1.0,['controls'],charge_density_wave,80,0.37754437281397846,0.3775443720897569,7.242215625042798e-10,3.010495380494698e-09,4.010309751134527e-09,9.266617158012773e-08,3.4409638242274448e-77,0.8240711665115334,1.2134874275808185,4.379386580294032e-09,5.3143305557369475e-09,3.010495380494698e-09,3.010495380494698e-09,3.010495380494698e-09,3.010495380494698e-09,converged,2.8871670535425487e-11,1.4122036873231991e-12,0.0013069326894581525,1.817362720167514e-15,7.793765632868599e-14,1.452481368233358e-15,2.1628244210916122e-15,1.0380585280245214e-13,1.2729295980604506e-15,reference_validated,reference_validated,True,True,False,0.0,8.472263411272257e-55,9.932785681424915e-07,True
L32_gamma1p6_g0p0_T300,32,1.6,0.0,300,0.05,15.0,open,0.5,1.0,['controls'],left,80,0.4306078881428969,0.3775443720897569,0.053063516053140004,0.9994036410434588,1.0155062021028434,3.7825304909856508,5.077195247163545e-68,5.738435528986052e-16,1742635244307944.8,4.379386580294032e-09,7631673.403269625,7631673.403269625,28.942551512011683,0.9994036410434588,0.9999999999999915,converged,2.8871670535425487e-11,1.4122036873231991e-12,0.0013069326894581525,3.9519719939022125e-13,3.114175584073564e-14,1.2754765824477884e-15,1.1977633447106267e-12,3.75921516138078e-13,9.417048129822897e-16,reference_validated,reference_validated,False,False,False,0.0,8.472263411272257e-55,11.090354888959125,False
L32_gamma1p6_g0p25_T100,32,1.6,0.25,100,0.05,5.0,open,0.5,1.0,['controls'],charge_density_wave,80,0.2817102444766972,0.2815878810272672,0.00012236344942998564,0.0004002007993111671,0.0009616920501779348,0.01030873766408564,4.252397324659539e-81,0.7711599009474466,1.2967479231886878,0.00048552756699415137,0.000629606864150525,0.0004008338621850674,0.00040020083135938696,0.0004002007993111671,0.0004008338299845268,converged,2.7969403314929997e-15,2.758904216193514e-14,1.1237542640729853e-12,1.358000621397981e-15,4.490852134608758e-14,7.235848666237966e-16,1.2866664455592088e-15,4.157785227221211e-14,6.219308668226493e-16,reference_validated,reference_validated,True,True,False,0.0,4.404091445943087e-58,0.056576977846465676,False
L32_gamma1p6_g0p25_T100,32,1.6,0.25,100,0.05,5.0,open,0.5,1.0,['controls'],left,80,0.3772936570293292,0.2815878810272672,0.09570577600206205,1.0,5.053081281802211,9.978825269541083,0.0,2.406305331174704e-16,4155748595344808.5,0.00048552756699415137,2017730504537.127,2017730504537.127,7208996158.127327,1.0,1.0,converged,2.7969403314929997e-15,2.758904216193514e-14,1.1237542640729853e-12,8.016594739896805e-15,8.731904088676856e-14,1.5509996484353066e-15,4.834016597403407e-15,1.0785816684233396e-13,1.223488922852784e-15,reference_validated,reference_validated,False,False,False,0.0,4.404091445943087e-58,11.090354888959125,False
L32_gamma1p6_g0p25_T300,32,1.6,0.25,300,0.05,15.0,open,0.5,1.0,['controls'],charge_density_wave,80,0.2819702668455078,0.28197026571330613,1.1322016505687621e-09,6.4253270862808e-09,6.5342917643455886e-09,1.4779777709488142e-07,1.4835163148273158e-77,0.7703354369739768,1.298135788648364,8.296480431375112e-09,1.07699581677889e-08,6.8673438378846785e-09,6.4253270862808e-09,6.4253270862808e-09,6.8673438378846785e-09,converged,1.2392915466077654e-11,1.8042789484695732e-12,1.7254128246921916e-05,1.559314938667128e-15,7.138734048339757e-14,7.127960156765168e-16,1.6320380054141661e-15,7.482903185973555e-14,8.78528447986831e-16,reference_validated,reference_validated,True,True,False,0.0,1.6070538099024208e-54,2.175188685752553e-06,True
L32_gamma1p6_g0p25_T300,32,1.6,0.25,300,0.05,15.0,open,0.5,1.0,['controls'],left,80,0.8279350945882028,0.28197026571330613,0.5459648288748967,0.8748030250620592,0.7696852396843638,3.086371960941494,2.8754936898764028e-67,1.6426923861993856e-14,60875670235110.15,8.296480431375112e-09,505053.80685243575,505053.80685243575,1.8056581633184143,0.8748030250620592,0.9999999999980398,converged,1.2392915466077654e-11,1.8042789484695732e-12,1.7254128246921916e-05,1.8224998444549385e-12,1.6906476218991884e-12,9.763817444693447e-16,1.3396655434039488e-12,1.2965184481572578e-12,7.848064696692335e-16,reference_validated,reference_validated,False,False,False,0.0,1.6070538099024208e-54,11.090354888959125,False
L32_gamma2p0_g0p0_T100,32,2.0,0.0,100,0.05,5.0,open,0.5,1.0,"['controls', 'time']",charge_density_wave,80,0.2549455419019481,0.2549454308768916,1.1102505651656564e-07,3.326935559091501e-07,1.124843469215311e-06,1.9651527613160287e-05,5.0461748341317094e-82,0.9123911236525643,1.0960211844155383,7.41588566974883e-07,8.127967795281595e-07,3.326935559091685e-07,3.326935559091685e-07,3.326935559091501e-07,3.326935559091501e-07,converged,1.9284991764336457e-15,5.4012350148013866e-14,3.657137855376994e-12,9.282017393161598e-16,2.6700863742235015e-14,8.048168758206482e-16,1.3061294945379473e-15,4.18554080283684e-14,8.007805361960005e-16,reference_validated,reference_validated,True,True,False,0.0,8.914725571996802e-59,8.4722643627791e-05,True
L32_gamma2p0_g0p0_T100,32,2.0,0.0,100,0.05,5.0,open,0.5,1.0,"['controls', 'time']",left,80,0.2834149074626551,0.2549454308768916,0.028469476585763476,1.0,5.005101544030258,9.941400557961716,6.325318765938314e-81,9.12835474117614e-21,1.0954876627320416e+20,7.41588566974883e-07,81240112594411.86,81240112594411.86,2833045430715.3296,1.0,1.0,converged,1.9284991764336457e-15,5.4012350148013866e-14,3.657137855376994e-12,6.1991276078340284e-15,1.2245759961615477e-13,1.2222152777517547e-15,1.0196541383173424e-14,3.275157922644212e-14,1.5036167638602924e-15,reference_validated,reference_validated,False,False,True,0.0,8.914725571996802e-59,11.090354888959125,False
L32_gamma2p0_g0p0_T150,32,2.0,0.0,150,0.05,7.5,open,0.5,1.0,['time'],charge_density_wave,80,0.2549457035736469,0.2549457034530246,1.2062229431274475e-10,4.308838849540861e-10,1.1449481454209886e-09,2.7891503813384682e-08,1.0299337964934899e-80,0.9123907831103261,1.0960215934962898,9.604569888785762e-10,1.0526815994396538e-09,4.308838849540861e-10,4.308838849540861e-10,4.308838849540861e-10,4.308838849540861e-10,converged,3.734947052191887e-15,1.0380585280245214e-14,2.9863269843156154e-08,1.0165168635479413e-15,1.0125233984581428e-13,9.255527970514757e-16,1.3515349138420198e-15,5.473399511402022e-14,1.0380013330672555e-15,reference_validated,reference_validated,True,True,False,0.0,2.363071197733445e-58,1.5556757580046308e-07,True
L32_gamma2p0_g0p0_T150,32,2.0,0.0,150,0.05,7.5,open,0.5,1.0,['time'],left,80,0.5518625398339763,0.2549457034530246,0.2969168363809517,1.0,3.913182104232184,8.900720745508325,4.42772313615682e-80,9.38283488188783e-21,1.065775975585323e+20,9.604569888785762e-10,102363198432.98062,102363198432.98062,1183961852.8558273,1.0,1.0,converged,3.734947052191887e-15,1.0380585280245214e-14,2.9863269843156154e-08,2.7413516935216004e-13,3.4705571749782393e-13,1.517900643886528e-15,7.871885263495361e-14,1.3455903058456897e-13,1.4709786668044524e-15,reference_validated,reference_validated,False,False,False,0.0,2.363071197733445e-58,11.090354888959125,False
L32_gamma2p0_g0p0_T20,32,2.0,0.0,20,0.05,1.0,open,0.5,1.0,['time'],charge_density_wave,80,0.24159850871558336,0.2321118323389049,0.009486676376678466,0.013606751456812076,0.11380267715813172,0.6762511460338096,4.612211600163354e-82,0.9261468122999764,1.0797424195768859,0.033415285768379877,0.0360799015065408,0.0136080112337988,0.0136080112337988,0.013606751456812076,0.013606751456812076,converged,3.5917969960416745e-15,1.0580425424677742e-13,3.62704660509337e-16,7.957444476449626e-16,1.3758438832667252e-13,8.882287714563402e-16,7.253934378058777e-16,9.12880881998035e-14,4.564392710554325e-16,reference_validated,reference_validated,True,True,False,0.0,1.7207721425667512e-59,1.151752671764406,False
L32_gamma2p0_g0p0_T20,32,2.0,0.0,20,0.05,1.0,open,0.5,1.0,['time'],left,80,0.10928727754965556,0.2321118323389049,0.12282455478924935,1.0,7.040580326538984,10.975016714067564,2.1084395886461046e-81,1.9334162114670317e-26,5.172192071572748e+25,0.033415285768379877,1.7283027612055206e+24,1.7283027612055206e+24,1.27685205832764e+24,1.0,1.0,converged,3.5917969960416745e-15,1.0580425424677742e-13,3.62704660509337e-16,1.2132958418489888e-15,1.0547118733938987e-13,1.1686369132922739e-15,5.741810738681338e-16,1.2476131239225197e-13,6.573485842450927e-16,reference_validated,reference_validated,False,False,False,0.0,1.7207721425667512e-59,11.090354888959125,False
L32_gamma2p0_g0p0_T200,32,2.0,0.0,200,0.05,10.0,open,0.5,1.0,['time'],charge_density_wave,80,0.25494570375142195,0.2549457037512823,1.3968880333003303e-13,5.580536578713372e-13,1.2624232768963155e-12,3.935046161649593e-11,2.076215892808855e-81,0.9123907826692769,1.096021594026106,1.2439233701730372e-12,1.3633668750289579e-12,5.580536578713372e-13,5.580536578713372e-13,5.580536578713372e-13,5.580536578713372e-13,converged,9.408537261826963e-15,1.1002310174035301e-13,4.247490836358511e-05,8.963638672776922e-16,2.4868995751603507e-14,8.167740616178305e-16,1.499258295920871e-15,8.254508188088039e-14,7.198661459359306e-16,reference_validated,reference_validated,True,True,False,0.0,1.2095814236728286e-57,2.6085054160562985e-10,True
L32_gamma2p0_g0p0_T200,32,2.0,0.0,200,0.05,10.0,open,0.5,1.0,['time'],left,80,0.7127973944805442,0.2549457037512823,0.457851690729262,0.9999999999910117,2.171229722478023,6.353339569455961,5.454597734078885e-74,2.5544320981016558e-20,3.914764462688819e+19,1.2439233701730372e-12,48696670.03861514,48696670.03861514,235855.57893824426,0.9999999999910117,0.9999999999999998,converged,9.408537261826963e-15,1.1002310174035301e-13,4.247490836358511e-05,3.7480988936600454e-12,4.105715767366291e-12,9.736789441425881e-16,8.033642041239363e-12,8.767098158557474e-12,1.3133694463678455e-15,reference_validated,reference_validated,False,False,False,0.0,1.2095814236728286e-57,11.090354888959125,False
L32_gamma2p0_g0p0_T300,32,2.0,0.0,300,0.05,15.0,open,0.5,1.0,"['controls', 'time']",charge_density_wave,80,0.25494570375162934,0.25494570375162934,2.0461117204660786e-19,9.360679451640974e-19,1.7132016936410617e-18,7.654714760752628e-17,6.175344274113364e-80,0.9123907826687049,1.096021594026793,2.0865319609168762e-18,2.2868840858013248e-18,9.360679451640974e-19,9.360679451640974e-19,9.360679451640974e-19,9.360679451640974e-19,converged,1.9364102569385162e-13,6.622480341889059e-14,0.9999944928664874,1.150175275774727e-15,5.56776846849516e-14,9.432987353763744e-16,1.5877095462227541e-15,5.367928324062632e-14,9.443573816897812e-16,reference_validated,reference_validated,True,True,False,0.0,1.2699158870431139e-56,6.367148973554796e-16,True
L32_gamma2p0_g0p0_T300,32,2.0,0.0,300,0.05,15.0,open,0.5,1.0,"['controls', 'time']",left,80,0.3582101147736166,0.25494570375162934,0.10326441102198725,0.14613576501512304,0.02136012578127276,0.16272464857183994,6.270817185825412e-61,2.761251666447991e-20,3.621546026213454e+19,2.0865319609168762e-18,75.5647153162588,75.5647153162588,0.14772162399725708,0.14613576501512304,0.9999124462273822,converged,1.9364102569385162e-13,6.622480341889059e-14,0.9999944928664874,4.450145137504004e-11,4.9229342824475e-11,7.615412489961137e-16,2.0427351805102718e-10,2.2589047299348408e-10,1.1481132513672155e-15,reference_validated,reference_validated,False,False,False,0.0,1.2699158870431139e-56,11.090354888959125,False
L32_gamma2p0_g0p0_T40,32,2.0,0.0,40,0.05,2.0,open,0.5,1.0,['time'],charge_density_wave,80,0.2542380865531027,0.25373100294628215,0.0005070836068205417,0.0009700647030998805,0.005793267204316502,0.05169602595847345,2.1352068881113384e-81,0.9133839409522295,1.0948298466397204,0.0021764766201663316,0.002382871564281381,0.0009700651595280274,0.0009700651595280274,0.0009700647030998805,0.0009700647030998805,converged,2.467123006456387e-15,2.2698509738461325e-13,3.426349199333822e-15,7.435873020996685e-16,1.8818280267396403e-14,6.702211115559279e-16,8.950515986131653e-16,4.390932062392494e-14,8.901869337840497e-16,reference_validated,reference_validated,True,True,False,0.0,2.163955038405613e-59,0.12320074093950828,False
L32_gamma2p0_g0p0_T40,32,2.0,0.0,40,0.05,2.0,open,0.5,1.0,['time'],left,80,0.6872775947151203,0.25373100294628215,0.43354659176883814,1.0,6.836538008081439,10.920547840294702,2.1084395886461046e-81,1.098727835542924e-21,9.101435020128177e+20,0.0021764766201663316,1.9809060531272064e+18,1.9809060531272064e+18,8.154621984991368e+17,1.0,1.0,converged,2.467123006456387e-15,2.2698509738461325e-13,3.426349199333822e-15,2.4753881311511048e-15,1.6553425297161084e-13,1.1150700994454177e-15,1.2502867366761752e-15,1.191269305422793e-13,1.1192767591217546e-15,reference_validated,reference_validated,False,False,False,0.0,2.163955038405613e-59,11.090354888959125,False
L32_gamma2p0_g0p0_T60,32,2.0,0.0,60,0.05,3.0,open,0.5,1.0,['time'],charge_density_wave,80,0.25490436293712004,0.25487533834559917,2.9024591520881453e-05,6.794540371768401e-05,0.00031656295337464675,0.003745119312215513,1.5648575071982808e-82,0.9124604158788218,1.095937952588084,0.0001515219848110983,0.00016605869380663746,6.794540387452164e-05,6.794540387452164e-05,6.794540371768401e-05,6.794540371768401e-05,converged,2.287499960053564e-15,1.20570220474292e-13,8.330346009328731e-13,7.546344424841144e-16,1.1934897514720433e-14,6.80322819800401e-16,1.2320019767075955e-15,5.0959236830294685e-14,9.002202355523845e-16,reference_validated,reference_validated,True,True,False,0.0,3.632978835415905e-59,0.011520031322309412,True
L32_gamma2p0_g0p0_T60,32,2.0,0.0,60,0.05,3.0,open,0.5,1.0,['time'],left,80,0.27930421461513827,0.25487533834559917,0.024428876269539126,1.0,6.016902749706608,10.59360808873399,3.162659382969157e-81,3.0902722027646097e-22,3.2359608940124533e+21,0.0001515219848110983,4.903192174318631e+17,4.903192174318631e+17,6.030451040379496e+16,1.0,1.0,converged,2.287499960053564e-15,1.20570220474292e-13,8.330346009328731e-13,1.216176104602141e-15,5.956346527113965e-14,8.603720711282222e-16,1.0382302899179824e-15,1.1390888232654106e-13,9.829816336648243e-16,reference_validated,reference_validated,False,False,True,0.0,3.632978835415905e-59,11.090354888959125,False
L32_gamma2p0_g0p0_T80,32,2.0,0.0,80,0.05,4.0,open,0.5,1.0,['time'],charge_density_wave,80,0.2549431579590153,0.2549413956860128,1.762273002495599e-06,4.7546224132617e-06,1.8468306489103475e-05,0.0002709677796111271,7.140547113052846e-82,0.912395655746006,1.09601574020897,1.0598576680312402e-05,1.1616206865481667e-05,4.754622413315443e-06,4.754622413315443e-06,4.7546224132617e-06,4.7546224132617e-06,converged,2.2999422016002525e-15,1.6775469902086115e-13,7.54940058777186e-12,8.815897716291293e-16,3.191891195797325e-14,6.729683676411271e-16,1.3415757586112703e-15,7.105427357601002e-14,5.801263541952065e-16,reference_validated,reference_validated,True,True,False,0.0,8.15131787330971e-59,0.0010084661323816124,True
L32_gamma2p0_g0p0_T80,32,2.0,0.0,80,0.05,4.0,open,0.5,1.0,['time'],left,80,0.8969176456057093,0.2549413956860128,0.6419762499196965,1.0,5.654399715282905,10.392415882733685,6.325318765938314e-81,1.33216263555194e-21,7.506590962038815e+20,1.0598576680312402e-05,7955917991890843.0,7955917991890843.0,612996205261893.5,1.0,1.0,converged,2.2999422016002525e-15,1.6775469902086115e-13,7.54940058777186e-12,3.3057960020664505e-15,1.2501111257279263e-13,9.08813681986502e-16,4.13801861492922e-15,1.2778667013435552e-13,1.0478857849124155e-15,reference_validated,reference_validated,False,False,False,0.0,8.15131787330971e-59,11.090354888959125,False
L32_gamma2p0_g0p25_T100,32,2.0,0.25,100,0.05,5.0,open,0.5,1.0,"['controls', 'time']",charge_density_wave,80,0.1807880268565811,0.1807879015481965,1.2530838462576173e-07,4.3104545275791916e-07,1.4331308863262812e-06,2.4690319641457256e-05,3.856255569003331e-81,0.8815188763701923,1.1344056568790353,8.050106377469119e-07,9.132086213078994e-07,4.311703365786942e-07,4.310454527579592e-07,4.3104545275791916e-07,4.311703365786541e-07,converged,1.6699684748337267e-15,1.5765166949677223e-14,1.08253257505716e-10,9.916461007555518e-16,8.198997036856781e-14,7.268342019760732e-16,1.3255109375181294e-15,2.8727020762175925e-14,7.270551027183207e-16,reference_validated,reference_validated,True,True,False,0.0,1.4091441139443988e-58,0.00010801170419813598,True
L32_gamma2p0_g0p25_T100,32,2.0,0.25,100,0.05,5.0,open,0.5,1.0,"['controls', 'time']",left,80,0.36370416233687475,0.1807879015481965,0.1829162607886783,1.0,4.958703074283171,9.904572689764377,3.162659382969157e-81,3.44787506518133e-21,2.900337109365093e+20,8.050106377469119e-07,233480222609102.88,233480222609102.88,9604676340720.148,1.0,1.0,converged,1.6699684748337267e-15,1.5765166949677223e-14,1.08253257505716e-10,1.6726786531472154e-14,1.0186296250935811e-13,1.4192613423994844e-15,1.0752880787980649e-14,1.6370238498097933e-13,1.3760280685504292e-15,reference_validated,reference_validated,False,False,False,0.0,1.4091441139443988e-58,11.090354888959125,False
L32_gamma2p0_g0p25_T150,32,2.0,0.25,150,0.05,7.5,open,0.5,1.0,['time'],charge_density_wave,80,0.18078816053876198,0.18078816040151338,1.3724862423959842e-10,5.906518222273651e-10,1.5270509981493928e-09,3.675995979321767e-08,5.898657821263232e-81,0.8815184414971414,1.134406216507088,1.1040200034384867e-09,1.2524071550487996e-09,5.91323527373224e-10,5.906518222273651e-10,5.906518222273651e-10,5.91323527373224e-10,converged,6.12179162452457e-15,5.273559366969494e-16,1.1555274148065095e-06,1.062833700304399e-15,6.078471059822732e-14,8.250829813642169e-16,1.3979103227668594e-15,5.825895321720509e-14,1.0019857314447703e-15,reference_validated,reference_validated,True,True,False,0.0,4.779772623059521e-58,2.1049847718437516e-07,True
L32_gamma2p0_g0p25_T150,32,2.0,0.25,150,0.05,7.5,open,0.5,1.0,['time'],left,80,0.5630259088220128,0.18078816040151338,0.38223774842049935,0.9999999999999994,3.128301440970115,7.90603373555896,4.892634065453286e-78,3.8405035568238807e-19,2.603825215115817e+18,1.1040200034384867e-09,2874675122.945382,2874675122.945382,28674098.03964241,0.9999999999999994,1.0,converged,6.12179162452457e-15,5.273559366969494e-16,1.1555274148065095e-06,3.000137309328997e-13,3.285149929865838e-13,9.524905987205322e-16,1.8755758136096294e-13,2.0472512574087887e-13,1.0989965818913013e-15,reference_validated,reference_validated,False,False,False,0.0,4.779772623059521e-58,11.090354888959125,False
L32_gamma2p0_g0p25_T20,32,2.0,0.25,20,0.05,1.0,open,0.5,1.0,['time'],charge_density_wave,80,0.17043106994737392,0.15924211535644928,0.011188954590924617,0.016285911793436428,0.13915658837200334,0.7988120949518568,1.6472184286297693e-81,0.8978227027251389,1.1138056511210095,0.03320911093305767,0.03698849542594422,0.016288147375038257,0.016288071986866475,0.016285911793436428,0.016285987151617148,converged,2.2282073158518456e-15,1.2068124277675452e-13,1.344301138580959e-15,8.462438589847101e-16,7.310818617156656e-14,5.616661795184677e-16,1.06261711847979e-15,3.7470027081099033e-14,8.944975755834002e-16,reference_validated,reference_validated,True,True,False,0.0,1.667156606967316e-59,1.3313501771329725,False
L32_gamma2p0_g0p25_T20,32,2.0,0.25,20,0.05,1.0,open,0.5,1.0,['time'],left,80,0.0752089910026615,0.15924211535644928,0.08403312435378779,1.0,7.025977771004548,10.971470233935333,7.379538560261366e-81,4.659423240039907e-26,2.1461883767215684e+25,0.03320911093305767,7.127300788578555e+23,7.127300788578555e+23,5.1882873711815954e+23,1.0,1.0,converged,2.2282073158518456e-15,1.2068124277675452e-13,1.344301138580959e-15,1.1967007143364439e-15,2.2440382885235977e-14,9.326225249708968e-16,1.0341782898831725e-15,2.388506059602946e-13,8.791133952772205e-16,reference_validated,reference_validated,False,False,False,0.0,1.667156606967316e-59,11.090354888959125,False
L32_gamma2p0_g0p25_T200,32,2.0,0.25,200,0.05,10.0,open,0.5,1.0,['time'],charge_density_wave,80,0.18078816068794093,0.18078816068778095,1.5999597282322315e-13,8.084193136106385e-13,1.7533829612131562e-12,5.40779473944939e-11,2.4602779498230823e-80,0.8815184409082257,1.1344062172649505,1.5134917478818843e-12,1.7169144485764114e-12,8.106404584178374e-13,8.084193136106385e-13,8.084193136106385e-13,8.106404584178374e-13,converged,1.3613769824860684e-14,5.795364188543317e-14,0.002112611795466873,1.0863617927410613e-15,3.122502256758253e-14,8.430234088762725e-16,1.2440070403337395e-15,7.632783294297951e-14,7.494446889878079e-16,reference_validated,reference_validated,True,True,False,0.0,1.261357331426587e-57,3.740742778281248e-10,True
L32_gamma2p0_g0p25_T200,32,2.0,0.25,200,0.05,10.0,open,0.5,1.0,['time'],left,80,0.2311261145387909,0.18078816068778095,0.05033795385100995,0.9999999919045905,1.9950686120264083,6.0187195891273735,1.093914102418783e-72,9.123184702018932e-19,1.0961084672315174e+18,1.5134917478818843e-12,1658951.1199383624,1658951.1199383624,7858.969236944134,0.9999999919045905,0.9999999999998184,converged,1.3613769824860684e-14,5.795364188543317e-14,0.002112611795466873,1.2955262814051237e-12,9.588441152175164e-13,9.721069496105596e-16,6.055731243328414e-12,4.837269473867423e-12,8.608269829390124e-16,reference_validated,reference_validated,False,False,False,0.0,1.261357331426587e-57,11.090354888959125,False
L32_gamma2p0_g0p25_T300,32,2.0,0.25,300,0.05,15.0,open,0.5,1.0,"['controls', 'time']",charge_density_wave,80,0.18078816068811643,0.18078816068811643,2.362833252019381e-19,1.5077896028317525e-18,2.5424034966580858e-18,1.1259290795839545e-16,2.1428017887364285e-79,0.8815184409074308,1.1344062172659735,2.840064062116627e-18,3.2217863294987664e-18,1.521165104786045e-18,1.5077896028317525e-18,1.5077896028317525e-18,1.521165104786045e-18,converged,3.948357971814519e-13,1.942890293094024e-15,0.9999926247054559,1.2139180970740452e-15,4.371503159461554e-14,1.0221309403945554e-15,1.4677415243991382e-15,1.8596235662471372e-14,9.7268168579159e-16,reference_validated,reference_validated,True,True,False,0.0,1.7761568855310101e-56,1.0228814351986223e-15,True
L32_gamma2p0_g0p25_T300,32,2.0,0.25,300,0.05,15.0,open,0.5,1.0,"['controls', 'time']",left,80,0.18134338699708427,0.18078816068811643,0.0005552263089678537,0.0071649067213681444,0.00011712508344795231,0.0015021119973936362,6.10966250144414e-62,9.786745356713054e-19,1.0217901493820586e+18,2.840064062116627e-18,2.9019494822847647,2.9019494822847647,0.007165090636874931,0.0071649067213681444,0.9454404567363218,converged,3.948357971814519e-13,1.942890293094024e-15,0.9999926247054559,3.3773382061046143e-12,4.4059200732249337e-13,1.0117782203464647e-15,4.052022889004987e-12,6.043221478790883e-13,7.806478101124527e-16,reference_validated,reference_validated,True,False,False,0.0,1.7761568855310101e-56,11.090354888959125,False
L32_gamma2p0_g0p25_T40,32,2.0,0.25,40,0.05,2.0,open,0.5,1.0,['time'],charge_density_wave,80,0.1802250269532917,0.17964519305411666,0.0005798338991750393,0.00117425479373661,0.007022420529278385,0.06131286989815025,1.820176363635895e-81,0.8827129060786105,1.132871166960078,0.0022058068925718917,0.0024988950284765095,0.0011742624561940783,0.001174255603312338,0.00117425479373661,0.0011742616466041767,converged,2.7409994763741273e-15,8.287814878826794e-14,4.477169732386463e-14,1.2753262491499835e-15,1.0852430065710905e-13,1.132884874163474e-15,1.097489435776287e-15,7.061018436615996e-14,9.338156442549296e-16,reference_validated,reference_validated,True,True,False,0.0,3.0374083369990697e-59,0.14554321824691652,False
L32_gamma2p0_g0p25_T40,32,2.0,0.25,40,0.05,2.0,open,0.5,1.0,['time'],left,80,0.8508525118598871,0.17964519305411666,0.6712073188057704,1.0,6.545110158568747,10.824288712971919,1.0542197943230523e-81,5.465387543326667e-23,1.8296964159861227e+22,0.0022058068925718917,4.035956965696276e+19,4.035956965696276e+19,1.329224200016889e+19,1.0,1.0,converged,2.7409994763741273e-15,8.287814878826794e-14,4.477169732386463e-14,2.001898330014784e-15,2.653433028854124e-14,1.163258048260913e-15,3.829361437174767e-15,1.4943601911454607e-13,1.2577067511571575e-15,reference_validated,reference_validated,False,False,False,0.0,3.0374083369990697e-59,11.090354888959125,False
L32_gamma2p0_g0p25_T60,32,2.0,0.25,60,0.05,3.0,open,0.5,1.0,['time'],charge_density_wave,80,0.18075470476484307,0.1807219316888006,3.277307604247277e-05,8.409889355542409e-05,0.00038862547438304313,0.004517954200376693,5.331582773291511e-81,0.8816039334545581,1.1342962095024973,0.00015708935025158507,0.00017818585454358363,8.41019309942523e-05,8.409889385282401e-05,8.409889355542409e-05,8.410193069682015e-05,converged,1.8972426986413657e-15,3.116951141635127e-14,1.3475025817737422e-13,9.97314617157053e-16,6.647460359943125e-14,9.148014802803374e-16,8.830152433344842e-16,8.615330671091215e-14,7.225702398682518e-16,reference_validated,reference_validated,True,True,False,0.0,3.637719943650525e-59,0.013972276250472062,True
L32_gamma2p0_g0p25_T60,32,2.0,0.25,60,0.05,3.0,open,0.5,1.0,['time'],left,80,0.21839970981074197,0.1807219316888006,0.037677778121941355,1.0,6.005067240854531,10.587596863792557,1.897595629781494e-80,1.5255068805253728e-20,6.5551982279857545e+19,0.00015708935025158507,1.029751830404624e+16,1.029751830404624e+16,1516367999325173.5,1.0,1.0,converged,1.8972426986413657e-15,3.116951141635127e-14,1.3475025817737422e-13,1.4763767823007747e-15,2.4841240175987878e-14,1.3037345039144895e-15,3.661987480765573e-15,1.520450432224152e-13,1.1427123837026632e-15,reference_validated,reference_validated,False,False,True,0.0,3.637719943650525e-59,11.090354888959125,False
L32_gamma2p0_g0p25_T80,32,2.0,0.25,80,0.05,4.0,open,0.5,1.0,['time'],charge_density_wave,80,0.18078607487780987,0.18078408964791656,1.9852298933169483e-06,6.021229679967541e-06,2.308365753112485e-05,0.000333535159594493,5.83459566648734e-81,0.8815245454633464,1.1343983615049287,1.1243574050907259e-05,1.2754691980808564e-05,6.02197725726918e-06,6.021229680076692e-06,6.021229679967541e-06,6.0219772571599885e-06,converged,1.841163951648749e-15,1.3047896096907152e-13,5.067315208641507e-12,9.093028889129965e-16,1.2989609388114332e-14,7.129671365301393e-16,1.3599780946542892e-15,5.0154325137441447e-14,7.282707221480668e-16,reference_validated,reference_validated,True,True,False,0.0,1.0238132247520852e-58,0.0012545071563047753,True
L32_gamma2p0_g0p25_T80,32,2.0,0.25,80,0.05,4.0,open,0.5,1.0,['time'],left,80,0.5968758911016195,0.18078408964791656,0.41609180145370295,1.0,5.153106400325788,10.054708767248377,6.325318765938314e-81,1.4213191934234744e-20,7.035717273270195e+19,1.1243574050907259e-05,791066081632607.2,791066081632607.2,53177120770290.39,1.0,1.0,converged,1.841163951648749e-15,1.3047896096907152e-13,5.067315208641507e-12,5.48043663076639e-15,1.2156942119645464e-13,1.3412434750038e-15,1.3693869674963524e-14,6.905587213168474e-14,1.323636278027013e-15,reference_validated,reference_validated,False,False,False,0.0,1.0238132247520852e-58,11.090354888959125,False
