case_id,length,gamma,skin,steps,physical_time,initial,base_entropy,actual_entropy,entropy_difference,absolute_difference,numerical_budget,budget_meaning,reference_basis
L16_gamma0p5_g0p25_T100,16,0.5,0.25,100,5.0,charge_density_wave,2.9744916672475914,1.989449948772214,-0.9850417184753775,0.9850417184753775,1e-10,"reference convergence resolution, not a rigorous error enclosure",converged multiprecision actual states
L16_gamma0p5_g0p25_T100,16,0.5,0.25,100,5.0,left,1.461688030417401,1.234362679897689,-0.22732535051971192,0.22732535051971192,1e-10,"reference convergence resolution, not a rigorous error enclosure",converged multiprecision actual states
L16_gamma0p5_g0p25_T300,16,0.5,0.25,300,15.0,charge_density_wave,3.1784226645492324,2.748008518226643,-0.43041414632258945,0.43041414632258945,1e-10,"reference convergence resolution, not a rigorous error enclosure",converged multiprecision actual states
L16_gamma0p5_g0p25_T300,16,0.5,0.25,300,15.0,left,1.5965931859541282,1.7784959570916814,0.18190277113755315,0.18190277113755315,1e-10,"reference convergence resolution, not a rigorous error enclosure",converged multiprecision actual states
L16_gamma1p6_g0p25_T100,16,1.6,0.25,100,5.0,charge_density_wave,0.3772889599157062,0.28168099559902904,-0.09560796431667717,0.09560796431667717,1e-10,"reference convergence resolution, not a rigorous error enclosure",converged multiprecision actual states
L16_gamma1p6_g0p25_T100,16,1.6,0.25,100,5.0,left,0.7232225669391452,0.36191591894968744,-0.3613066479894578,0.3613066479894578,1e-10,"reference convergence resolution, not a rigorous error enclosure",converged multiprecision actual states
L16_gamma1p6_g0p25_T300,16,1.6,0.25,300,15.0,charge_density_wave,0.37751747588419854,0.2819237005406704,-0.09559377534352814,0.09559377534352814,1e-10,"reference convergence resolution, not a rigorous error enclosure",converged multiprecision actual states
L16_gamma1p6_g0p25_T300,16,1.6,0.25,300,15.0,left,0.3775113039387986,0.28191796864112273,-0.09559333529767589,0.09559333529767589,1e-10,"reference convergence resolution, not a rigorous error enclosure",converged multiprecision actual states
L16_gamma2p0_g0p25_T100,16,2.0,0.25,100,5.0,charge_density_wave,0.2549455287105752,0.1807880127258462,-0.074157515984729,0.074157515984729,1e-10,"reference convergence resolution, not a rigorous error enclosure",converged multiprecision actual states
L16_gamma2p0_g0p25_T100,16,2.0,0.25,100,5.0,left,0.2797372172621451,0.2930350812765565,0.013297864014411354,0.013297864014411354,1e-10,"reference convergence resolution, not a rigorous error enclosure",converged multiprecision actual states
L16_gamma2p0_g0p25_T150,16,2.0,0.25,150,7.5,charge_density_wave,0.25494569014835544,0.1807881461864646,-0.07415754396189084,0.07415754396189084,1e-10,"reference convergence resolution, not a rigorous error enclosure",converged multiprecision actual states
L16_gamma2p0_g0p25_T150,16,2.0,0.25,150,7.5,left,0.257534164943444,0.18084906075004764,-0.07668510419339636,0.07668510419339636,1e-10,"reference convergence resolution, not a rigorous error enclosure",converged multiprecision actual states
L16_gamma2p0_g0p25_T20,16,2.0,0.25,20,1.0,charge_density_wave,0.24159850871945998,0.17043106996877486,-0.07116743875068512,0.07116743875068512,1e-10,"reference convergence resolution, not a rigorous error enclosure",converged multiprecision actual states
L16_gamma2p0_g0p25_T20,16,2.0,0.25,20,1.0,left,0.10928727754964675,0.07520899100247014,-0.03407828654717661,0.03407828654717661,1e-10,"reference convergence resolution, not a rigorous error enclosure",converged multiprecision actual states
L16_gamma2p0_g0p25_T200,16,2.0,0.25,200,10.0,charge_density_wave,0.2549456903245745,0.18078814633422371,-0.07415754399035077,0.07415754399035077,1e-10,"reference convergence resolution, not a rigorous error enclosure",converged multiprecision actual states
L16_gamma2p0_g0p25_T200,16,2.0,0.25,200,10.0,left,0.2549450513517906,0.1807876763606432,-0.07415737499114738,0.07415737499114738,1e-10,"reference convergence resolution, not a rigorous error enclosure",converged multiprecision actual states
L16_gamma2p0_g0p25_T300,16,2.0,0.25,300,15.0,charge_density_wave,0.25494569032477626,0.18078814633439422,-0.07415754399038205,0.07415754399038205,1e-10,"reference convergence resolution, not a rigorous error enclosure",converged multiprecision actual states
L16_gamma2p0_g0p25_T300,16,2.0,0.25,300,15.0,left,0.25494569032293374,0.18078814633297777,-0.07415754398995597,0.07415754398995597,1e-10,"reference convergence resolution, not a rigorous error enclosure",converged multiprecision actual states
L16_gamma2p0_g0p25_T40,16,2.0,0.25,40,2.0,charge_density_wave,0.2542380846023896,0.1802250248503235,-0.07401305975206612,0.07401305975206612,1e-10,"reference convergence resolution, not a rigorous error enclosure",converged multiprecision actual states
L16_gamma2p0_g0p25_T40,16,2.0,0.25,40,2.0,left,0.6872775650469432,0.8508524889070487,0.16357492386010553,0.16357492386010553,1e-10,"reference convergence resolution, not a rigorous error enclosure",converged multiprecision actual states
L16_gamma2p0_g0p25_T60,16,2.0,0.25,60,3.0,charge_density_wave,0.2549043545080791,0.18075469549836495,-0.07414965900971413,0.07414965900971413,1e-10,"reference convergence resolution, not a rigorous error enclosure",converged multiprecision actual states
L16_gamma2p0_g0p25_T60,16,2.0,0.25,60,3.0,left,0.27930064987958264,0.2183352992059079,-0.06096535067367473,0.06096535067367473,1e-10,"reference convergence resolution, not a rigorous error enclosure",converged multiprecision actual states
L16_gamma2p0_g0p25_T80,16,2.0,0.25,80,4.0,charge_density_wave,0.25494314580660593,0.18078606176620426,-0.07415708404040167,0.07415708404040167,1e-10,"reference convergence resolution, not a rigorous error enclosure",converged multiprecision actual states
L16_gamma2p0_g0p25_T80,16,2.0,0.25,80,4.0,left,0.8957291202393506,0.6005796336962276,-0.295149486543123,0.295149486543123,1e-10,"reference convergence resolution, not a rigorous error enclosure",converged multiprecision actual states
L32_gamma0p5_g0p05_T300,32,0.5,0.05,300,15.0,charge_density_wave,6.118452055669697,5.5643931188324025,-0.5540589368372943,0.5540589368372943,1e-10,"reference convergence resolution, not a rigorous error enclosure",converged multiprecision actual states
L32_gamma0p5_g0p05_T300,32,0.5,0.05,300,15.0,left,1.5209155739399487,1.4797294963449215,-0.04118607759502724,0.04118607759502724,1e-10,"reference convergence resolution, not a rigorous error enclosure",converged multiprecision actual states
L32_gamma0p5_g0p25_T100,32,0.5,0.25,100,5.0,charge_density_wave,3.101677265161056,1.386126864028978,-1.715550401132078,1.715550401132078,1e-10,"reference convergence resolution, not a rigorous error enclosure",converged multiprecision actual states
L32_gamma0p5_g0p25_T100,32,0.5,0.25,100,5.0,left,1.464281092173685,1.234822091032352,-0.2294590011413331,0.2294590011413331,1e-10,"reference convergence resolution, not a rigorous error enclosure",converged multiprecision actual states
L32_gamma0p5_g0p25_T300,32,0.5,0.25,300,15.0,charge_density_wave,6.118452055669697,2.300841330027086,-3.817610725642611,3.817610725642611,1e-10,"reference convergence resolution, not a rigorous error enclosure",converged multiprecision actual states
L32_gamma0p5_g0p25_T300,32,0.5,0.25,300,15.0,left,1.5209155739399487,1.4330671951863854,-0.08784837875356333,0.08784837875356333,1e-10,"reference convergence resolution, not a rigorous error enclosure",converged multiprecision actual states
L32_gamma1p6_g0p25_T100,32,1.6,0.25,100,5.0,charge_density_wave,0.3773049603939562,0.2817102444766972,-0.09559471591725904,0.09559471591725904,1e-10,"reference convergence resolution, not a rigorous error enclosure",converged multiprecision actual states
L32_gamma1p6_g0p25_T100,32,1.6,0.25,100,5.0,left,0.7141148688115008,0.3772936570293292,-0.33682121178217156,0.33682121178217156,1e-10,"reference convergence resolution, not a rigorous error enclosure",converged multiprecision actual states
L32_gamma1p6_g0p25_T300,32,1.6,0.25,300,15.0,charge_density_wave,0.37754437281397846,0.2819702668455078,-0.09557410596847066,0.09557410596847066,1e-10,"reference convergence resolution, not a rigorous error enclosure",converged multiprecision actual states
L32_gamma1p6_g0p25_T300,32,1.6,0.25,300,15.0,left,0.4306078881428969,0.8279350945882028,0.3973272064453059,0.3973272064453059,1e-10,"reference convergence resolution, not a rigorous error enclosure",converged multiprecision actual states
L32_gamma2p0_g0p25_T100,32,2.0,0.25,100,5.0,charge_density_wave,0.2549455419019481,0.1807880268565811,-0.07415751504536702,0.07415751504536702,1e-10,"reference convergence resolution, not a rigorous error enclosure",converged multiprecision actual states
L32_gamma2p0_g0p25_T100,32,2.0,0.25,100,5.0,left,0.2834149074626551,0.36370416233687475,0.08028925487421967,0.08028925487421967,1e-10,"reference convergence resolution, not a rigorous error enclosure",converged multiprecision actual states
L32_gamma2p0_g0p25_T150,32,2.0,0.25,150,7.5,charge_density_wave,0.2549457035736469,0.18078816053876198,-0.07415754303488489,0.07415754303488489,1e-10,"reference convergence resolution, not a rigorous error enclosure",converged multiprecision actual states
L32_gamma2p0_g0p25_T150,32,2.0,0.25,150,7.5,left,0.5518625398339763,0.5630259088220128,0.011163368988036493,0.011163368988036493,1e-10,"reference convergence resolution, not a rigorous error enclosure",converged multiprecision actual states
L32_gamma2p0_g0p25_T20,32,2.0,0.25,20,1.0,charge_density_wave,0.24159850871558336,0.17043106994737392,-0.07116743876820944,0.07116743876820944,1e-10,"reference convergence resolution, not a rigorous error enclosure",converged multiprecision actual states
L32_gamma2p0_g0p25_T20,32,2.0,0.25,20,1.0,left,0.10928727754965556,0.0752089910026615,-0.03407828654699406,0.03407828654699406,1e-10,"reference convergence resolution, not a rigorous error enclosure",converged multiprecision actual states
L32_gamma2p0_g0p25_T200,32,2.0,0.25,200,10.0,charge_density_wave,0.25494570375142195,0.18078816068794093,-0.07415754306348102,0.07415754306348102,1e-10,"reference convergence resolution, not a rigorous error enclosure",converged multiprecision actual states
L32_gamma2p0_g0p25_T200,32,2.0,0.25,200,10.0,left,0.7127973944805442,0.2311261145387909,-0.48167127994175335,0.48167127994175335,1e-10,"reference convergence resolution, not a rigorous error enclosure",converged multiprecision actual states
L32_gamma2p0_g0p25_T300,32,2.0,0.25,300,15.0,charge_density_wave,0.25494570375162934,0.18078816068811643,-0.07415754306351291,0.07415754306351291,1e-10,"reference convergence resolution, not a rigorous error enclosure",converged multiprecision actual states
L32_gamma2p0_g0p25_T300,32,2.0,0.25,300,15.0,left,0.3582101147736166,0.18134338699708427,-0.1768667277765323,0.1768667277765323,1e-10,"reference convergence resolution, not a rigorous error enclosure",converged multiprecision actual states
L32_gamma2p0_g0p25_T40,32,2.0,0.25,40,2.0,charge_density_wave,0.2542380865531027,0.1802250269532917,-0.074013059599811,0.074013059599811,1e-10,"reference convergence resolution, not a rigorous error enclosure",converged multiprecision actual states
L32_gamma2p0_g0p25_T40,32,2.0,0.25,40,2.0,left,0.6872775947151203,0.8508525118598871,0.1635749171447668,0.1635749171447668,1e-10,"reference convergence resolution, not a rigorous error enclosure",converged multiprecision actual states
L32_gamma2p0_g0p25_T60,32,2.0,0.25,60,3.0,charge_density_wave,0.25490436293712004,0.18075470476484307,-0.07414965817227698,0.07414965817227698,1e-10,"reference convergence resolution, not a rigorous error enclosure",converged multiprecision actual states
L32_gamma2p0_g0p25_T60,32,2.0,0.25,60,3.0,left,0.27930421461513827,0.21839970981074197,-0.0609045048043963,0.0609045048043963,1e-10,"reference convergence resolution, not a rigorous error enclosure",converged multiprecision actual states
L32_gamma2p0_g0p25_T80,32,2.0,0.25,80,4.0,charge_density_wave,0.2549431579590153,0.18078607487780987,-0.07415708308120542,0.07415708308120542,1e-10,"reference convergence resolution, not a rigorous error enclosure",converged multiprecision actual states
L32_gamma2p0_g0p25_T80,32,2.0,0.25,80,4.0,left,0.8969176456057093,0.5968758911016195,-0.30004175450408976,0.30004175450408976,1e-10,"reference convergence resolution, not a rigorous error enclosure",converged multiprecision actual states
