family_key,physical_time,initial_a,initial_b,pair_distance,absolute_entropy_difference
ssh_L8_g0p0,0.5,charge_density_wave,left,0.9999999990026486,0.2938522946847325
ssh_L8_g0p0,0.5,charge_density_wave,right,0.9999999999994389,0.0012119097879949158
ssh_L8_g0p0,0.5,left,right,0.9999999999999958,0.29264038489673755
ssh_L8_g0p0,1.0,charge_density_wave,left,0.9999932977866975,0.13231108515909146
ssh_L8_g0p0,1.0,charge_density_wave,right,0.9999999999931566,0.10606884060210414
ssh_L8_g0p0,1.0,left,right,0.9999999996532896,0.2383799257611956
ssh_L8_g0p0,2.0,charge_density_wave,left,0.9212698447091883,0.4217841501288994
ssh_L8_g0p0,2.0,charge_density_wave,right,0.9999459688746528,0.10056925151640358
ssh_L8_g0p0,2.0,left,right,0.9999427993330228,0.3212148986124958
ssh_L8_g0p0,3.0,charge_density_wave,left,0.08574715997320335,0.025879555858250455
ssh_L8_g0p0,3.0,charge_density_wave,right,0.8417928056376773,0.5978903418987818
ssh_L8_g0p0,3.0,left,right,0.8416136872242898,0.5720107860405313
ssh_L8_g0p0,4.0,charge_density_wave,left,0.003955017698230811,0.0009749766602380266
ssh_L8_g0p0,4.0,charge_density_wave,right,0.04496227683055158,0.011428249954093148
ssh_L8_g0p0,4.0,left,right,0.044847334191312996,0.012403226614331176
ssh_L8_g0p0,6.0,charge_density_wave,left,1.0345083009393913e-05,4.955457096078848e-06
ssh_L8_g0p0,6.0,charge_density_wave,right,7.512795662347773e-05,1.746469656877224e-05
ssh_L8_g0p0,6.0,left,right,7.280243965736197e-05,1.2509239472693393e-05
ssh_L8_g0p0,8.0,charge_density_wave,left,3.1489516267938025e-08,1.8592610130799845e-08
ssh_L8_g0p0,8.0,charge_density_wave,right,1.9901882993469888e-07,7.840179620918423e-08
ssh_L8_g0p0,8.0,left,right,1.8266273732465706e-07,5.980918607838438e-08
ssh_L8_g0p15,0.5,charge_density_wave,left,0.9999999998509775,0.2643803389251291
ssh_L8_g0p15,0.5,charge_density_wave,right,0.9999999999973636,0.0009266800934700915
ssh_L8_g0p15,0.5,left,right,0.9999999999999997,0.263453658831659
ssh_L8_g0p15,1.0,charge_density_wave,left,0.9999758126054273,0.10944020686993618
ssh_L8_g0p15,1.0,charge_density_wave,right,0.9999999997702963,0.08425440729667809
ssh_L8_g0p15,1.0,left,right,0.9999999998986182,0.19369461416661427
ssh_L8_g0p15,2.0,charge_density_wave,left,0.8382790961966033,0.600062652102522
ssh_L8_g0p15,2.0,charge_density_wave,right,0.9999787414742721,0.1335745317684531
ssh_L8_g0p15,2.0,left,right,0.9999770241336128,0.4664881203340689
ssh_L8_g0p15,3.0,charge_density_wave,left,0.05821602899812061,0.008114045958604202
ssh_L8_g0p15,3.0,charge_density_wave,right,0.9216567936244949,0.42306013376269386
ssh_L8_g0p15,3.0,left,right,0.921556815584533,0.41494608780408965
ssh_L8_g0p15,4.0,charge_density_wave,left,0.002787175624950928,0.0008753049423905235
ssh_L8_g0p15,4.0,charge_density_wave,right,0.06506251324912152,0.02394006225904426
ssh_L8_g0p15,4.0,left,right,0.06497428496396396,0.024815367201434783
ssh_L8_g0p15,6.0,charge_density_wave,left,7.916594725987545e-06,4.252320008599242e-06
ssh_L8_g0p15,6.0,charge_density_wave,right,9.527379739093518e-05,1.805527391581802e-05
ssh_L8_g0p15,6.0,left,right,9.337765533983875e-05,1.3802953907218775e-05
ssh_L8_g0p15,8.0,charge_density_wave,left,2.5830382727845548e-08,1.6111307060900157e-08
ssh_L8_g0p15,8.0,charge_density_wave,right,2.2842187617460182e-07,7.53778009371508e-08
ssh_L8_g0p15,8.0,left,right,2.1446381404114155e-07,5.9266493876250645e-08
ssh_L12_g0p0,0.5,charge_density_wave,left,0.9999999999999991,0.29385230628752645
ssh_L12_g0p0,0.5,charge_density_wave,right,1.0,0.0012119203278347919
ssh_L12_g0p0,0.5,left,right,1.0,0.29264038595969166
ssh_L12_g0p0,1.0,charge_density_wave,left,0.999999999996763,0.13231123080163898
ssh_L12_g0p0,1.0,charge_density_wave,right,0.9999999999999902,0.10604998890511882
ssh_L12_g0p0,1.0,left,right,1.0,0.2383612197067578
ssh_L12_g0p0,2.0,charge_density_wave,left,0.9999999689347968,0.43300564730123914
ssh_L12_g0p0,2.0,charge_density_wave,right,0.9999999999998316,0.1008818976412613
ssh_L12_g0p0,2.0,left,right,0.9999999999941709,0.3321237496599778
ssh_L12_g0p0,3.0,charge_density_wave,left,0.9997745482518418,0.02400906299391988
ssh_L12_g0p0,3.0,charge_density_wave,right,0.9999997824883615,0.3202098101214739
ssh_L12_g0p0,3.0,left,right,0.9999997666629219,0.29620074712755406
ssh_L12_g0p0,4.0,charge_density_wave,left,0.8543110005398705,0.5821663310674189
ssh_L12_g0p0,4.0,charge_density_wave,right,0.9992206103593815,0.065604905717277
ssh_L12_g0p0,4.0,left,right,0.9992184643023566,0.5165614253501418
ssh_L12_g0p0,6.0,charge_density_wave,left,0.0038718131761005534,0.00010554063201614623
ssh_L12_g0p0,6.0,charge_density_wave,right,0.03057387493600277,0.00672604310296503
ssh_L12_g0p0,6.0,left,right,0.030560196594121642,0.006831583734981176
ssh_L12_g0p0,8.0,charge_density_wave,left,1.1625388828754316e-05,1.8652132181904365e-06
ssh_L12_g0p0,8.0,charge_density_wave,right,7.439739176944613e-05,5.731268917228174e-06
ssh_L12_g0p0,8.0,left,right,7.399089041535661e-05,3.8660556990377375e-06
ssh_L12_g0p15,0.5,charge_density_wave,left,0.9999999999999888,0.264380360458377
ssh_L12_g0p15,0.5,charge_density_wave,right,1.0,0.0009267055421683319
ssh_L12_g0p15,0.5,left,right,1.0,0.26345365491620865
ssh_L12_g0p15,1.0,charge_density_wave,left,0.9999999999990397,0.10943804928637733
ssh_L12_g0p15,1.0,charge_density_wave,right,0.9999999999999983,0.08424047129042257
ssh_L12_g0p15,1.0,left,right,1.0,0.1936785205767999
ssh_L12_g0p15,2.0,charge_density_wave,left,0.9999998056041209,0.6104240398150025
ssh_L12_g0p15,2.0,charge_density_wave,right,0.9999999999975255,0.1343410228762483
ssh_L12_g0p15,2.0,left,right,0.9999999999989813,0.4760830169387542
ssh_L12_g0p15,3.0,charge_density_wave,left,0.9990325825279914,0.019508793582438122
ssh_L12_g0p15,3.0,charge_density_wave,right,0.9999999544969688,0.173192764020452
ssh_L12_g0p15,3.0,left,right,0.9999999484783747,0.15368397043801388
ssh_L12_g0p15,4.0,charge_density_wave,left,0.6409954782542081,0.6713721211580175
ssh_L12_g0p15,4.0,charge_density_wave,right,0.9998096614906796,0.11847538987311412
ssh_L12_g0p15,4.0,left,right,0.9998089200676115,0.5528967312849034
ssh_L12_g0p15,6.0,charge_density_wave,left,0.0021503561009386086,0.00017266443821638573
ssh_L12_g0p15,6.0,charge_density_wave,right,0.054337824167649804,0.01930382219113111
ssh_L12_g0p15,6.0,left,right,0.05432827015436786,0.019476486629347495
ssh_L12_g0p15,8.0,charge_density_wave,left,7.062488996960177e-06,1.5709650060001228e-06
ssh_L12_g0p15,8.0,charge_density_wave,right,0.00011762258255206099,6.444465660385026e-06
ssh_L12_g0p15,8.0,left,right,0.00011732040535122619,4.873500654384903e-06
ssh_L16_g0p0,0.5,charge_density_wave,left,1.0,0.293852306293541
ssh_L16_g0p0,0.5,charge_density_wave,right,1.0,0.0012119203338390163
ssh_L16_g0p0,0.5,left,right,1.0,0.29264038595970193
ssh_L16_g0p0,1.0,charge_density_wave,left,1.0,0.13231123116981322
ssh_L16_g0p0,1.0,charge_density_wave,right,1.0,0.10604998582638084
ssh_L16_g0p0,1.0,left,right,1.0,0.23836121699619406
ssh_L16_g0p0,2.0,charge_density_wave,left,0.9999999999999325,0.4330394804445536
ssh_L16_g0p0,2.0,charge_density_wave,right,0.9999999999999933,0.1008809362292395
ssh_L16_g0p0,2.0,left,right,1.0,0.3321585442153141
ssh_L16_g0p0,3.0,charge_density_wave,left,0.9999999998989461,0.024396295371503517
ssh_L16_g0p0,3.0,charge_density_wave,right,0.9999999999999964,0.31174538611035996
ssh_L16_g0p0,3.0,left,right,0.9999999999999577,0.28734909073885645
ssh_L16_g0p0,4.0,charge_density_wave,left,0.9999994383424478,0.6407859744327447
ssh_L16_g0p0,4.0,charge_density_wave,right,0.9999999991680177,0.06649102119625513
ssh_L16_g0p0,4.0,left,right,0.9999999990954804,0.5742949532364895
ssh_L16_g0p0,6.0,charge_density_wave,left,0.8279906832722207,0.6222727874152105
ssh_L16_g0p0,6.0,charge_density_wave,right,0.9972582567641832,0.05300530233918223
ssh_L16_g0p0,6.0,left,right,0.9972576872571963,0.5692674850760283
ssh_L16_g0p0,8.0,charge_density_wave,left,0.004155466203506284,0.00012929722662035714
ssh_L16_g0p0,8.0,charge_density_wave,right,0.027752859228911898,0.0061019050692632144
ssh_L16_g0p0,8.0,left,right,0.027751504158422792,0.005972607842642857
ssh_L16_g0p15,0.5,charge_density_wave,left,1.0,0.2643803604759849
ssh_L16_g0p15,0.5,charge_density_wave,right,1.0,0.0009267055598384605
ssh_L16_g0p15,0.5,left,right,1.0,0.2634536549161464
ssh_L16_g0p15,1.0,charge_density_wave,left,1.0,0.10943804749067919
ssh_L16_g0p15,1.0,charge_density_wave,right,1.0,0.08424047078385982
ssh_L16_g0p15,1.0,left,right,1.0,0.19367851827453902
ssh_L16_g0p15,2.0,charge_density_wave,left,0.9999999999999948,0.61046488190038
ssh_L16_g0p15,2.0,charge_density_wave,right,0.9999999999999999,0.13434150984636564
ssh_L16_g0p15,2.0,left,right,1.0,0.47612337205401434
ssh_L16_g0p15,3.0,charge_density_wave,left,0.9999999988553242,0.021372234534642248
ssh_L16_g0p15,3.0,charge_density_wave,right,0.9999999999999791,0.16863918422162355
ssh_L16_g0p15,3.0,left,right,0.9999999999999959,0.1472669496869813
ssh_L16_g0p15,4.0,charge_density_wave,left,0.9999956553596674,0.6177774865960667
ssh_L16_g0p15,4.0,charge_density_wave,right,0.9999999999092648,0.13205456734944837
ssh_L16_g0p15,4.0,left,right,0.9999999998894078,0.48572291924661837
ssh_L16_g0p15,6.0,charge_density_wave,left,0.5081279766772713,0.5689923592778428
ssh_L16_g0p15,6.0,charge_density_wave,right,0.9995615085355133,0.07665431167444026
ssh_L16_g0p15,6.0,left,right,0.9995613695267815,0.4923380476034025
ssh_L16_g0p15,8.0,charge_density_wave,left,0.001818535726935003,1.672319986370323e-05
ssh_L16_g0p15,8.0,charge_density_wave,right,0.061082231286226696,0.0243600281593909
ssh_L16_g0p15,8.0,left,right,0.06108138056666422,0.024376751359254604
complex_L8_g0p0,0.5,charge_density_wave,left,0.9999996259230397,0.2894257462812596
complex_L8_g0p0,0.5,charge_density_wave,right,0.9999999999948582,0.06676886624607696
complex_L8_g0p0,0.5,left,right,0.9999999999925383,0.22265688003518266
complex_L8_g0p0,1.0,charge_density_wave,left,0.9999245986205749,0.1369129693148368
complex_L8_g0p0,1.0,charge_density_wave,right,0.9999999585559436,0.4686377492484442
complex_L8_g0p0,1.0,left,right,0.9999999583271588,0.605550718563281
complex_L8_g0p0,2.0,charge_density_wave,left,0.9096204931063895,0.39591905841852476
complex_L8_g0p0,2.0,charge_density_wave,right,0.9900149579482279,0.12155068164308022
complex_L8_g0p0,2.0,left,right,0.9900769426049034,0.2743683767754445
complex_L8_g0p0,3.0,charge_density_wave,left,0.08054706930947486,0.0482459068433316
complex_L8_g0p0,3.0,charge_density_wave,right,0.16090427505600657,0.07627727245506088
complex_L8_g0p0,3.0,left,right,0.16185071152057337,0.028031365611729295
complex_L8_g0p0,4.0,charge_density_wave,left,0.0031762045274459118,0.0011209576184143288
complex_L8_g0p0,4.0,charge_density_wave,right,0.007315514421628775,0.0019967387686147245
complex_L8_g0p0,4.0,left,right,0.007533594898712756,0.0031176963870290534
complex_L8_g0p0,6.0,charge_density_wave,left,5.6181232958539735e-06,2.4362699408728506e-06
complex_L8_g0p0,6.0,charge_density_wave,right,2.164054749201181e-05,1.1432976326883951e-05
complex_L8_g0p0,6.0,left,right,2.33441890508139e-05,1.3869246267756801e-05
complex_L8_g0p0,8.0,charge_density_wave,left,1.1514014929587707e-08,4.913945956815777e-09
complex_L8_g0p0,8.0,charge_density_wave,right,6.209254643346196e-08,2.4596020323264083e-08
complex_L8_g0p0,8.0,left,right,6.873041111677616e-08,2.950996628007986e-08
complex_L8_g0p15,0.5,charge_density_wave,left,0.9999993333642309,0.26076709719666
complex_L8_g0p15,0.5,charge_density_wave,right,0.9999999999957493,0.05595244299143578
complex_L8_g0p15,0.5,left,right,0.9999999999954173,0.20481465420522427
complex_L8_g0p15,1.0,charge_density_wave,left,0.9998385874866074,0.11103774223323594
complex_L8_g0p15,1.0,charge_density_wave,right,0.9999999763415582,0.44275111150625845
complex_L8_g0p15,1.0,left,right,0.9999999770175293,0.5537888537394944
complex_L8_g0p15,2.0,charge_density_wave,left,0.8261279201640738,0.5666494567519047
complex_L8_g0p15,2.0,charge_density_wave,right,0.9952113950958894,0.0815355316645403
complex_L8_g0p15,2.0,left,right,0.9952189636644343,0.48511392508736445
complex_L8_g0p15,3.0,charge_density_wave,left,0.055706010592558676,0.02970368379195132
complex_L8_g0p15,3.0,charge_density_wave,right,0.20744306840755783,0.13849945175114403
complex_L8_g0p15,3.0,left,right,0.2076490135651686,0.10879576795919271
complex_L8_g0p15,4.0,charge_density_wave,left,0.0022720350686995816,0.0008709906180754098
complex_L8_g0p15,4.0,charge_density_wave,right,0.00831219123107815,0.0013290238588295402
complex_L8_g0p15,4.0,left,right,0.008385178722481295,0.00220001447690495
complex_L8_g0p15,6.0,charge_density_wave,left,4.253531713783974e-06,1.9535376449404533e-06
complex_L8_g0p15,6.0,charge_density_wave,right,1.990702090167766e-05,9.190452428932155e-06
complex_L8_g0p15,6.0,left,right,2.0852334111060487e-05,1.114399007387261e-05
complex_L8_g0p15,8.0,charge_density_wave,left,8.91989261263867e-09,3.91511236066897e-09
complex_L8_g0p15,8.0,charge_density_wave,right,4.961469665495247e-08,1.932647770068512e-08
complex_L8_g0p15,8.0,left,right,5.405382468542265e-08,2.324159006135409e-08
complex_L12_g0p0,0.5,charge_density_wave,left,0.999999999999935,0.290345992619975
complex_L12_g0p0,0.5,charge_density_wave,right,1.0,0.06656709650759836
complex_L12_g0p0,0.5,left,right,1.0,0.22377889611237667
complex_L12_g0p0,1.0,charge_density_wave,left,0.9999999999282972,0.13507975449663157
complex_L12_g0p0,1.0,charge_density_wave,right,0.999999999999993,0.4698401770913979
complex_L12_g0p0,1.0,left,right,0.9999999999999929,0.6049199315880295
complex_L12_g0p0,2.0,charge_density_wave,left,0.9999996449726726,0.42366260279677653
complex_L12_g0p0,2.0,charge_density_wave,right,0.9999999988910984,0.06657916614647201
complex_L12_g0p0,2.0,left,right,0.9999999989307874,0.3570834366503045
complex_L12_g0p0,3.0,charge_density_wave,left,0.9995811706427168,0.0454782993739034
complex_L12_g0p0,3.0,charge_density_wave,right,0.9997937616733577,0.1975674297250416
complex_L12_g0p0,3.0,left,right,0.9997960152050746,0.1520891303511382
complex_L12_g0p0,4.0,charge_density_wave,left,0.7802899416657504,0.6639115768948455
complex_L12_g0p0,4.0,charge_density_wave,right,0.7461222961219521,0.6379498201985342
complex_L12_g0p0,4.0,left,right,0.7809282530632508,0.025961756696311334
complex_L12_g0p0,6.0,charge_density_wave,left,0.0018864649474910897,4.4852584042933404e-05
complex_L12_g0p0,6.0,charge_density_wave,right,0.002674504202559191,0.0006077545034571063
complex_L12_g0p0,6.0,left,right,0.0027250637634779543,0.0005629019194141729
complex_L12_g0p0,8.0,charge_density_wave,left,3.089583137106173e-06,1.8180164047260007e-07
complex_L12_g0p0,8.0,charge_density_wave,right,8.884576516799505e-06,4.365625137188999e-06
complex_L12_g0p0,8.0,left,right,9.208613405571512e-06,4.183823496716399e-06
complex_L12_g0p15,0.5,charge_density_wave,left,0.9999999999999808,0.26165175567659676
complex_L12_g0p15,0.5,charge_density_wave,right,1.0,0.05577528938858919
complex_L12_g0p15,0.5,left,right,1.0,0.20587646628800754
complex_L12_g0p15,1.0,charge_density_wave,left,0.9999999998656747,0.10949890268166944
complex_L12_g0p15,1.0,charge_density_wave,right,0.9999999999999971,0.4441566071050112
complex_L12_g0p15,1.0,left,right,0.9999999999999977,0.5536555097866807
complex_L12_g0p15,2.0,charge_density_wave,left,0.9999985414030371,0.5969535721467857
complex_L12_g0p15,2.0,charge_density_wave,right,0.9999999996606603,0.044414870024126515
complex_L12_g0p15,2.0,left,right,0.9999999996621729,0.5525387021226591
complex_L12_g0p15,3.0,charge_density_wave,left,0.9983929701013539,0.04803220212138482
complex_L12_g0p15,3.0,charge_density_wave,right,0.9999374318293788,0.35869798167878614
complex_L12_g0p15,3.0,left,right,0.99993747783261,0.3106657795574013
complex_L12_g0p15,4.0,charge_density_wave,left,0.5515638212043419,0.5997141730539972
complex_L12_g0p15,4.0,charge_density_wave,right,0.8744171829814864,0.5325931445074082
complex_L12_g0p15,4.0,left,right,0.8744283120122817,0.06712102854658898
complex_L12_g0p15,6.0,charge_density_wave,left,0.0010759708855688675,7.182217022025436e-05
complex_L12_g0p15,6.0,charge_density_wave,right,0.003316719236330516,0.00042189063175973097
complex_L12_g0p15,6.0,left,right,0.0033211733248937696,0.0003500684615394766
complex_L12_g0p15,8.0,charge_density_wave,left,1.852670365425641e-06,1.8247077701459107e-07
complex_L12_g0p15,8.0,charge_density_wave,right,8.560431698730013e-06,3.553981424200519e-06
complex_L12_g0p15,8.0,left,right,8.627071521304028e-06,3.371510647185928e-06
complex_L16_g0p0,0.5,charge_density_wave,left,1.0,0.2899635365703266
complex_L16_g0p0,0.5,charge_density_wave,right,1.0,0.06689461501713656
complex_L16_g0p0,0.5,left,right,1.0,0.22306892155319005
complex_L16_g0p0,1.0,charge_density_wave,left,0.9999999999999504,0.13566352530640674
complex_L16_g0p0,1.0,charge_density_wave,right,1.0,0.4698561716213986
complex_L16_g0p0,1.0,left,right,1.0,0.6055196969278054
complex_L16_g0p0,2.0,charge_density_wave,left,0.9999999999826038,0.39912904516486886
complex_L16_g0p0,2.0,charge_density_wave,right,0.999999999999982,0.06855381818043474
complex_L16_g0p0,2.0,left,right,0.9999999999999808,0.3305752269844341
complex_L16_g0p0,3.0,charge_density_wave,left,0.9999999990476877,0.05286717684229793
complex_L16_g0p0,3.0,charge_density_wave,right,0.9999999971278106,0.21705899107958565
complex_L16_g0p0,3.0,left,right,0.9999999989611923,0.16419181423728774
complex_L16_g0p0,4.0,charge_density_wave,left,0.9999990622432755,0.6841048606084651
complex_L16_g0p0,4.0,charge_density_wave,right,0.9999776269053396,0.6524286336978281
complex_L16_g0p0,4.0,left,right,0.9999990647068521,0.031676226910636957
complex_L16_g0p0,6.0,charge_density_wave,left,0.689827013605048,0.6887748593463949
complex_L16_g0p0,6.0,charge_density_wave,right,0.19369617144279117,0.1461215812890417
complex_L16_g0p0,6.0,left,right,0.6898374891279778,0.5426532780573533
complex_L16_g0p0,8.0,charge_density_wave,left,0.0014005622140604598,1.0597971269375612e-05
complex_L16_g0p0,8.0,charge_density_wave,right,0.0006562136753828021,4.8673176706559236e-05
complex_L16_g0p0,8.0,left,right,0.001405650536449917,5.927114797593485e-05
complex_L16_g0p15,0.5,charge_density_wave,left,1.0,0.261277288670505
complex_L16_g0p15,0.5,charge_density_wave,right,1.0,0.056059216344782864
complex_L16_g0p15,0.5,left,right,1.0,0.20521807232572212
complex_L16_g0p15,1.0,charge_density_wave,left,0.9999999999999901,0.1100162603500992
complex_L16_g0p15,1.0,charge_density_wave,right,1.0,0.4444197553836459
complex_L16_g0p15,1.0,left,right,1.0,0.5544360157337451
complex_L16_g0p15,2.0,charge_density_wave,left,0.999999999995282,0.579705501526693
complex_L16_g0p15,2.0,charge_density_wave,right,0.9999999999999971,0.04572344976249177
complex_L16_g0p15,2.0,left,right,0.9999999999999971,0.5339820517642012
complex_L16_g0p15,3.0,charge_density_wave,left,0.9999999923400863,0.060479999483514756
complex_L16_g0p15,3.0,charge_density_wave,right,0.9999999995461061,0.3842469813684718
complex_L16_g0p15,3.0,left,right,0.9999999995468968,0.323766981884957
complex_L16_g0p15,4.0,charge_density_wave,left,0.9999938389845778,0.515381160612899
complex_L16_g0p15,4.0,charge_density_wave,right,0.9999957225367746,0.4212330523360284
complex_L16_g0p15,4.0,left,right,0.9999957463876028,0.09414810827687052
complex_L16_g0p15,6.0,charge_density_wave,left,0.3823182167726572,0.41140122059101575
complex_L16_g0p15,6.0,charge_density_wave,right,0.3287432593726591,0.3297997251572761
complex_L16_g0p15,6.0,left,right,0.3823523855283591,0.08160149543373961
complex_L16_g0p15,8.0,charge_density_wave,left,0.0006727450654874357,6.41357727909161e-06
complex_L16_g0p15,8.0,charge_density_wave,right,0.0009182643761107023,2.6480682900151806e-05
complex_L16_g0p15,8.0,left,right,0.0009213267652741314,2.0067105621060197e-05
